"chr","start_infant","end_infant","value_infant","p_infant","start_adol","end_adol","value_adol","p_adol","direction_matched","combined_p","rank","genes"
"chr12",739953,740338,0.685942804323677,1.63896322166531e-05,739953,740338,0.4937805149726,0.000245578256714697,TRUE,8.18300203433971e-08,1,"NINJ2; LOC100049716;NINJ2;NINJ2"
"chr2",30669597,30669863,0.769271674094332,2.01145486295288e-05,30669597,30669863,0.545559005786985,0.000283324822811077,TRUE,1.13882043623213e-07,2,"LCLAT1;LCLAT1; LCLAT1;LCLAT1;LCLAT1;LCLAT1"
"chr8",11666017,11666810,-0.331599802007862,0.000156446489340779,11666281,11666594,-0.461489435005792,0.000180612055305787,TRUE,5.19402782455735e-07,3,"FDFT1; FDFT1;FDFT1;FDFT1;FDFT1;FDFT1;FDFT1;FDFT1;FDFT1;FDFT1;FDFT1;FDFT1; FDFT1;FDFT1;FDFT1;FDFT1;FDFT1;FDFT1;FDFT1;FDFT1;FDFT1;FDFT1;FDFT1;FDFT1"
"chr17",180404,181288,0.445629079463344,0.000309168062268683,180404,181288,0.685563883685657,0.000117713643872277,TRUE,6.59769796110837e-07,4,"RPH3AL; RPH3AL;RPH3AL;RPH3AL;RPH3AL;LOC100506388;LOC100506388; LOC100506388;LOC100506388;LOC100506388;RPH3AL;RPH3AL;RPH3AL;RPH3AL"
"chr17",33759512,33759573,-0.310297522995069,0.00484686123643385,33759512,33760971,-0.530564515739008,8.9478911662734e-06,TRUE,7.78629417130366e-07,5,"SLFN12; SLFN12;SLFN12"
"chr17",33759957,33759986,-0.236441410802389,0.00552405104029466,33759512,33760971,-0.530564515739008,8.9478911662734e-06,TRUE,8.80953046196412e-07,6,"SLFN12"
"chr15",81426347,81426669,-0.235293711695834,0.000326302677767911,81426347,81426669,-0.334968382664261,0.00017737878370789,TRUE,1.02243026414844e-06,7,"C15orf26; C15orf26;C15orf26"
"chr12",122356390,122356598,-0.505212396748919,0.000181775920948334,122356390,122356781,-0.453053512191186,0.000330357645706069,TRUE,1.05858441545542e-06,8,"WDR66; WDR66;WDR66"
"chr4",99064102,99064573,-0.242845303249994,0.00147879181591165,99064102,99064904,-0.52197029708516,4.31604162137893e-05,TRUE,1.12122596733838e-06,9,"C4orf37; STPG2"
"chr7",872130,872208,0.349593702139369,0.00301122242816871,872130,872293,1.0745128632342,2.35728057195522e-05,TRUE,1.23942113375355e-06,10,"SUN1;SUN1;SUN1;SUN1;SUN1;SUN1;SUN1;SUN1; UNC84A;UNC84A"
"chr1",248100345,248100614,-0.268029377487243,0.00118526840257705,248100345,248101009,-0.583255176757273,7.64330367270329e-05,TRUE,1.55974037257218e-06,11,"OR2L13;OR2L13; OR2L13"
"chr11",45407537,45407537,-0.406068076671423,0.00979504019929793,45407537,45407537,-2.15566518438035,9.28625679861147e-06,TRUE,1.56566845152003e-06,12,"LOC399886"
"chr4",124232,124344,-0.304297850370787,0.000788192312964497,124232,125504,-0.397102628611807,0.000120232588024127,TRUE,1.62731451976788e-06,13,"ZNF718; ZNF718;ZNF718;ZNF718;ZNF718;ZNF718;ZNF718"
"chr11",74988026,74988026,-0.822030743095443,0.000519253347954872,74988026,74988026,-1.25610107724508,0.000196590432388418,TRUE,1.74531758700915e-06,14,"ARRB1;ARRB1"
"chr1",2084319,2084595,0.358074356029253,0.000740513382879688,2084319,2084595,0.577496969543341,0.000229599879632066,TRUE,2.82020900735363e-06,15,"PRKCZ;PRKCZ;PRKCZ"
"chr10",135341870,135342560,0.298098758451265,0.00140652843750186,135341025,135341933,0.46523554786957,0.000174822243374669,TRUE,3.98797522940501e-06,16,"CYP2E1"
"chr19",13875014,13875289,-0.343780629906196,0.00155478011073432,13875014,13875111,-0.829537158433218,0.00016771656509557,TRUE,4.21383042255615e-06,17,"MRI1;MRI1"
"chr5",176797920,176798049,0.523620034794635,0.000259254182336148,176797640,176798049,0.370302085877607,0.00109517676333422,TRUE,4.56403088650237e-06,18,"RGS14"
"chr4",69435250,69435601,0.25478019794883,0.00442147578208345,69435250,69435601,0.871441303829577,6.63948563010035e-05,TRUE,4.7090987848209e-06,19,"UGT2B15;UGT2B17; UGT2B17"
"chr6",35697810,35697810,-0.841463190649563,0.000473064384435213,35697810,35697810,-0.931633538938898,0.000746509777300523,TRUE,5.59963633207837e-06,20,"FKBP5;LOC285847"
"chr5",77146796,77147141,-0.364295912558378,0.00121879265029293,77146318,77147141,-0.537435451198209,0.000299453584619192,TRUE,5.77511189196315e-06,21,""
"chr16",1584452,1584516,0.161661704883062,0.0447973347478083,1583391,1584516,0.620277401264592,8.30875608296815e-06,TRUE,5.88233712517543e-06,22,"IFT140;TMEM204"
"chr4",99064746,99064904,-0.187950705966325,0.00934432531333997,99064102,99064904,-0.52197029708516,4.31604162137893e-05,TRUE,6.34139505763819e-06,23,"C4orf37"
"chr12",131519883,131520095,-0.391454943275633,0.000306188129138382,131519883,131520095,-0.249927033534084,0.00160464261709124,TRUE,7.62835455636298e-06,24,"ADGRD1; GPR133"
"chr13",44261002,44261002,1.0299036849496,0.000172836121557432,44261002,44261002,0.646068528465388,0.00351291199493384,TRUE,9.2983083054197e-06,25,"ENOX1;ENOX1"
"chr13",49684335,49684532,-0.236490929576004,0.00156967977638582,49684532,49684532,-1.07332320618893,0.000403820584104801,TRUE,9.68008201989945e-06,26,"FNDC3A;FNDC3A; FNDC3A;FNDC3A;FNDC3A;FNDC3A; FNDC3A;FNDC3A;FNDC3A;FNDC3A;FNDC3A"
"chr2",110969641,110970355,-0.241748735107334,0.0014951814481283,110969641,110970429,-0.328483139375158,0.000476569195057486,TRUE,1.07983839583586e-05,27,"NCRNA00116; LINC00116"
"chr3",32497762,32497762,0.467991034821911,0.00542571324699474,32497762,32497762,1.36245919926747,0.000134218367494101,TRUE,1.10200542044984e-05,28,""
"chr5",77142469,77142620,-0.293325837584723,0.00608278850222601,77142469,77142620,-0.875869456105055,0.000129932402817819,TRUE,1.18954104685835e-05,29,""
"chr2",220313422,220313600,-0.446000236812526,0.00105564131140897,220312854,220313657,-0.326614834103211,0.00088054016388777,TRUE,1.38394515636949e-05,30,"SPEG"
"chr13",50194322,50194643,0.519139261712306,0.000531918063758649,50194322,50194643,0.467407666809091,0.0020466233252875,TRUE,1.60362440079982e-05,31,""
"chr2",25149622,25150051,0.293793039635734,0.00273334366376819,25149622,25150051,0.570742542934409,0.000404798084820444,TRUE,1.62807281071863e-05,32,""
"chr4",1366463,1366597,0.298893750427058,0.00563430856611578,1366463,1366662,0.674407318695474,0.000206027073912514,TRUE,1.70250332335246e-05,33,"KIAA1530"
"chr7",39170497,39171113,-0.271793390389966,0.00064068562301462,39170497,39170763,-0.389217732380397,0.00182724960698832,TRUE,1.71599119996881e-05,34,"POU6F2;POU6F2"
"chr1",101003634,101003924,-0.563703564108865,0.000181775920948334,101003688,101003688,-0.563315060590234,0.00649955264303787,TRUE,1.73069530953515e-05,35,"GPR88; GPR88;GPR88"
"chr17",68202566,68202566,-0.677312905232746,0.00121283278403233,68202566,68202566,-0.870834496493237,0.000994080631627878,TRUE,1.76368898291749e-05,36,""
"chr17",5673550,5674234,0.176957128339209,0.0101682768238681,5673550,5674234,0.721798144965944,0.000153730785625596,TRUE,2.24609649343662e-05,37,"; LOC339166"
"chr5",13664584,13664584,-0.332920421922283,0.0241359683888694,13664584,13664584,-1.56515435111372,6.69587990215669e-05,TRUE,2.31677991352657e-05,38,""
"chr7",766100,766119,-0.346794598478696,0.00311403012116408,766100,766119,-0.640332669133482,0.000519616822727162,TRUE,2.31942952685144e-05,39,"PRKAR1B;PRKAR1B;PRKAR1B;HEATR2"
"chr17",77916733,77916768,0.305343797235152,0.00515528431541996,77916733,77916768,0.678368155337531,0.000405249238996895,TRUE,2.94129549664166e-05,40,"TBC1D16"
"chr15",66947564,66947617,-0.409915376071956,0.000745728265857714,66947392,66947617,-0.257176518668986,0.00323210611627461,TRUE,3.3589010030199e-05,41,""
"chr9",100498418,100498418,-0.63918486424288,0.00152647074599646,100498418,100498418,-0.772145473139406,0.001653780826143,TRUE,3.50632912008531e-05,42,""
"chr6",44102572,44102572,0.276535434472886,0.0612048465632431,44102572,44102572,1.69918927760358,4.20701269540333e-05,TRUE,3.5713034379729e-05,43,"TMEM63B"
"chr10",135343193,135343248,0.240962391372863,0.0131653445696679,135342560,135343248,0.521658552390939,0.000201628320692119,TRUE,3.67363814976205e-05,44,"CYP2E1"
"chr20",430758,430758,-0.430167988590898,0.00769865724213149,430758,430758,-1.08919432282714,0.000377841622777511,TRUE,3.9990445623043e-05,45,"TBC1D20;TBC1D20"
"chr12",11639650,11639711,-0.209547466557013,0.00754742563576873,11639663,11639711,-0.6855405006641,0.000387090283394752,TRUE,4.01518298285286e-05,46,""
"chr10",135341443,135341463,0.220713706990605,0.0182342108243091,135341025,135341933,0.46523554786957,0.000174822243374669,TRUE,4.35324811602269e-05,47,"CYP2E1"
"chr17",48585264,48585465,0.215968499299313,0.00701178265559721,48585264,48585575,0.406638591899314,0.0004654407253717,TRUE,4.44912243762923e-05,48,"MYCBPAP"
"chr3",72397347,72397491,-0.432308040855687,0.00121506773388005,72397347,72397491,-0.439765356629339,0.00270872967541036,TRUE,4.48412955168356e-05,49,""
"chr17",41438330,41438402,-0.42004710660184,0.000678679770425952,41438402,41438402,-0.598262540780001,0.00493882236578784,TRUE,4.56056282408721e-05,50,""
"chr18",35069156,35069156,0.511640782019865,0.00377930019250368,35069156,35069156,0.887439560587706,0.000917083652180282,TRUE,4.7041492999667e-05,51,"CELF4;CELF4;CELF4;CELF4"
"chr12",130023552,130023552,-0.619516101891723,0.0017320861319872,130023552,130023552,-0.733925361892438,0.00204346524605234,TRUE,4.79650935335389e-05,52,"TMEM132D"
"chr14",97924890,97925164,-0.220514681993056,0.00176933529611596,97925055,97925289,-0.303696947249376,0.0020676771868552,TRUE,4.94562024059064e-05,53,"; LOC101929241;LOC101929241"
"chr4",125112,125504,-0.189780464324392,0.0308914767952607,124232,125504,-0.397102628611807,0.000120232588024127,TRUE,5.01536597523496e-05,54,"ZNF718"
"chr1",38156462,38156545,-0.415563829015715,0.00145420736758667,38156462,38156575,-0.356976125886642,0.00258315842963157,TRUE,5.06821346324816e-05,55,"C1orf109"
"chr20",61590751,61591066,-0.257169352202009,0.00429929852374113,61590751,61591066,-0.467512329047029,0.000883397473671958,TRUE,5.12008429016939e-05,56,"SLC17A9"
"chr11",93681423,93681423,0.699757186943908,0.00105340636156125,93681423,93681423,0.633650819723195,0.00382691530174357,TRUE,5.41057389031289e-05,57,""
"chr15",22833172,22833400,-0.449822991795516,7.07734118446382e-05,22833172,22833213,-0.200248391878167,0.0582332892681024,TRUE,5.52235579686573e-05,58,"TUBGCP5;TUBGCP5; TUBGCP5;TUBGCP5;TUBGCP5;TUBGCP5"
"chr14",63568606,63568796,-0.273442300868511,0.00354016055879706,63568785,63568796,-0.529510467055355,0.00116905325972803,TRUE,5.54376293862427e-05,59,"; KCNH5"
"chr6",26195954,26195995,-0.288907359398441,0.00645900505992646,26195910,26195995,-0.505027104876141,0.00065033874535377,TRUE,5.62044901696494e-05,60,""
"chr1",177001736,177001903,0.222643310356138,0.00650817395657641,177001736,177001903,0.501824356263175,0.000666129141529547,TRUE,5.78705112179008e-05,61,"ASTN1;ASTN1; ASTN1;ASTN1;ASTN1"
"chr7",30219135,30219135,0.541582019866528,0.00301643731114674,30219135,30219135,0.780354804380141,0.00157873884812669,TRUE,6.31216051495037e-05,62,""
"chr1",153234037,153234342,-0.250903368340968,0.00461591641883556,153234037,153234387,-0.376601980114573,0.00103261671753305,TRUE,6.31743686655183e-05,63,"LOR"
"chr5",171057072,171057282,0.196219048209762,0.00865894069337084,171057072,171057339,0.448469597242573,0.00057360493917577,TRUE,6.56251473159412e-05,64,""
"chr17",45402355,45402380,-0.210126744884068,0.0219151732235129,45402355,45402380,-0.753242084379639,0.000257684227116125,TRUE,7.38898785588942e-05,65,"THCAT158;EFCAB13;EFCAB13;THCAT158"
"chr16",1583883,1583883,0.166053970956232,0.682431506237,1583391,1584516,0.620277401264592,8.30875608296815e-06,TRUE,7.41673183125071e-05,66,"IFT140;TMEM204"
"chr12",131118426,131118654,-0.195400607340778,0.00873418400491093,131118426,131118654,-0.503741725498966,0.000656542115279968,TRUE,7.49425438312507e-05,67,""
"chr1",17004633,17004764,-0.51368042907409,0.000552777595670753,17004633,17004764,-0.327758993627962,0.0105426083914827,TRUE,7.60685298138789e-05,68,""
"chr1",164545783,164545866,0.199901401710612,0.00383964383839227,164545783,164546143,0.250883274686321,0.00159343895504271,TRUE,7.95630141604378e-05,69,"PBX1;PBX1;PBX1; PBX1"
"chr14",52487120,52487120,-0.47995148811012,0.00487517060117171,52487120,52487120,-0.807418954113449,0.00137222302385636,TRUE,8.63985301464683e-05,70,"NID2"
"chr8",6419438,6419570,-0.171762156277696,0.0104834047523974,6419438,6419839,-0.422513572100368,0.000701544744380931,TRUE,9.42870637184615e-05,71,"ANGPT2;ANGPT2;ANGPT2;MCPH1"
"chr6",41068666,41068741,0.23324425139901,0.00575276090804522,41068666,41068752,0.352507518218162,0.00128763161577184,TRUE,9.49116812479632e-05,72,"NFYA;NFYA;LOC221442"
"chr1",223747670,223747670,0.301727951043401,0.0391406766832152,223747670,223747670,1.26371016256987,0.000191439755540606,TRUE,9.59229117314668e-05,73,"CAPN8"
"chr8",20647436,20647436,0.566290747170901,0.00251804349510397,20647436,20647436,0.671343320231639,0.00297761756457501,TRUE,9.59782472095333e-05,74,""
"chr6",28911926,28912013,-0.191926890931835,0.0298373254504169,28911902,28912166,-0.340019002262916,0.000268699908257798,TRUE,0.000102091410328956,75,""
"chr19",2785107,2785107,0.41811242051408,0.00868352514169582,2785107,2785107,0.885207091286162,0.0009258435624397,TRUE,0.000102353036639324,76,"THOP1"
"chr13",43597736,43597736,0.34836338122827,0.0194038345779521,43597565,43597736,0.560217108966717,0.000433596759750551,TRUE,0.000106730206299044,77,"DNAJC15;DNAJC15"
"chr12",102009649,102009907,0.240610605833009,0.0132428228310557,102009649,102009907,0.609586505711381,0.000644812106692248,TRUE,0.000108198076601913,78,"MYBPC1;MYBPC1;MYBPC1;MYBPC1;MYBPC1;MYBPC1;MYBPC1;MYBPC1;MYBPC1;MYBPC1"
"chr1",62107430,62107542,0.306346840465588,0.00236010703919804,62107430,62107624,0.241632018480768,0.00369773482255317,TRUE,0.00011038918100667,79,""
"chr5",170288779,170288788,0.182644043171592,0.0345359350136183,170288742,170288788,0.489675669225826,0.000252909512082022,TRUE,0.000110475573162589,80,"RANBP17"
"chr18",77905699,77905699,-0.301663785906122,0.0391704760145182,77905298,77905751,-0.355776941402292,0.000239863637146321,TRUE,0.000118151883692317,81,"LOC100130522;LOC100130522"
"chr11",6292490,6292511,0.215927834540069,0.0198128304000858,6291879,6292615,0.225678008267363,0.000479727274292641,TRUE,0.000119415066316528,82,"CCKBR"
"chr6",168502341,168502341,0.528353104957014,0.0033233704235677,168502341,168502767,0.434506372105662,0.00286238526867322,TRUE,0.00011950770473293,83,""
"chr15",33360353,33360396,-0.172693176047302,0.0398379810357056,33359788,33360353,-0.266548265338709,0.000250916914469364,TRUE,0.000125083470179865,84,"FMN1; FMN1;FMN1"
"chr5",178986372,178986372,-0.163732393550271,0.721204161178623,178986131,178986906,-0.470891964046647,1.43617412836825e-05,TRUE,0.00012924165162922,85,"RUFY1;RUFY1;RUFY1"
"chr15",33360262,33360271,-0.166879713617085,0.0426316683453623,33359788,33360353,-0.266548265338709,0.000250916914469364,TRUE,0.000133130095170566,86,"FMN1"
"chr1",12509684,12509707,-0.334472195512881,0.00358634952231672,12509707,12509707,-0.669160348283734,0.00302017644188687,TRUE,0.000134667554806185,87,"VPS13D;VPS13D"
"chr15",50410962,50410962,-0.408842547576129,0.00950598668565877,50410962,50410962,-0.842113252858599,0.00114784901343485,TRUE,0.00013558223740951,88,"ATP8B4"
"chr20",1757237,1757570,0.164018029111008,0.0438869651765014,1757237,1757780,0.642273127564697,0.000250164990841946,TRUE,0.00013635377536349,89,"LOC100289473; "
"chr1",26527909,26527928,-0.474037108845345,0.000797132112355399,26527909,26527928,-0.306222950909629,0.014137367273261,TRUE,0.000139665825297555,90,"CATSPER4"
"chr6",37503610,37503916,0.191543478391994,0.0300325110704516,37503610,37504118,0.578644688362405,0.000383029895806695,TRUE,0.000142329475412849,91,""
"chr17",78754318,78754372,0.261346188139684,0.0096341238102617,78754318,78754372,0.52196061751693,0.00124522312318547,TRUE,0.000147929104669126,92,"RPTOR;RPTOR"
"chr11",121835505,121835505,0.360985781253365,0.0164827551269749,121835505,121835505,0.936073973739326,0.000731809670384503,TRUE,0.000148672297984819,93,""
"chr6",32632957,32632961,0.254839574010259,0.010583977495545,32632957,32632961,0.529512729318005,0.00116894047118392,TRUE,0.000152176972169422,94,"HLA-DQB1"
"chr21",35899468,35899468,-0.272575995779773,0.0659660347221808,35898717,35899468,-0.304208270337747,0.000211854482025003,TRUE,0.000170193148489456,95,"RCAN1;RCAN1;RCAN1;RCAN1"
"chr8",144631768,144631810,-0.17944066062738,0.0362754709784312,144631524,144631921,-0.355335376922596,0.000387992591747653,TRUE,0.000171304066620011,96,""
"chr19",14889425,14889425,-0.530619246443986,0.00326749667737456,14889425,14889425,-0.612799568038065,0.00443743969102556,TRUE,0.000176042165364717,97,"EMR2;EMR2;EMR2;EMR2;EMR2;EMR2;EMR2"
"chr10",123355748,123356041,0.152779108339363,0.0472378999815244,123355239,123356205,0.318911225404352,0.000309754938314817,TRUE,0.000177521732036654,98,"FGFR2;FGFR2;FGFR2;FGFR2;FGFR2;FGFR2; FGFR2;FGFR2;FGFR2;FGFR2;FGFR2;FGFR2;FGFR2"
"chr4",170581176,170581380,-0.187721834536182,0.00936667481181722,170581176,170581385,-0.331404985279591,0.00158054346483249,TRUE,0.000179438412907428,99,"CLCN3;CLCN3;CLCN3;CLCN3; CLCN3;CLCN3; CLCN3;CLCN3;CLCN3;CLCN3;CLCN3"
"chr7",1198662,1198977,-0.335753664849057,0.000559482445213929,1198841,1198926,-0.261124616834986,0.0265684694511852,TRUE,0.000180107256161123,100,"ZFAND2A; ZFAND2A;LOC101927021;LOC101927021;LOC101927021;LOC101927021;LOC101927021;LOC101927021"
"chr21",46850449,46851112,0.290737235682781,0.000517763381389722,46850665,46850691,0.253833862575858,0.0293932585384875,TRUE,0.000184040107464561,101,"COL18A1"
"chr2",97505464,97505599,-0.204674621820436,0.0240599800940467,97505275,97505708,-0.362217550381194,0.000658910674706334,TRUE,0.000191066937086103,102,"ANKRD23"
"chr1",9218658,9218658,0.378150148166962,0.0133955444039836,9218658,9218658,0.835156037141199,0.00118905442821735,TRUE,0.000191891843556149,103,""
"chr1",108023428,108023441,0.175294840231795,0.038469446745615,108023249,108023486,0.343151295832667,0.000425363196030324,TRUE,0.000196696607965086,104,"NTNG1;NTNG1;NTNG1"
"chr8",97377310,97377310,0.358454074787333,0.0170198880737116,97377310,97377310,0.873531014994794,0.000980132448339275,TRUE,0.000200200879112653,105,""
"chr14",22978729,22978729,0.364265703373155,0.0158428144872429,22978729,22979162,0.445476235835328,0.00107216790033523,TRUE,0.000203547020642068,106,""
"chr2",139205665,139205665,-0.484168583676007,0.00468817979724535,139205665,139205665,-0.640993667970434,0.00363870881780086,TRUE,0.00020434604042083,107,""
"chr22",23774100,23774100,-0.552171236920919,0.00280039215919995,23774100,23774100,-0.570261331564564,0.00614362959399959,TRUE,0.000205944498756707,108,""
"chr6",152011399,152011666,-0.222228858270352,0.00174549583107355,152011666,152011666,-0.510824403571446,0.0103534620030057,TRUE,0.000215438142916612,109,"ESR1; ESR1;ESR1"
"chr10",13826317,13826317,-0.277784801606331,0.0598154527412405,13826317,13826317,-1.1449879751879,0.000303777145476845,TRUE,0.000216515166289138,110,"FRMD4A"
"chr8",120651398,120651652,-0.214712446713713,0.0070959657665282,120651398,120651398,-0.69358558278276,0.00259507641912614,TRUE,0.000219177032723227,111,"ENPP2;ENPP2;ENPP2"
"chr8",95487349,95487613,-0.231137131832641,0.000544582779562427,95487481,95487481,-0.397323345904239,0.0362038443900068,TRUE,0.000233320616563663,112,"RAD54B; RAD54B;RAD54B"
"chr6",152012474,152012887,-0.252339208519662,0.0109914833511136,152012474,152012887,-0.477535239582359,0.00185243904850682,TRUE,0.000240298839125943,113,"ESR1"
"chr19",21863715,21863715,-0.525877143140715,0.00337998915304341,21863715,21863715,-0.564778104462342,0.00642233008650205,TRUE,0.000254798429205187,114,""
"chr4",1521984,1521984,0.327291542434634,0.0262509759281002,1521984,1521984,0.907762715253851,0.000832980994453586,TRUE,0.000256506863056313,115,""
"chr12",2049365,2049365,-0.309117186012248,0.0347460202993045,2049365,2049365,-0.964382610640121,0.000646391146309826,TRUE,0.000262861638726413,116,""
"chr17",74748236,74748401,-0.270517310479793,0.00845481527394525,74748236,74748401,-0.435314235028951,0.00283599274935085,TRUE,0.000279062744482222,117,"MFSD11;MFSD11;MFSD11;MFSD11;MFSD11;MFSD11;MFSD11"
"chr8",82754497,82754900,-0.237052919226109,0.0139967459130217,82754475,82755111,-0.321121605356265,0.0017458914705017,TRUE,0.000283941444190939,118,"SNX16;SNX16;SNX16; SNX16;SNX16;SNX16;SNX16;SNX16;SNX16"
"chr1",2058230,2058417,0.217421150281864,0.0193256113332817,2058417,2058417,0.819648320476858,0.00128390959381612,TRUE,0.000287926574399648,119,"PRKCZ;PRKCZ;PRKCZ"
"chr6",170405014,170405014,0.440566479399463,0.00697974837444648,170405014,170405014,0.643722790473744,0.00357028376770583,TRUE,0.000289064642094797,120,""
"chr18",77905298,77905298,-0.248283753168042,0.10650504502679,77905298,77905751,-0.355776941402292,0.000239863637146321,TRUE,0.000295702981564192,121,"LOC100130522;LOC100130522"
"chr6",157040896,157041096,-0.246290899320864,0.0120590443950438,157040896,157041268,-0.374355268246435,0.00213880916200894,TRUE,0.000298295931514322,122,""
"chr4",39448432,39448464,0.259154154841475,0.00995744655489931,39448432,39448975,0.279520998100116,0.00262222086207593,TRUE,0.000301660433822331,123,"KLB"
"chr7",156400711,156400881,-0.241502608960001,0.00264618061970689,156400881,156400990,-0.332610938067028,0.00987629126904632,TRUE,0.000301911867611802,124,""
"chr21",36060640,36060640,-0.214225163212906,0.222016937939913,36060640,36060640,-1.39553035690303,0.000120119799480015,TRUE,0.000307543244295992,125,"CLIC6"
"chr3",46484250,46484379,0.590968771269408,0.000274898831270226,46484379,46484379,0.319831148340995,0.0982183320033058,TRUE,0.000311032290850807,126,"LTF;LTF"
"chr10",115141827,115141887,-0.262714145488581,0.00946203267198684,115141827,115141827,-0.67810281911808,0.00285437728204121,TRUE,0.00031111756653609,127,""
"chr5",965717,966019,0.211822814265562,0.00735224001573405,965717,966019,0.318762168707235,0.00401064784010314,TRUE,0.000337085002616886,128,""
"chr3",14257893,14257893,0.539027441617384,0.003068586140927,14257893,14257893,0.516690728327959,0.00979478274783421,TRUE,0.000343013946039219,129,""
"chr7",137832331,137832331,0.375135944493159,0.0138961731698741,137832331,137832331,0.723592821393482,0.00217069072381146,TRUE,0.000344139957445244,130,""
"chr9",72289582,72289582,0.457419900941061,0.00598147077579579,72289582,72289582,0.594835660199722,0.00507086015476243,TRUE,0.000345876813254237,131,""
"chr19",50204707,50204862,0.199099012866769,0.0264677660633295,50204707,50204862,0.530055303588298,0.00116345142870377,TRUE,0.000350687531149939,132,"CPT1C;CPT1C"
"chr2",180872142,180872150,-0.20511621395229,0.0239057685545536,180872150,180872150,-0.817602312206122,0.00129785777710472,TRUE,0.000353100118524244,133,"CWC22"
"chr1",234450897,234450897,0.271558924153385,0.067226546436298,234450897,234450897,1.03804550276505,0.000468899574057823,TRUE,0.000358247180641046,134,"SLC35F3;SLC35F3"
"chr14",22314650,22314682,0.301462866833391,0.00543390806310306,22314516,22314650,0.373074058770059,0.00583255878933679,TRUE,0.000360020024526864,135,""
"chr6",89789448,89789979,-0.168407042430823,0.00220440553313984,89789643,89789643,-0.477478344355087,0.014457987507992,TRUE,0.000361860178976852,136,"PNRC1"
"chr6",26305472,26305472,-0.225164462871481,0.173870158353647,26305371,26305472,-0.811565697701684,0.000185875520697713,TRUE,0.000366484574718912,137,""
"chr6",37710047,37710047,-0.3719325735521,0.0144370310330236,37710047,37710047,-0.716805109126257,0.00225795146077331,TRUE,0.000369377592430674,138,""
"chr10",134726665,134726771,-0.533027061973239,0.00048274916710869,134726771,134726771,-0.345455366133711,0.0699679597823121,TRUE,0.000381535623257965,139,""
"chr19",21767566,21767566,-0.401761197518179,0.0102375602691476,21767566,21767566,-0.654885780469072,0.00331308829094752,TRUE,0.000382986685238819,140,""
"chr12",6486598,6486701,-0.215814398245693,0.00338743898586916,6486639,6486701,-0.239166914830384,0.0102091678589042,TRUE,0.000389824019573103,141,"SCNN1A; SCNN1A;LTBR"
"chr1",186732915,186732915,-0.599797935164154,0.00197197074897639,186732915,186732915,-0.453748806507926,0.0187080854272464,TRUE,0.000413465604336601,142,""
"chr9",130955135,130955135,-0.277383113848429,0.0602654226439159,130955135,130955436,-0.510347873557995,0.000626239593095025,TRUE,0.00042212002253766,143,"CIZ1;CIZ1;CIZ1;CIZ1;CIZ1"
"chr17",9479287,9479297,-0.181539636930396,0.0351267067567004,9479287,9479297,-0.538753208820794,0.00108464983255037,TRUE,0.000425780585083405,144,"CFAP52;CFAP52;STX8;STX8"
"chr13",43597565,43597565,0.257137725664102,0.0889480240063413,43597565,43597736,0.560217108966717,0.000433596759750551,TRUE,0.000430533644771018,145,"DNAJC15;DNAJC15"
"chr11",1892038,1892043,0.205422384076765,0.0237992359451454,1891932,1892092,0.238638714748847,0.0017204388557136,TRUE,0.000454625150633905,146,"LSP1;LSP1;LSP1;LSP1"
"chr4",103940876,103940923,-0.29613612383443,0.00265139550268492,103940876,103940923,-0.187357757797607,0.015788817136159,TRUE,0.000463882370278498,147,"NHEDC1;NHEDC1"
"chr5",68628431,68628618,-0.244906355441647,0.00498542812699283,68628431,68628545,-0.344399251693369,0.00843436492492832,TRUE,0.000465762300276913,148,""
"chr16",88804051,88804051,-0.214164929586151,0.222336535768137,88803885,88804051,-0.683776897590196,0.000193921103511085,TRUE,0.000476498943281857,149,"FAM38A"
"chr5",131825495,131825644,-0.242605690897561,0.012814457443575,131825644,131825843,-0.418417104029746,0.00341538750045773,TRUE,0.000483033558387251,150,"IRF1"
"chr6",31164952,31164952,-0.183467153603118,0.451298207868215,31164914,31164994,-0.485248777829874,9.78628601084439e-05,TRUE,0.000487036322652253,151,"HCG27"
"chr17",41471797,41471797,0.294846526005455,0.0441320646764687,41471797,41471797,0.865426370820798,0.00102133786312178,TRUE,0.000496136241521018,152,""
"chr19",34311482,34311482,0.338595008794758,0.0222869198815179,34311482,34311482,0.734783888435503,0.00203466773961155,TRUE,0.000498864667265341,153,""
"chr1",209921129,209921370,-0.18353573646744,0.00968254772362908,209921129,209921577,-0.205680224354942,0.00470019940262676,TRUE,0.000500498846934781,154,""
"chr8",62497609,62497609,-0.261867423781376,0.0810161869967638,62497609,62497609,-0.993882096123646,0.000562664450396839,TRUE,0.000501248836649172,155,"ASPH;ASPH"
"chr6",31164924,31164924,-0.181513651183931,0.472580145301539,31164914,31164994,-0.485248777829874,9.78628601084439e-05,TRUE,0.000507872503326682,156,"HCG27"
"chr6",45391852,45391916,-0.30674837130862,0.00507780605403215,45391916,45392462,-0.248360151941401,0.00922365915662893,TRUE,0.00051373697750192,157,"RUNX2;RUNX2;RUNX2"
"chr10",72215990,72215990,-0.327989266695303,0.0259730971636996,72215990,72215990,-0.754611406266468,0.00182112142942486,TRUE,0.000518362344030728,158,""
"chr1",162383000,162383000,-0.443072713591063,0.00681063716930192,162383000,162383000,-0.554655906132374,0.00698243799656566,TRUE,0.00052089809573818,159,"SH2D1B"
"chr6",26183823,26183829,-0.189372980519801,0.0311045420140772,26183829,26183829,-0.784089182601693,0.00154869949921134,TRUE,0.000527032882484009,160,"HIST1H2BE"
"chr10",80752407,80752407,0.381955897560186,0.0128226522596833,80752407,80752407,0.630917577780033,0.00389985189360311,TRUE,0.000545238202177505,161,"ZMIZ1-AS1;ZMIZ1-AS1;ZMIZ1-AS1"
"chr19",844589,844589,0.368493723703277,0.0150285477593883,844589,844589,0.652311823983171,0.00337079842935185,TRUE,0.000551688591007221,162,"PRTN3"
"chr12",132670344,132670412,-0.198481320692386,0.00846301009005358,132670412,132670412,-0.56706971220466,0.00630525557771307,TRUE,0.000578353829821671,163,""
"chr7",144056518,144056518,-0.625453126339233,0.00165833278701226,144056518,144056518,-0.406728396129866,0.0322943302777914,TRUE,0.000580255297876902,164,"ARHGEF5"
"chr10",31040939,31040939,0.230287805388202,0.155493655722366,31040939,31040939,1.10723369533487,0.000352276219445301,TRUE,0.000592259304208572,165,""
"chr6",27447446,27447492,-0.206901986204126,0.0232457133661921,27447446,27447492,-0.452723926943604,0.0023710031781556,TRUE,0.00059558405041415,166,""
"chr17",184833,185152,0.260899351586247,0.00969223250630256,184833,185152,0.374498104676991,0.00572495851825328,TRUE,0.000599230352398522,167,"RPH3AL"
"chr7",50346997,50347081,-0.182129175763452,0.0097779055837987,50347068,50347068,-0.575966981238169,0.00587120766378607,TRUE,0.000618017001382956,168,"IKZF1; IKZF1;IKZF1;IKZF1;IKZF1;IKZF1;IKZF1;IKZF1;IKZF1"
"chr15",41853346,41853346,-0.514846604339935,0.00369660704813784,41853346,41853346,-0.468774317478607,0.0158686714253908,TRUE,0.000630230885503924,169,"TYRO3"
"chr1",221509067,221509312,0.278797359050683,0.00747814219048925,221509067,221509763,0.262173647827481,0.00787297874469809,TRUE,0.000632325513586182,170,"C1orf140; LOC400804"
"chr1",25559545,25559743,-0.222163734494125,0.0177954156708723,25559545,25559545,-0.648168033790187,0.00346655590330352,TRUE,0.000659663549195299,171,"SYF2;SYF2"
"chr22",22425102,22425102,0.396385833944592,0.010846956594294,22425102,22425102,0.574951104028355,0.005916511062338,TRUE,0.00068372482185928,172,""
"chr7",156931170,156931170,0.372675660678922,0.0143088939084207,156931170,156931170,0.609667672500317,0.00454045322798182,TRUE,0.000691372815771177,173,"UBE3C"
"chr4",1303094,1303491,-0.235092867977729,0.00563430856611578,1303317,1303491,-0.320038742218085,0.0117018866440543,TRUE,0.00070065227721357,174,"MAEA;MAEA; MAEA;MAEA;MAEA;MAEA;MAEA;MAEA;MAEA"
"chr1",98513986,98514064,-0.178621243559677,0.0367217159646938,98514064,98514082,-0.480285469985759,0.00180356401272465,TRUE,0.000703519697456851,175,""
"chr22",48962718,48962718,-0.620174443637764,0.0017231463325963,48962718,48962718,-0.390948822240163,0.039156535686333,TRUE,0.000715463683252376,176,"FAM19A5"
"chr5",170288757,170288757,0.204975670800197,0.273761241797734,170288742,170288788,0.489675669225826,0.000252909512082022,TRUE,0.000732385561868975,177,"RANBP17"
"chr8",2591207,2591411,-0.210784318618391,0.0216790135229365,2591207,2591411,-0.422779902015983,0.00325346074729328,TRUE,0.000744776982637124,178,""
"chr7",1121190,1121190,-0.281065028856501,0.056300621614051,1121190,1121190,-0.824166178845417,0.00125477255325367,TRUE,0.000745853814043907,179,"C7orf50;C7orf50;C7orf50"
"chr8",103540922,103541045,-0.238591959738032,0.0136764031015144,103540783,103540922,-0.296329406781299,0.00523962941293638,TRUE,0.000755545954805059,180,""
"chr11",118781633,118781633,0.227397792586765,0.165575514485455,118781633,118782085,0.251069082703286,0.000445965903421576,TRUE,0.000776334796153229,181,"BCL9L"
"chr2",133157885,133157885,-0.589406618424661,0.00212245737205657,133157885,133157885,-0.400484396997448,0.034840494064954,TRUE,0.000777347247439066,182,""
"chr9",35658111,35658183,-0.199841847660792,0.0261563630512131,35658183,35658183,-0.679569387458025,0.0028272704352728,TRUE,0.000777381952208384,183,"CCDC107;RMRP; RMRP;CCDC107;CCDC107;CCDC107;CCDC107"
"chr12",1909916,1909963,-0.293797587131332,0.0060410694384018,1909916,1909963,-0.315875667208306,0.0123868514724507,TRUE,0.000785735210402644,184,"CACNA2D4"
"chr15",99789622,99789939,0.209620419548407,0.000597476592625261,99789833,99789833,0.300673251773989,0.127142051832652,TRUE,0.000796505401266125,185,"TTC23;TTC23;TTC23;TTC23;TTC23;TTC23;TTC23; TTC23;TTC23;TTC23;TTC23; TTC23;TTC23;TTC23;TTC23;TTC23;TTC23;TTC23;TTC23;TTC23;TTC23;TTC23;TTC23;TTC23;TTC23; TTC23;TTC23;TTC23"
"chr6",26285013,26285013,-0.2490971902111,0.104689520767154,26285013,26285053,-0.589482984998375,0.000741058331001743,TRUE,0.000811822562779304,186,""
"chr19",50666238,50666552,-0.198938164540768,0.00202784449516953,50666538,50666552,-0.233096555519717,0.0389475009179108,TRUE,0.00082504507381409,187,"C19orf41; C19orf41;C19orf41"
"chr20",47364640,47364643,-0.254785492825,0.010589192378523,47364640,47365070,-0.266603262651037,0.00747239143219119,TRUE,0.000826434633249134,188,"PREX1"
"chr17",185756,186214,0.221029231384433,0.00661247161613693,185263,185756,0.316817001106905,0.0122286843374233,TRUE,0.000842804129645246,189,"RPH3AL"
"chr15",98504173,98504173,0.264228391751234,0.0774328174075774,98503878,98504537,0.301459715606492,0.00108498819818271,TRUE,0.00087244277963022,190,"ARRDC4"
"chr16",86795490,86795490,-0.23237507044962,0.148712817884367,86795398,86795853,-0.520867706406784,0.000577026191680522,TRUE,0.00088929236082607,191,""
"chr11",45405130,45405130,0.310237462999059,0.0341053346762899,45405130,45405130,0.694436977676109,0.0025814290052885,TRUE,0.000910137477718117,192,"LOC399886"
"chr10",134898887,134898887,-0.24241677093568,0.120235086924649,134898881,134898887,-0.590908119998445,0.00073376467181579,TRUE,0.000911853174339148,193,""
"chr18",37421510,37421651,0.275255638102387,0.00785584871475484,37421510,37421510,0.50234303080157,0.0112403935177266,TRUE,0.000912586657172005,194,""
"chr12",58299321,58299341,-0.346339611116652,0.00313265470322846,58299321,58299341,-0.256292090317837,0.0284127125321532,TRUE,0.000919159119597232,195,""
"chr17",45401733,45401833,-0.233669317060521,0.0147715285268999,45401833,45401833,-0.57143803539826,0.00608693455249228,TRUE,0.000927605621969183,196,"C17orf57"
"chr16",2907695,2907745,-0.199093014832119,0.0264707459964598,2907517,2907819,-0.25074525766406,0.00342031260021732,TRUE,0.000933425426779056,197,"PRSS22"
"chr7",99775422,99775422,0.599193631975859,0.00197942058180214,99775422,99775425,0.219364189897053,0.0464254189887635,TRUE,0.000946050517031962,198,"STAG3;GPC2"
"chr1",113160896,113160916,-0.271344876217501,0.00835796744721048,113160896,113160916,-0.324211314951724,0.0110507959750731,TRUE,0.000950387831504338,199,"CAPZA1;ST7L;ST7L;ST7L;ST7L;ST7L"
"chr6",28912166,28912166,-0.194339278886602,0.349973776588453,28911902,28912166,-0.340019002262916,0.000268699908257798,TRUE,0.000965939893099273,200,""
"chr3",171757169,171757316,-0.204347340356846,0.000607161375298738,171757169,171757169,-0.285873702816978,0.155515213182003,TRUE,0.000969507910979953,201,"FNDC3B;FNDC3B"
"chr10",15038045,15038349,0.256233380502678,0.0103738922098588,15038045,15038349,0.337640256560154,0.00922839627548166,TRUE,0.000981654001803504,202,""
"chr6",31164916,31164916,-0.150874249872163,0.979591182973854,31164914,31164994,-0.485248777829874,9.78628601084439e-05,TRUE,0.000982868089675826,203,"HCG27"
"chr14",32413922,32413983,0.256864368412711,0.0102859841825149,32413922,32414086,0.247232479928342,0.00934050808832967,TRUE,0.000984817591257947,204,""
"chr21",35899455,35899455,-0.18311497204518,0.455103582475609,35898717,35899468,-0.304208270337747,0.000211854482025003,TRUE,0.000987956708566475,205,"RCAN1;RCAN1;RCAN1;RCAN1"
"chr9",124989241,124989241,0.166202751840713,0.680020740334587,124989052,124989915,0.371214380948135,0.000142339142670215,TRUE,0.000991449753532938,206,"LHX6;LHX6"
"chr19",39440669,39440669,-0.349316743298716,0.0191565001281371,39440667,39440669,-0.38367723065883,0.00511567480295653,TRUE,0.00100257868382211,207,"FBXO17;FBXO17;FBXO17"
"chr8",19457346,19457346,-0.425267994245247,0.00808381359922283,19457346,19457346,-0.494358965173767,0.0121677785236025,TRUE,0.00100593450424533,208,"CSGALNACT1;CSGALNACT1;CSGALNACT1"
"chr3",133576657,133576657,0.405717636221118,0.00982707448044866,133576657,133576657,0.513228127114116,0.0101190874083396,TRUE,0.00101588412786452,209,"RAB6B"
"chr12",69724920,69724920,-0.23218499062819,0.149327429092491,69724920,69724920,-0.953321718593049,0.000678761458470168,TRUE,0.00103352977374991,210,""
"chr16",29703339,29703480,-0.352064948513797,0.00139758863811096,29703339,29703361,-0.177287837947833,0.0726343185613175,TRUE,0.00103495695899883,211,"QPRT"
"chr14",70690296,70690296,0.20828320431914,0.253930531798866,70690296,70690704,0.42541766029964,0.000402805487207786,TRUE,0.00104205018670075,212,""
"chr3",108125523,108125523,-0.253578630528885,0.0955478309066745,108125523,108125523,-0.855739436964683,0.00107175434234015,TRUE,0.00104314521544275,213,"MYH15"
"chr7",63506261,63506261,0.192588444500289,0.364474876183778,63505714,63506261,0.332964625252728,0.00028133222519842,TRUE,0.00104438279223507,214,"ZNF727"
"chr1",948625,948627,-0.223242494170824,0.0174981673411249,948625,948627,-0.372212083279407,0.00589308864134393,TRUE,0.00104970607228715,215,"ISG15"
"chr10",3847515,3847615,-0.230938410900917,0.0154561681635864,3847515,3847615,-0.361342644080348,0.00676840293602115,TRUE,0.00106342179847238,216,""
"chr8",11619852,11619852,-0.163298398304196,0.728601100191312,11619852,11619866,-0.857229415917851,0.000144181355557389,TRUE,0.00106742719783217,217,""
"chr1",110230269,110230473,0.489747047403982,0.000201890469577863,110230401,110230401,0.19769578022685,0.525673567546014,TRUE,0.00107729538655894,218,"GSTM1;GSTM1; GSTM1;GSTM1;GSTM1;GSTM1"
"chr7",5000111,5000219,0.202313232813891,0.0250366531775027,5000013,5000219,0.312668183968061,0.00430938709727628,TRUE,0.00109342426488323,219,"MMD2;MMD2"
"chr5",150677795,150677795,0.26401064851603,0.0777412404865635,150677795,150677795,0.804217856190557,0.00139557025248768,TRUE,0.00109890991046626,220,"SLC36A3;SLC36A3"
"chr1",28573052,28573139,-0.208508310948097,0.0225849131945479,28573139,28573139,-0.599236905936044,0.00490182772331887,TRUE,0.00111909860133952,221,""
"chr7",5183992,5184155,0.21586729727456,0.0198359248818456,5183992,5184222,0.290556755281902,0.00561615516936591,TRUE,0.00112542034753753,222,""
"chr6",24583496,24583614,-0.206030685565111,0.00787000339712377,24583496,24583614,-0.202481085639577,0.0143350479949092,TRUE,0.00113829347148276,223,"KIAA0319;KIAA0319;KIAA0319;KIAA0319;KIAA0319; KIAA0319;KIAA0319;KIAA0319;KIAA0319;KIAA0319;KIAA0319"
"chr5",168728193,168728193,0.425496849388619,0.00806816895028876,168728193,168728193,0.477050201591143,0.0145246455375626,TRUE,0.00117793587197774,224,"SLIT3"
"chr8",144437379,144437507,-0.202606209651807,0.0249189458188558,144437379,144437541,-0.305228588435046,0.00470666594582255,TRUE,0.00117882163006022,225,""
"chr10",98504248,98504248,-0.299184492592347,0.0409398113106342,98504248,98504248,-0.676000721633996,0.00289272538703953,TRUE,0.00118915653887169,226,""
"chr2",139538222,139539181,0.221927367669554,0.000957303518109054,139538222,139538222,0.302214709717445,0.124512950869385,TRUE,0.00119610722834332,227,"NXPH2"
"chr1",1290554,1290712,0.321924317310163,0.00198612543134532,1290708,1290712,0.196732177340862,0.0604921430372286,TRUE,0.00120467108568905,228,"MXRA8"
"chr3",197840760,197840782,-0.367162842063987,0.00249494901334414,197840760,197840760,-0.374057153136552,0.0484104221727841,TRUE,0.00121041543134716,229,""
"chr13",46356409,46356409,-0.89547930588421,0.000348652176245165,46356409,46356409,-0.227256118810315,0.349350822976651,TRUE,0.00121961660627864,230,"SIAH3"
"chr22",31090071,31090071,-0.27409557637477,0.064084206950396,31089987,31090223,-0.311975721826277,0.0019059384145976,TRUE,0.0012226682207167,231,"OSBP2"
"chr21",37442289,37442385,0.193233072601732,0.0292025996936629,37442141,37442289,0.224730346294604,0.0041984031698694,TRUE,0.00122684575357523,232,"CBR1;CBR1"
"chr4",15964743,15964913,-0.271697717063876,0.00362508865301063,15964743,15964743,-0.40264426440413,0.0339366818647977,TRUE,0.00123062052191836,233,"FGFBP2; FGFBP2;FGFBP2"
"chr7",143582605,143582605,0.209599417806195,0.246462074391051,143582146,143582609,0.320743248368607,0.000505518254713076,TRUE,0.00124472386778009,234,"TCAF1;TCAF1;TCAF1"
"chr1",19971709,19972103,-0.189883765918338,0.00410262293714129,19971984,19972103,-0.251026285423817,0.0305541158306767,TRUE,0.00125156274833466,235,"NBL1;NBL1;MINOS1-NBL1;MINOS1-NBL1;NBL1;NBL1;NBL1;NBL1;NBL1;NBL1; NBL1;NBL1; MINOS1-NBL1;MINOS1-NBL1;NBL1;NBL1;NBL1;NBL1;NBL1;NBL1;NBL1"
"chr1",108023249,108023249,0.201261825305943,0.29804099196014,108023249,108023486,0.343151295832667,0.000425363196030324,TRUE,0.00126434533566816,236,"NTNG1;NTNG1;NTNG1"
"chr9",136567739,136568145,0.228483894609255,0.0160655644887329,136567339,136567739,0.349426803147291,0.00789290472082467,TRUE,0.00126459927914084,237,"SARDH;SARDH"
"chr18",45379593,45379593,-0.174638160476796,0.556634374124645,45379593,45379593,-1.2165237570573,0.000228359205646826,TRUE,0.00126736805408734,238,"SMAD2;SMAD2;SMAD2"
"chr15",78556860,78556940,-0.221904881434325,0.00655287295353092,78556834,78556860,-0.282805619209054,0.0196067845467363,TRUE,0.00127963393182933,239,"DNAJA4;DNAJA4"
"chr6",33161333,33161333,0.371317033982072,0.0145435636424319,33161328,33161336,0.251251398986774,0.00892458153382344,TRUE,0.00129140436175355,240,"COL11A2;COL11A2;COL11A2;COL11A2"
"chr19",38876762,38877220,0.196121929691846,0.00866341059306629,38876666,38877134,0.194870203099845,0.015104190673395,TRUE,0.00130087392734216,241,"GGN"
"chr7",157225818,157225818,-0.272347549174909,0.0662535982692548,157225567,157225818,-0.470734057382765,0.00197943894917771,TRUE,0.0013034768782516,242,""
"chr12",63696410,63696410,-0.414466473928366,0.00899716310365995,63696410,63696438,-0.303534237986905,0.0146666087184191,TRUE,0.00131074120543099,243,""
"chr18",72917101,72917101,0.287735320963994,0.0499824183945312,72916393,72917163,0.276153739831321,0.0027070002510673,TRUE,0.00134057611762566,244,"ZADH2"
"chr17",8129534,8129534,-0.202738388281743,0.287966583029877,8129534,8130356,-0.471316847462413,0.000481118333003364,TRUE,0.00136943137920701,245,"CTC1;CTC1"
"chr21",17104786,17104786,-0.289952685002563,0.048046951826401,17104786,17104786,-0.672706211293883,0.00295239052687514,TRUE,0.00139877584532404,246,"USP25;USP25;USP25"
"chr11",8986840,8986840,1.03261612432389,0.000168366221861981,8986840,8986840,0.162927862163622,0.842650243551822,TRUE,0.00139895724434082,247,"TMEM9B;TMEM9B;TMEM9B;TMEM9B-AS1"
"chr14",68283647,68283748,-0.15911709611688,0.0457196240516363,68283647,68284077,-0.340389546365135,0.00311931757216192,TRUE,0.00140551381359016,248,"ZFYVE26"
"chr8",74903761,74903915,-0.183539558621287,0.00968105775706393,74903761,74903915,-0.197950008968426,0.0148023685293494,TRUE,0.00141160958878978,249,"LY96; LY96;LY96"
"chr3",50645106,50645426,0.228206505220683,0.00609917813444266,50645242,50645426,0.269870740147673,0.0235117119248245,TRUE,0.00141249049041311,250,"CISH;CISH"
"chr6",25882463,25882559,0.251366640967059,0.0111427149574764,25882463,25882590,0.214758878626001,0.012977036327611,TRUE,0.00142308141883242,251,""
"chr2",242844174,242844174,-0.189333437894965,0.393306474202719,242843821,242844174,-0.582113991867098,0.000374608351179614,TRUE,0.00144725033206527,252,""
"chr1",45187551,45187772,-0.187374902076007,0.00939200424342478,45187551,45187630,-0.29627958090333,0.0162317001527082,TRUE,0.00149226748517784,253,"C1orf228"
"chr6",28912084,28912084,-0.17289604881183,0.579930746354052,28911902,28912166,-0.340019002262916,0.000268699908257798,TRUE,0.00152192852186969,254,""
"chr16",15489794,15489794,-0.246217554109265,0.111167150409145,15489794,15489794,-0.801699553833941,0.00141365401572708,TRUE,0.00153353492511004,255,"MPV17L;MPV17L"
"chr6",32498285,32498493,-0.197796100696317,0.0270399132243472,32498493,32498493,-0.574815960320801,0.00592312799025928,TRUE,0.00155985982863825,256,"HLA-DRB5"
"chr12",129399528,129399528,-0.302862879081271,0.0384187878823999,129399528,129399528,-0.619733586490628,0.00421806597272638,TRUE,0.00157638451672494,257,"GLT1D1"
"chr19",49000743,49000743,0.273714354878677,0.064554291401701,49000743,49000998,0.358787687055312,0.00253093733370739,TRUE,0.00158798575580931,258,"LMTK3"
"chr2",206474068,206474068,-0.232560068974235,0.148132475907241,206474068,206474068,-0.848297992973536,0.00111168148695604,TRUE,0.00159925716339964,259,"PARD3B;PARD3B;PARD3B"
"chr15",42566300,42566300,-0.167394607640552,0.661113809606112,42566272,42566375,-0.491480099264283,0.000249563451940012,TRUE,0.00160198978813875,260,"TMEM87A;TMEM87A;GANC"
"chr1",31896392,31896462,-0.175763637023263,0.038211682529844,31896392,31896462,-0.39597186803836,0.00441819044616366,TRUE,0.00163536127781445,261,"SERINC2"
"chr11",57159174,57159174,0.419146216680028,0.00860083199732998,57159066,57159174,0.282495716546296,0.019694233264605,TRUE,0.00164022748110446,262,"PRG2"
"chr1",153643528,153643678,-0.248199644462669,0.00247185453158431,153643528,153643528,-0.346121823545988,0.069359653567731,TRUE,0.00165810423751004,263,"ILF2"
"chr11",65409412,65409760,0.178454383338254,0.0368096239920376,65409412,65410126,0.206832832629843,0.00467369409476027,TRUE,0.00166321880492882,264,"SIPA1;SIPA1"
"chr13",41187806,41187926,-0.22952419225279,0.0158167400723528,41187806,41187926,-0.325248134187586,0.0109017271159375,TRUE,0.00166662360521613,265,"FOXO1"
"chr16",49056918,49056918,0.192481030209496,0.365392695587911,49056918,49056918,1.03644889540229,0.000472659192194912,TRUE,0.00166901881261779,266,""
"chr8",104384481,104384549,-0.180097131960092,0.00994403685581296,104384291,104384481,-0.29101214937387,0.0174657948062079,TRUE,0.00167745724699064,267,"CTHRC1;CTHRC1"
"chr5",149533964,149534078,0.218549132717444,0.0189382200263426,149533964,149534078,0.33801167048092,0.00918369441583166,TRUE,0.00167955514031373,268,"PDGFRB"
"chr15",41100233,41100798,0.433332607995689,0.000586301843386634,41100308,41100308,0.238543603736255,0.298739144384601,TRUE,0.00169018568698355,269,"DNAJC17;ZFYVE19; ZFYVE19;ZFYVE19;DNAJC17;ZFYVE19;ZFYVE19"
"chr9",880924,880924,-0.599707061348026,0.00197271573225897,880924,880924,-0.327002503559026,0.0892578461162731,TRUE,0.00169821934739014,270,"DMRT1"
"chr7",143582511,143582511,0.1945185330355,0.348540428752779,143582146,143582609,0.320743248368607,0.000505518254713076,TRUE,0.0016991978070113,271,"TCAF1;TCAF1;TCAF1"
"chr17",30228371,30228424,-0.228415376626811,0.00609172830161691,30228371,30228371,-0.415769995750866,0.0289530072546344,TRUE,0.00170075625354504,272,"UTP6"
"chr8",832917,833048,0.242494175877517,0.00512920990052983,832917,833012,0.242045169466965,0.0345411532688789,TRUE,0.00170762532848273,273,""
"chr16",86751778,86751778,0.229764510560762,0.157226486837635,86751778,86752101,0.533735217001055,0.00112927649983762,TRUE,0.00171093645976832,274,""
"chr7",1588284,1588319,0.262588706689904,0.00947618735435577,1588319,1588396,0.285593874066704,0.0188479808181275,TRUE,0.00172004302414973,275,"TMEM184A"
"chr2",10184305,10184305,0.184035096622009,0.445351006323418,10184303,10184305,0.679922956239647,0.000401076062864725,TRUE,0.00172015203093733,276,"KLF11;KLF11;KLF11"
"chr16",66638031,66638035,-0.198290227357174,0.00848237965540053,66638031,66638031,-0.442663990933161,0.0211854857986816,TRUE,0.00172950140180529,277,"CMTM3;CMTM3;CMTM3;CMTM3"
"chr11",6291951,6291951,0.190140438126758,0.3859065552569,6291879,6292615,0.225678008267363,0.000479727274292641,TRUE,0.00177622008960105,278,"CCKBR"
"chr9",136114300,136114331,-0.265524917267392,0.00909326594711215,136114300,136114331,-0.278447862463185,0.0208496767066768,TRUE,0.00181451309632769,279,""
"chr19",21752023,21752023,-0.450410344185319,0.00637929184869092,21752023,21752023,-0.412000279636071,0.0303000032407908,TRUE,0.00184619635427654,280,""
"chr3",186489934,186489934,0.595771187131235,0.00202709951188695,186489934,186489934,0.321695040226073,0.0957989049435444,TRUE,0.00185390197327477,281,""
"chr2",99065000,99065000,-0.297714360804019,0.0420051374047166,99065000,99065000,-0.606156347981128,0.00465861802603054,TRUE,0.00186664766545229,282,"INPP4A;INPP4A;INPP4A;INPP4A"
"chr21",44158422,44158422,-0.425107821043762,0.00809424336517888,44158422,44158422,-0.428910598118086,0.0248127653773457,TRUE,0.00191059609931088,283,"PDE9A;PDE9A;PDE9A;PDE9A;PDE9A;PDE9A;PDE9A;PDE9A;PDE9A;PDE9A;PDE9A;PDE9A;PDE9A;PDE9A;PDE9A;PDE9A;PDE9A;PDE9A;PDE9A;PDE9A"
"chr2",39493370,39493370,-0.228637062318772,0.161127964288481,39493370,39493370,-0.824523690619927,0.00125251678237142,TRUE,0.00191889321180973,284,"MAP4K3;MAP4K3"
"chr15",64387786,64387986,-0.182194464920849,0.0097749256506684,64387786,64387884,-0.278906046161607,0.0207174885329767,TRUE,0.0019248173530975,285,"SNX1;SNX1;SNX1"
"chr15",101991580,101991580,-0.366601052306738,0.0153913546180024,101991560,101991580,-0.310965492788844,0.0132455106587806,TRUE,0.0019363319690281,286,"PCSK6;PCSK6;PCSK6;PCSK6;PCSK6;PCSK6;PCSK6;PCSK6"
"chr1",23474871,23474871,-0.427652732330229,0.00790725256125253,23474871,23474871,-0.425562034246481,0.0257986876376161,TRUE,0.00193743996420976,287,"LUZP1;LUZP1"
"chr5",1867978,1867978,0.162501305368426,0.742426499949341,1867978,1868693,0.40182938981969,0.000276031163625123,TRUE,0.00194539234208217,288,""
"chr1",9327170,9327170,-0.277675609699231,0.0599428448825608,9327170,9327170,-0.650046171499708,0.0034230571214574,TRUE,0.00194755727189686,289,"H6PD"
"chr1",66956611,66956611,-0.250418215070186,0.101936807538039,66956611,66956611,-0.734706486846185,0.00203526927851349,TRUE,0.00196691454481308,290,""
"chr12",110506138,110506138,0.373900393036064,0.0141010435725822,110506138,110506167,0.302352477046869,0.0149097432233447,TRUE,0.00199042179933307,291,"C12orf76"
"chr2",241564613,241564613,0.155387138284752,0.879593566920358,241564473,241564943,0.356346843478312,0.000239149309700273,TRUE,0.00199136379766074,292,"GPR35;GPR35;GPR35"
"chr19",22234992,22235022,-0.260126834174845,0.00980695993181913,22234992,22235022,-0.276386352261362,0.0214533209947679,TRUE,0.00199168269367519,293,"ZNF257"
"chr15",89010689,89010712,-0.209605417340908,0.00753774085309526,89010703,89010703,-0.418477972852436,0.0280428412998263,TRUE,0.00200004371935433,294,"MRPL46;MRPS11;MRPS11;MRPS11;MRPS11; MRPS11;MRPL46;MRPS11;MRPS11;MRPS11"
"chr3",32726322,32726336,-0.153008361217507,0.0472066106836563,32726322,32726336,-0.393826494741613,0.00453199408717336,TRUE,0.00202169409186301,295,"CNOT10; CNOT10;CNOT10;CNOT10"
"chr4",3524288,3524288,-0.312749935058042,0.0327487201187205,3524288,3524288,-0.561763886726622,0.00658369289694593,TRUE,0.0020357771318371,296,"LRPAP1"
"chr9",706712,706773,-0.342205180708108,0.00330921574119877,706712,706773,-0.188977474945914,0.0654871716941659,TRUE,0.00204509149434447,297,"KANK1;KANK1;KANK1;KANK1"
"chr9",130955436,130955436,-0.194755541849838,0.346625821716561,130955135,130955436,-0.510347873557995,0.000626239593095025,TRUE,0.00204812540950757,298,"CIZ1;CIZ1"
"chr17",57915665,57915717,-0.187492749102278,0.0320462008832522,57915665,57915740,-0.27391518362935,0.00685611482715945,TRUE,0.00207039221914897,299,"TMEM49"
"chr4",3881390,3881653,-0.2537330771022,0.00446691976232053,3881512,3881653,-0.214042311553794,0.0495959049637712,TRUE,0.00208578639406551,300,""
"chr1",2460621,2460621,-0.292106797820045,0.0462329175333306,2460621,2460761,-0.389124464117965,0.00479272360498053,TRUE,0.00208612860068531,301,"HES5"
"chr12",54148044,54148044,0.265106067514632,0.0761097270977239,54148044,54148217,0.346283716803349,0.00291663655839142,TRUE,0.00208951782952837,302,"CISTR"
"chr22",40859466,40859917,-0.263235504752839,0.000689854519664579,40859826,40859826,-0.232331534569541,0.325677109106299,TRUE,0.00211209377303656,303,"MKL1;MKL1;MKL1;MKL1"
"chr20",56883965,56884425,0.346860625910881,0.00311179517131636,56883965,56883965,0.342727711180405,0.0725053260630339,TRUE,0.00212008853785428,304,"RAB22A;PPP4R1L"
"chr19",33752716,33752716,-0.354565115976041,0.0178833236982162,33752716,33752716,-0.490368900757572,0.0126669806198452,TRUE,0.00212769401267069,305,""
"chr5",343927,343927,0.255119925654562,0.0926453760377617,343927,343927,0.703128771218317,0.00244931602395117,TRUE,0.00213096755791538,306,"AHRR"
"chr17",63911062,63911062,-0.280238851845492,0.0571901316534457,63911062,63911062,-0.627949298184287,0.00397884147066336,TRUE,0.0021362753069772,307,"CEP112;CEP112"
"chr19",39056216,39056216,-0.233494428591389,0.145168187425874,39056084,39056216,-0.402710024336188,0.00159787530444448,TRUE,0.00217322616239791,308,"RYR1;RYR1"
"chr16",1821253,1821430,-0.287170401282457,0.00661545154926723,1821430,1821559,-0.240843569899907,0.0351089683961236,TRUE,0.00217574516698809,309,"NME3; NME3;NME3"
"chr7",128354965,128354967,-0.216704777023725,0.0195766706995095,128354862,128354967,-0.223389466955557,0.0119762259795177,TRUE,0.00219408469972817,310,"FAM71F1"
"chr1",18902086,18902165,-0.238091300535642,0.0137583512625977,18902165,18902229,-0.292542939648701,0.0170965251127829,TRUE,0.00220048056807708,311,""
"chr17",18671452,18671452,-0.314402384762659,0.0318964592434546,18671452,18671452,-0.545139340579523,0.00757416429516221,TRUE,0.00225360824407263,312,"FBXW10;FBXW10;FBXW10"
"chr10",18689471,18689471,-0.237141021067578,0.134204268456216,18689430,18689556,-0.23018191419017,0.00180284968527861,TRUE,0.00225661531692752,313,"CACNB2;CACNB2;CACNB2;CACNB2;CACNB2;CACNB2;CACNB2;CACNB2;CACNB2"
"chr7",102987991,102988263,-0.268536892751294,0.00118228846944675,102988001,102988001,-0.26547205545027,0.205798601918323,TRUE,0.00226796247341011,314,"PSMC2; PSMC2;PSMC2;PSMC2;PSMC2"
"chr6",144655529,144655549,-0.228956561882157,0.015947857130086,144655529,144655549,-0.300549520565487,0.0152835620547155,TRUE,0.00227151315476074,315,"UTRN"
"chr10",131927345,131927401,0.216507346080535,0.019626584579442,131927345,131927401,0.314933187683282,0.012546936012728,TRUE,0.0022924105464336,316,""
"chr8",637468,637813,0.27641967219448,0.00773516142297767,637468,637813,0.247761657711176,0.0319600250330414,TRUE,0.00230040582392163,317,"ERICH1;ERICH1; ERICH1"
"chr6",32632992,32632992,0.253004240288489,0.0966720106800803,32632992,32633114,0.356765082980025,0.00258936179955776,TRUE,0.00232615644558081,318,"HLA-DQB1"
"chr2",210867207,210867207,0.171099640738768,0.605087341840049,210867121,210867743,0.267810554604891,0.000414347514888652,TRUE,0.00232945354335887,319,"RPE;RPE"
"chr3",126195383,126195383,0.327730125235901,0.0260699449904344,126195240,126195383,0.243198181279053,0.00976639763089919,TRUE,0.00236170117352486,320,"ZXDC;ZXDC"
"chr11",119666452,119666452,0.223054904839893,0.182128298040992,119666452,119666452,0.799616440751173,0.00142944441190286,TRUE,0.00240908074118755,321,""
"chr11",10921652,10921952,-0.189502262094312,0.0310464333180363,10921652,10921952,-0.343361329464802,0.00855072510627125,TRUE,0.00245134831596783,322,""
"chr19",47139496,47139496,0.27767327557165,0.0599435898658434,47139338,47139496,0.308913002123675,0.00450601512584607,TRUE,0.00248949084996241,323,""
"chr2",102234069,102234069,0.191036702694827,0.377897984969217,102234069,102234069,0.941056032206939,0.000715944081845985,TRUE,0.00249316419042929,324,""
"chr18",3594060,3594136,-0.179004066149145,0.0100289649500265,3593798,3594060,-0.259531583398634,0.0271615868084925,TRUE,0.00250834565771669,325,"DLGAP1-AS1;DLGAP1;DLGAP1;DLGAP1;DLGAP1;DLGAP1;DLGAP1;DLGAP1;DLGAP1;DLGAP1; DLGAP1;FLJ35776;DLGAP1"
"chr7",140059315,140059315,-0.393083539965714,0.0112656371991013,140059315,140059315,-0.431006072457558,0.0242140085928328,TRUE,0.00251149434238661,326,"SLC37A3;SLC37A3;SLC37A3"
"chr19",33556060,33556060,0.211632241137399,0.235397582678245,33556060,33556068,0.529723786519374,0.00116683508502715,TRUE,0.00252694886834755,327,"RHPN2"
"chr2",128569178,128569513,-0.245793386047795,0.00253666807716835,128569347,128569347,-0.312531415067774,0.108323508824538,TRUE,0.00252785599261885,328,"WDR33;WDR33;WDR33"
"chr16",85368682,85368682,-0.18391117813696,0.446661431917468,85368682,85369142,-0.437481750320999,0.000623607860399062,TRUE,0.00255866713450606,329,""
"chr1",79088559,79088559,0.250994653827692,0.100729189636985,79088559,79088769,0.436381429636497,0.00280459993790615,TRUE,0.00259108404678333,330,"IFI44L"
"chr2",242927418,242927418,-0.333080254450664,0.0240786046761111,242927047,242927449,-0.223040259012142,0.0120157019699572,TRUE,0.00264670366719004,331,""
"chr16",31228059,31228202,0.284429916598547,0.00687023583190793,31228059,31228202,0.226851899892013,0.0422217147573208,TRUE,0.00265282833680969,332,"TRIM72;PYDC1"
"chr8",10696639,10696689,-0.209795274082854,0.022065659846593,10696639,10696689,-0.311319959285095,0.0131810332077295,TRUE,0.00265914043881047,333,"PINX1"
"chr10",5671099,5671099,-0.211849555606362,0.234254778322774,5671099,5671107,-0.521354924546314,0.00125082495420973,TRUE,0.00267674938424038,334,""
"chr7",111368651,111368847,-0.2102003391834,0.0218972936247311,111368512,111368847,-0.210055505807823,0.0135052250796907,TRUE,0.00269883357762085,335,"DOCK4"
"chr17",41738893,41738893,-0.258525004216325,0.0864880892072782,41738893,41738893,-0.650109945130012,0.00342125250475159,TRUE,0.00270021262711754,336,"MEOX1;MEOX1;MEOX1"
"chr4",40266942,40267607,-0.247439874097898,0.00482674668780433,40266942,40266942,-0.355479484048781,0.0613990757204387,TRUE,0.0027039515707075,337,""
"chr9",117692975,117692975,-0.275629542493206,0.0622575079415218,117692975,117692975,-0.602631504244599,0.00478159513529475,TRUE,0.00271477301712121,338,"TNFSF8;TNFSF8"
"chr12",68845785,68845785,-0.212704330926331,0.229811698025496,68845531,68845935,-0.349938651590336,0.00131947558139299,TRUE,0.00275970946483635,339,"LOC100507195"
"chr16",85369142,85369142,-0.180040199362896,0.489474131200496,85368682,85369142,-0.437481750320999,0.000623607860399062,TRUE,0.00277597769908797,340,""
"chr4",682836,682836,-0.224662847058902,0.175821269570711,682831,683046,-0.321168769201881,0.00174540272014388,TRUE,0.00278924010114874,341,"MFSD7;MFSD7;MFSD7"
"chr15",45314789,45314915,-0.161575490410923,0.0448316039788067,45314789,45314915,-0.360209842850769,0.00686442358324242,TRUE,0.00279622942820662,342,"SORD"
"chr12",52262736,52262736,-0.224609345010701,0.176043274588918,52262736,52262736,-0.761158949593418,0.00175532811202579,TRUE,0.0028065011045413,343,""
"chr1",209979572,209979779,-0.301922286918218,0.000458909702066286,209979598,209979598,-0.17924905175605,0.676336279194657,TRUE,0.0028175186561738,344,"IRF6"
"chr2",26401718,26401718,-0.204825941309729,0.274696940800648,26401598,26401718,-0.43862528599698,0.00114051775806752,TRUE,0.00284108754415016,345,"FAM59B"
"chr3",31857777,31857777,0.190727412593122,0.38062685873329,31857777,31857960,0.573443511464074,0.000831213973929154,TRUE,0.00286596832949219,346,"OSBPL10;OSBPL10"
"chr13",41593385,41593582,-0.191110912529492,0.00407133363927313,41593416,41593519,-0.166734165217288,0.0780504244496088,TRUE,0.00287714215095232,347,"ELF1; ELF1;ELF1"
"chr17",76274856,76274856,-0.196756740730636,0.330778537329622,76274140,76274856,-0.315826738632448,0.000963853301805677,TRUE,0.00288561878189715,348,"LOC100996291"
"chr7",102155527,102155527,-0.434418790390148,0.00740811376192718,102155527,102155527,-0.383162229721288,0.0431559422682062,TRUE,0.00289271959969675,349,""
"chr12",10766482,10766485,-0.227183568274406,0.0163955920829137,10766482,10766482,-0.449893331817304,0.0195215540035685,TRUE,0.0028956433252139,350,"MAGOHB"
"chr10",73869442,73869442,-0.278758058734561,0.0587270321653982,73869442,73869442,-0.583721479214004,0.00552411971736995,TRUE,0.00293059994017516,351,"ASCC1"
"chr1",154433182,154433182,-0.388136383102329,0.0119294173038757,154433182,154433182,-0.420410831687872,0.0274081049697415,TRUE,0.00295105579551057,352,"IL6R;IL6R"
"chr10",115059021,115059386,-0.225960288576115,0.0166988002789217,115059021,115059386,-0.282669956225468,0.019644869478465,TRUE,0.00295974604096128,353,""
"chr4",99851156,99851281,-0.210393348234323,0.00746845740781577,99851156,99851211,-0.222890340656974,0.0444051881827984,TRUE,0.00298854679815018,354,"EIF4E;EIF4E;EIF4E;EIF4E;EIF4E"
"chr5",180085924,180085924,0.186693367785355,0.418407940925806,180085924,180085924,0.915399187683566,0.000804107127160737,TRUE,0.00302701965034638,355,""
"chr7",62514928,62514934,0.263622248183544,0.00933613049723164,62514928,62514934,0.238163132230711,0.0364020514581942,TRUE,0.00305426842819472,356,""
"chr10",97666894,97666929,-0.196101256085293,0.00866639052619659,97666922,97666929,-0.232139322144095,0.0394358377177373,TRUE,0.00306953473114111,357,"C10orf131"
"chr5",131561363,131561363,0.208646514409297,0.251869908039264,131561363,131561363,0.808749305662949,0.00136350070977831,TRUE,0.00308276726315402,358,"P4HA2;P4HA2;P4HA2;P4HA2;P4HA2"
"chr21",34405733,34405997,-0.19824097209867,0.0268417476711823,34405553,34405733,-0.213391470307587,0.013132834903212,TRUE,0.00315510264443285,359,""
"chr7",76027101,76027101,0.436850639247282,0.00722633784097885,76027101,76027101,0.37270279825811,0.049251448750051,TRUE,0.00318211275902489,360,"ZP3;ZP3;SRCRB4D"
"chr5",102898585,102898729,-0.167546548973491,0.0106703955563237,102898585,102898585,-0.402894013281423,0.0338330667889395,TRUE,0.00322261111694524,361,"NUDT12; NUDT12;NUDT12"
"chr12",133343405,133343428,0.247296829213859,0.0118653487415742,133343405,133343428,0.250723858469952,0.0306843490029455,TRUE,0.00324691926856734,362,""
"chr6",32489750,32489750,-0.459630103073121,0.00585184368462772,32489750,32489750,-0.354132584109722,0.0624893273840133,TRUE,0.0032595632018423,363,"HLA-DRB5"
"chr4",104020949,104021023,-0.249530223939688,0.0114556079361579,104021023,104021294,-0.247507064981634,0.0320696930941003,TRUE,0.0032730130792869,364,"BDH2;BDH2"
"chr6",17831531,17831531,-0.268074298324866,0.0718648123536108,17831531,17831531,-0.593658825839027,0.00511710345784863,TRUE,0.00327587480878845,365,"KIF13A;KIF13A;KIF13A;KIF13A"
"chr9",707410,707410,-0.288384277682109,0.0494065463171006,707387,707410,-0.353808425479712,0.00745536036203017,TRUE,0.00328065025149637,366,"KANK1;KANK1"
"chr3",101546384,101546709,-0.209694917144322,0.00103403679621429,101546697,101546697,-0.225459611269882,0.358148291821259,TRUE,0.00329641756586815,367,"NXPE3;NXPE3;NFKBIZ; FAM55C;FAM55C;NFKBIZ"
"chr3",142681996,142681996,-0.245912794013644,0.111866689711483,142681996,142681996,-0.654239364596868,0.00332692368569201,TRUE,0.00331089911548555,368,"PAQR9"
"chr16",12189228,12189326,-0.23051982174726,0.0155738755222333,12189326,12189326,-0.430453091407803,0.024372363708767,TRUE,0.00336925929872099,369,"SNX29"
"chr11",5959945,5959945,0.177221382320727,0.52354594162907,5959780,5960081,0.418426826480522,0.00072624543554161,TRUE,0.00337438389320962,370,""
"chr16",49562234,49562285,-0.276977368220261,0.00767183784395878,49562234,49562285,-0.214036592802365,0.0495995893895455,TRUE,0.00337672381131979,371,"ZNF423;ZNF423"
"chr2",45172172,45172172,-0.255327918553144,0.0922482999481492,45171818,45172172,-0.401670773229676,0.00412979013886751,TRUE,0.00338023622739465,372,"SIX3"
"chr22",40915746,40915746,-0.239518339492744,0.12765586540238,40915746,40915746,-0.670202427264271,0.0029997241192211,TRUE,0.0033957111256478,373,"MKL1;MKL1;MKL1"
"chr12",111218341,111218341,-0.330785365777995,0.0248779717383142,111218341,111218341,-0.471039565676314,0.0154863182608488,TRUE,0.00341408135363864,374,""
"chr4",24981926,24981949,-0.249509118818842,0.0114578428860056,24981926,24981949,-0.243822836818413,0.0337147516061653,TRUE,0.00342217848700528,375,"CCDC149"
"chr2",179279443,179279527,-0.234571101562834,0.014564423174344,179279443,179279443,-0.421655517901319,0.0270124051608128,TRUE,0.00347808254372447,376,"MIR548N"
"chr20",55957021,55957021,-0.27531424147549,0.0626188248335707,55957021,55957021,-0.566525440820796,0.00633146011612859,TRUE,0.00350197287066482,377,""
"chr1",10571508,10571508,-0.238718087187514,0.12983717645376,10571508,10571508,-0.666508831634694,0.00307172080654637,TRUE,0.00352041212357804,378,"PEX14"
"chr3",44753948,44754102,0.228584199368964,0.0160394900738427,44754102,44754125,0.265705126740597,0.0249158165104834,TRUE,0.00352677804516227,379,"ZNF502;ZNF502;ZNF502;ZNF502"
"chr2",161348665,161348781,0.214692956543182,0.020240450804284,161348665,161348781,0.280823804519107,0.0201632456272069,TRUE,0.00359301457820957,380,"RBMS1;RBMS1"
"chr16",3017955,3017955,0.188970412647839,0.396606005161244,3017955,3018470,0.307665514956434,0.00103088729318999,TRUE,0.00359881154645491,381,"KREMEN2;PAQR4;KREMEN2"
"chr1",35909563,35909835,-0.210473758981784,0.0217840561657796,35909563,35909835,-0.284809213965087,0.0190576923178144,TRUE,0.00364789925369061,382,"KIAA0319L"
"chr14",20774155,20774176,-0.24115531927144,0.00521935287772142,20774155,20774166,-0.162939151260678,0.0795849877846247,TRUE,0.003649676893825,383,"TTC5"
"chr7",127911967,127912035,0.20165957262692,0.0253435862899237,127911866,127912035,0.173833386296902,0.0166897720265312,TRUE,0.00370875689771954,384,""
"chr4",9479622,9479622,0.261303214069012,0.0819414562337221,9479622,9479947,0.381521770758131,0.00525233692223974,TRUE,0.00376621944572505,385,""
"chr13",41885092,41885092,-0.168473872468827,0.644312201634195,41885092,41885092,-0.956309608674226,0.000669324816946073,TRUE,0.0037729618715868,386,"NAA16;NAA16;NAA16"
"chr3",73045686,73045686,0.310170696067486,0.0341381139407232,73045556,73045686,0.314314108176423,0.0126536339754586,TRUE,0.00377851757765915,387,"PPP4R2"
"chr19",7004657,7004657,0.338713845251335,0.0222466907842588,7004657,7004657,0.449927373313261,0.0195130572665787,TRUE,0.00379501185435704,388,""
"chr15",72524565,72524656,-0.264076974711951,0.00927876678447336,72524565,72524565,-0.376458490056487,0.0469612397656615,TRUE,0.00380771716991555,389,"PKM;PKM;PKM;PKM;PKM;PKM; PKM2;PKM2;PKM2"
"chr12",7781093,7781288,-0.200352344202677,0.00832071828308173,7781093,7781093,-0.367393975660069,0.0526952213674438,TRUE,0.00382875498912025,390,""
"chr6",38683035,38683221,0.368602349257601,0.00116962375364297,38683035,38683035,0.221959839846906,0.375923465603968,TRUE,0.00383824013422347,391,"DNAH8;DNAH8; "
"chr3",150478275,150478499,-0.199611205093291,0.026263640643904,150478275,150478499,-0.293990378648535,0.0167543998623077,TRUE,0.003840887507127,392,"SIAH2"
"chr3",113955940,113955940,-0.212315296617947,0.231899141183272,113955940,113955994,-0.473897490122378,0.00191902188571468,TRUE,0.00387940984229385,393,"ZNF80;ZNF80"
"chr5",43009543,43009543,-0.38398568904226,0.0125313637961964,43009543,43009543,-0.398572712493641,0.0356590757219426,TRUE,0.00389358539953678,394,""
"chr10",5335200,5335200,0.261623966970264,0.0814281627520278,5335200,5335200,0.584489341614129,0.00549174940520961,TRUE,0.00389610145675754,395,""
"chr17",1775354,1775372,-0.226274609234093,0.0166332417500551,1775344,1775354,-0.260249408068533,0.0268904431484456,TRUE,0.00389681236855192,396,"RPA1"
"chr17",78233756,78233937,0.359997121167892,0.00072337876738046,78233937,78233937,0.18575862850446,0.619059060818816,TRUE,0.00390096852051563,397,"RNF213;RNF213"
"chr11",110299881,110300161,-0.171943449781832,0.0401918480949287,110300161,110300161,-0.502401280858352,0.0112338893783494,TRUE,0.00392945823823102,398,"FDX1"
"chr6",110512070,110512070,0.324175462806317,0.027503292826109,110512070,110512070,0.465513827009302,0.016444043385091,TRUE,0.00393526995577493,399,"CDC40"
"chr1",85411171,85411171,-0.219148732068165,0.198712370894397,85411171,85411171,-0.714409599407086,0.00228885552186019,TRUE,0.00395496687395564,400,"MCOLN2"
"chr16",3018470,3018470,0.184409043584392,0.441534456966786,3017955,3018470,0.307665514956434,0.00103088729318999,TRUE,0.00395764753223911,401,"PAQR4"
"chr16",2907859,2908157,-0.221451964251139,0.00658192730155135,2908060,2908060,-0.345947124044332,0.0695222946483415,TRUE,0.00397625052241383,402,"PRSS22;PRSS22; PRSS22"
"chr12",739280,739312,0.464456203862789,0.000866415557634887,739280,739280,0.197184418669605,0.529403635084546,TRUE,0.00398465277718919,403,"NINJ2; LOC100049716;NINJ2;NINJ2"
"chr14",100531591,100531800,-0.173942570317368,0.0103776171262717,100531800,100532036,-0.222963733995255,0.0443651858458197,TRUE,0.00399788195558368,404,"EVL; EVL;EVL"
"chr6",13874251,13874251,-0.187796391973946,0.407677201723593,13873924,13874251,-0.438835426068566,0.00113856275663623,TRUE,0.00402676519425839,405,""
"chr4",102712216,102712397,-0.181476799218272,0.0351542711381557,102712216,102712397,-0.310773539323118,0.01328032472273,TRUE,0.00404743500472813,406,"BANK1;BANK1"
"chr17",76274577,76274577,-0.179739457879566,0.493017271692423,76274140,76274856,-0.315826738632448,0.000963853301805677,TRUE,0.0041112952611667,407,"LOC100996291"
"chr18",3258800,3258800,0.312175011184962,0.0330444784819029,3258800,3258800,0.477929793778291,0.014388960918995,TRUE,0.00411343296693174,408,""
"chr11",65314021,65314454,-0.341473217061107,0.00053489799688895,65314314,65314314,-0.157593301883567,0.904672626363209,TRUE,0.00417787249221842,409,"LTBP3;LTBP3;LTBP3"
"chr6",169284344,169284344,0.159004213192112,0.806840734493918,169284319,169284344,0.619601667978079,0.000599771881409914,TRUE,0.00417797027595749,410,""
"chr15",51912957,51912957,-0.717076684043057,0.000942403852457551,51912957,51912957,-0.199300898525961,0.51418725740594,TRUE,0.00418294439570061,411,"DMXL2;DMXL2;DMXL2"
"chr14",22788380,22788380,-0.255381418114663,0.0921343175059152,22788380,22788380,-0.588275912985425,0.00533110092221177,TRUE,0.00423331278870178,412,""
"chr2",242988706,242988706,0.386283954374503,0.0121983562688853,242988706,242988706,0.387622352177294,0.0408073464141477,TRUE,0.00428359168384397,413,""
"chr10",3282311,3282783,-0.2241936077586,0.0017231463325963,3282783,3282783,-0.240563380136738,0.290484113244811,TRUE,0.00430460584594229,414,""
"chr21",43528734,43528868,-0.209022973436315,0.0223562033267973,43528734,43528868,-0.273263627834007,0.0224175126622059,TRUE,0.00430934649793466,415,"C21orf128;UMODL1;UMODL1; UMODL1;UMODL1;C21orf128"
"chr1",182038433,182038433,-0.17093386361327,0.607485443026659,182038423,182038433,-0.574223861659696,0.000826401662713679,TRUE,0.00431585400538689,416,""
"chr8",143326234,143326234,0.268126735440412,0.0717947839250487,143326234,143326234,0.554133293924643,0.0070139060003731,TRUE,0.00432751196717435,417,"TSNARE1"
"chr9",85341807,85341807,0.466103506711893,0.00552554100685981,85341807,85341807,0.325242472025461,0.0913726689145674,TRUE,0.00433754592660394,418,""
"chr3",32474566,32474566,-0.269427442426072,0.0700157638462593,32474566,32474566,-0.549875742588779,0.00726741705135706,TRUE,0.00436751816808316,419,"CMTM7;CMTM7"
"chr7",151411526,151411526,0.265272143870598,0.0758832521798211,151411526,151411526,0.558161227902693,0.00678107284914314,TRUE,0.00441098507410362,420,"PRKAG2;PRKAG2"
"chr15",29442040,29442169,0.172970965384011,0.0397061189946898,29442040,29442169,0.312507969268025,0.0129687275715281,TRUE,0.00441377134628439,421,"FAM189A1"
"chr2",183981465,183981465,0.453477150574439,0.00620049586087288,183981465,183981465,0.332370656713008,0.0831133142139206,TRUE,0.00441684459970738,422,"NUP35"
"chr6",150954381,150954381,-0.318254859134338,0.0300585854853417,150954381,150954381,-0.461398322082337,0.0171955910506952,TRUE,0.00442843593025697,423,"PLEKHG1"
"chr12",14518548,14518548,-0.44812274450768,0.00651785873924989,14518548,14518548,-0.335496970003166,0.0797606747401709,TRUE,0.00445108248137726,424,"ATF7IP"
"chr17",78755442,78755442,0.204325553428333,0.277818420754638,78755379,78755442,0.386551196322266,0.00187785406711354,TRUE,0.00446494511946272,425,"RPTOR;RPTOR"
"chr12",8218922,8218922,-0.301694339824199,0.0391540863823016,8218922,8219020,-0.310516517948745,0.0133274327379878,TRUE,0.00446585968358358,426,"C3AR1;C3AR1"
"chr11",133657466,133657466,-0.162170055351805,0.748227684770754,133657466,133658113,-0.42164513223863,0.000706394651777777,TRUE,0.00451661196886409,427,""
"chr20",62272968,62272968,0.305309233124044,0.036922861450989,62272968,62272968,0.477721409133273,0.0144206544998907,TRUE,0.00454608336091785,428,"STMN3"
"chr6",30292298,30292298,0.206719717732183,0.263108725840192,30292220,30292298,0.193864463625602,0.00204286370715041,TRUE,0.00458407708400923,429,"HCG18;HCG18"
"chr14",93052501,93052663,-0.21834495979205,0.00681883198541025,93052501,93052524,-0.164487054099458,0.0789906297533322,TRUE,0.00459257240882147,430,"RIN3"
"chr6",151706546,151706546,0.2449586446446,0.114050980695993,151706546,151706546,0.604003221563715,0.00473283288805669,TRUE,0.00460130489969122,431,"ZBTB2"
"chr7",42897317,42897317,-0.208652309458137,0.251838618741395,42896343,42897317,-0.300159878809199,0.00214365906940578,TRUE,0.00460184594572752,432,""
"chr5",131808798,131808892,-0.212167924297555,0.0211545452920036,131808892,131808892,-0.426445353761891,0.0255316419613386,TRUE,0.00460375806672748,433,"C5orf56"
"chr3",196255632,196255632,0.401342737639441,0.0102852391992324,196255632,196255907,0.20865532622467,0.0528851196795482,TRUE,0.00463252908620325,434,""
"chr16",22959525,22959525,0.302755614188655,0.0384947761772226,22959525,22959594,0.30571810646255,0.0142319968617715,TRUE,0.00466199109739826,435,""
"chr12",84218134,84218134,0.607104062289457,0.0018818277717848,84218134,84218134,0.240169833664882,0.29208841749627,TRUE,0.0046755244669221,436,""
"chr1",67073316,67073316,0.161292890094136,0.764138292736711,67072952,67073316,0.593608342406999,0.000720530815973234,TRUE,0.00468246762205041,437,"SGIP1;SGIP1"
"chr1",64058523,64058883,0.219857984521587,0.000570657194452557,64058791,64058791,0.152201494994551,0.971538111662614,TRUE,0.00471119686856813,438,"PGM1; PGM1;PGM1"
"chr2",187713876,187714151,0.221764596004511,0.000566187294757106,187714068,187714068,0.151309684358416,0.9829622377187,TRUE,0.00472712906942076,439,"ZSWIM2; ZSWIM2;ZSWIM2"
"chr11",61594965,61594965,-0.229924016292115,0.156705743523115,61594708,61594965,-0.32916486144991,0.0035531399090007,TRUE,0.00472905266897718,440,"FADS2"
"chr12",109250445,109250515,0.197313820037067,0.0272544684097289,109250515,109250515,0.4454076616927,0.0205375532089356,TRUE,0.00475109519648119,441,"SSH1;SSH1"
"chr16",89165752,89165752,-0.222728353714185,0.183429038852368,89165752,89165752,-0.667411167593992,0.00305390021657656,TRUE,0.00475434398569752,442,"ACSF3;ACSF3;ACSF3"
"chr1",114326231,114326408,-0.238993414794439,0.013587750090888,114326408,114326408,-0.386051440379869,0.0416221684529991,TRUE,0.00479458207386596,443,"RSBN1; RSBN1;RSBN1"
"chr12",132859951,132859951,-0.663619924886697,0.00132234532657087,132859951,132859951,-0.212590470241724,0.427966656397896,TRUE,0.0047973343853905,444,"GALNT9"
"chr8",55087084,55087400,-0.190907461933007,0.0091066756461985,55087400,55087818,-0.194093408681774,0.0621946485144282,TRUE,0.00480082435617284,445,""
"chr11",107582900,107582900,-0.594713868684162,0.00204497911066876,107582900,107582900,-0.243852838743449,0.277581780529584,TRUE,0.00481026133465735,446,"SLN"
"chr10",105004470,105004634,-0.179572093944284,0.0362032076000215,105004470,105004751,-0.185506499421546,0.0159403297470837,TRUE,0.00488075374480895,447,"LOC729020"
"chr8",81397634,81397717,-0.210376283131284,0.00746994737438092,81397668,81397668,-0.337657218661759,0.0775255065653084,TRUE,0.0048958172707307,448,"ZBTB10;ZBTB10; ZBTB10;ZBTB10;ZBTB10"
"chr7",72299837,72299837,-0.187160130363312,0.413836723503925,72299837,72299837,-0.802360376926682,0.00140899208923709,TRUE,0.00492547965915751,449,"SBDSP;SBDSP;SBDSP;TYW1B;TYW1B;SBDSP"
"chr8",2585976,2585976,-0.198164171851396,0.320150605820405,2585666,2586002,-0.3884982816278,0.00184063384755636,TRUE,0.00497152532134371,450,""
"chr9",131938815,131938815,-0.235689151788027,0.138394054437418,131938815,131938815,-0.618296055352947,0.00426261744765089,TRUE,0.00497629087043818,451,"IER5L;IER5L"
"chr15",98196234,98196247,0.20796891241961,0.0228046832629076,98196247,98196333,0.262919685166924,0.0259114761817288,TRUE,0.00498359245065289,452,""
"chr9",131446290,131446298,-0.234494361105976,0.0145741079570174,131446290,131446298,-0.229949183631406,0.0405664676801043,TRUE,0.00498594943556706,453,"SET;SET"
"chr12",131092728,131092728,-0.287006607811683,0.0506104393017421,131092728,131092728,-0.497899150957551,0.0117454606182632,TRUE,0.00500989709255059,454,""
"chr6",28226980,28227068,0.154929126570742,0.0468676432900846,28226941,28227068,0.217231053006536,0.0126930723697166,TRUE,0.00501325036194918,455,"NKAPL; ZKSCAN4;NKAPL;ZKSCAN4"
"chr10",125671712,125671712,0.228432391344558,0.161864752754948,125671099,125671712,0.24089954900141,0.00372160839772369,TRUE,0.00506892775298244,456,""
"chr13",50701256,50701256,-0.230258671153706,0.155602423281622,50701050,50701501,-0.321189750944956,0.00389864881579924,TRUE,0.0051003654104053,457,""
"chr17",74668195,74668252,-0.260974701061363,0.00968105775706393,74668195,74668195,-0.353459949018583,0.0630359382649648,TRUE,0.00512713568307457,458,""
"chr10",134598316,134598352,-0.316517045959152,0.00448405437781976,134598352,134598352,-0.295502505713039,0.136393231394045,TRUE,0.00513705319642191,459,"NKX6-2; "
"chr15",101389974,101389974,-0.163860614108229,0.719051904475264,101389568,101389974,-0.234709999053595,0.000855049952918302,TRUE,0.00516094953966307,460,""
"chr1",208132787,208132787,0.209143976283746,0.249023326916544,208132490,208132787,0.361006064571887,0.00247209930986194,TRUE,0.00516675418519393,461,""
"chr11",64936865,64936979,0.185086168798775,0.00955888049872161,64936865,64936920,0.189501770069379,0.0651531672188669,TRUE,0.00521980044624406,462,"SPDYC"
"chr7",30196739,30197085,-0.219929368994288,0.00177827509550686,30197017,30197017,-0.2269549376139,0.350817412415748,TRUE,0.00522761285896116,463,"MTURN"
"chr1",38139794,38139794,-0.489822846991132,0.00448852427751521,38139794,38139794,-0.293884801239226,0.139426716884137,TRUE,0.00524215004461367,464,""
"chr7",27175152,27175152,-0.170220040143215,0.617937558481188,27175152,27175152,-0.866162631553957,0.0010176910335288,TRUE,0.00526463569444882,465,""
"chr4",190942739,190942744,0.269629147496933,0.0085583679502232,190942744,190942744,0.341426267334761,0.073771189489792,TRUE,0.00528299686195291,466,""
"chr7",120627839,120628002,-0.210681710054456,0.0217162626870653,120628002,120628056,-0.254288069806774,0.0292114434053779,TRUE,0.00530511027585475,467,"C7orf58; C7orf58;C7orf58"
"chr11",1859381,1859381,-0.203087839174905,0.285695129001305,1859381,1859510,-0.458034202538064,0.00224859001161196,TRUE,0.00536431475359363,468,"TNNI2;TNNI2"
"chr2",46844408,46844411,-0.204431020173214,0.0241560829374989,46844395,46844408,-0.260749266208766,0.0267065226291792,TRUE,0.0053842559467476,469,"PIGF;PIGF;CRIPT;CRIPT; CRIPT;PIGF;PIGF;CRIPT"
"chr8",638208,638208,0.235309202462679,0.139537603776171,638208,638330,0.391195107894415,0.0046766265969072,TRUE,0.00543887009662577,470,"ERICH1"
"chr17",72462623,72463080,-0.312342972349086,0.000734553516619087,72462635,72462635,-0.158101322444145,0.898601632591618,TRUE,0.00549387854689339,471,"CD300A; CD300A;CD300A; CD300A;CD300A;CD300A;CD300A"
"chr19",42379689,42379744,-0.267886633754491,0.00379643480800291,42379689,42379689,-0.277730443849414,0.173880007877152,TRUE,0.00549426758824431,472,"CD79A;CD79A"
"chr1",108735499,108735499,0.303113474406518,0.038260851426494,108735499,108735499,0.460792888803517,0.0173118008473127,TRUE,0.00551066841825008,473,"SLC25A24;SLC25A24"
"chr22",30592296,30592435,-0.169452528353699,0.0414277753607209,30592296,30592435,-0.297054137394269,0.0160578930062305,TRUE,0.00553173223698743,474,""
"chr6",161836665,161836665,-0.239759517201968,0.126996555197301,161836665,161837218,-0.29464521021816,0.00534719208783851,TRUE,0.00563277685441695,475,"PARK2;PARK2;PARK2"
"chr7",149976,149976,0.180748078106088,0.481201091847499,149795,150084,0.342937848287784,0.00141203737992814,TRUE,0.00563568701718189,476,""
"chr10",124638991,124638991,-0.223251743118295,0.181340105728027,124638983,124639110,-0.238517290926171,0.00379292835378428,TRUE,0.00569644119896678,477,"LOC399815;FAM24B"
"chr16",89990300,89990493,0.224670218563921,0.0170653320539487,89990493,89990493,0.387711853004848,0.0407616294576006,TRUE,0.00575320190579873,478,"TUBB3"
"chr12",98908615,98908615,-0.174358007248531,0.560295966958501,98908615,98908615,-0.825805081508967,0.00124435841101394,TRUE,0.00576482055358858,479,"TMPO-AS1;TMPO;TMPO;TMPO;TMPO"
"chr1",42248998,42248998,-0.489904050656262,0.00448405437781976,42248998,42248998,-0.285640013749786,0.156008963831947,TRUE,0.00578185146818108,480,"HIVEP3;HIVEP3"
"chr14",78108189,78108189,0.182347102130166,0.463384071661432,78108189,78108523,0.40838950270525,0.00151230639564432,TRUE,0.00579075750012824,481,""
"chr12",187284,187480,0.229066372837417,0.0159262526148913,187284,187480,0.223044345200952,0.0443212735059785,TRUE,0.00582773186482714,482,"IQSEC3;IQSEC3"
"chr5",2747922,2748066,-0.205994560215217,0.0235839357764812,2747922,2748066,-0.252486878398648,0.0299424635559536,TRUE,0.00582983127464807,483,"IRX2;IRX2"
"chr11",5646029,5646029,-0.292264122072614,0.0461010554923148,5646029,5646029,-0.471956304569174,0.0153345424766545,TRUE,0.00583547181000623,484,"TRIM6-TRIM34;TRIM34;TRIM34;TRIM34"
"chr3",172165884,172165884,0.160576311184765,0.777337906537377,172165884,172165884,0.888233470151805,0.000913624803494159,TRUE,0.00585908953132646,485,"GHSR;GHSR"
"chr16",1138797,1138797,-0.185849723361272,0.426848601517382,1138797,1138797,-0.770134875379845,0.00167261651300982,TRUE,0.00588633098985668,486,"C1QTNF8"
"chr19",58791159,58791159,-0.489569788686368,0.00449820906018869,58791159,58791159,-0.284328178329609,0.158822286083931,TRUE,0.00588967663322137,487,"ZNF8"
"chr4",28997413,28997413,0.173976886196739,0.565344718664513,28997413,28997413,0.819304278597741,0.00128575180670329,TRUE,0.00597995332664454,488,""
"chr5",180728293,180728293,0.155332659615579,0.880766170607132,180728293,180728293,0.906459961415196,0.000838432440752366,TRUE,0.00606347455576048,489,""
"chr5",56204597,56204613,-0.211179098235666,0.02151511720077,56204597,56204613,-0.242372242736502,0.0343857306550917,TRUE,0.00607320877538074,490,"SETD9;SETD9"
"chr11",62609102,62609557,-0.254385544900947,0.00231317309239581,62609472,62609472,-0.233609969944336,0.319938653558933,TRUE,0.00607508641189456,491,"; WDR74"
"chr1",111308793,111308855,-0.172227474770376,0.0400607310371955,111308793,111308855,-0.287007546785514,0.018479876606325,TRUE,0.00607684445659641,492,""
"chr12",54148217,54148217,0.208244134206945,0.2541599866499,54148044,54148217,0.346283716803349,0.00291663655839142,TRUE,0.00608387162063118,493,""
"chr17",40264320,40264364,-0.167472565473674,0.0423575144973747,40264320,40264364,-0.29065765731257,0.0175541458324295,TRUE,0.00610013953117373,494,"DHX58"
"chr15",50296100,50296100,0.307553527143037,0.035623610606178,50296100,50296100,0.443797179661686,0.0209134398302818,TRUE,0.00611067225494781,495,"ATP8B4"
"chr8",144437314,144437314,-0.295441428912279,0.0436813497905107,144437314,144437314,-0.461858735468242,0.0171071272359295,TRUE,0.00612687484454613,496,""
"chr2",147840635,147840635,-0.233472677264702,0.145229276055045,147840635,147840635,-0.59287433568825,0.00514849626929333,TRUE,0.00613011413773981,497,""
"chr6",25050788,25050788,-0.177430841287012,0.520943715023035,25050788,25050788,-0.796239435990069,0.00145489702669096,TRUE,0.00620352034116409,498,""
"chr10",65632259,65632259,-0.327620793928643,0.0261086841211283,65632259,65632259,-0.413835458465276,0.0296414309317168,TRUE,0.0063181632371164,499,""
"chr19",35800743,35800925,0.218546348812611,0.0189397099929078,35800743,35800743,0.387065122758897,0.0410920998918508,TRUE,0.00634948437673918,500,"MAG;MAG"
"chr5",106599492,106599492,-0.331263409260058,0.0247014107003439,106599492,106599492,-0.408675892135061,0.0315401884756726,TRUE,0.00635531588471445,501,""
"chr17",48586147,48586147,0.180081131452914,0.488983932200561,48585974,48586147,0.402807437910737,0.00159625866864553,TRUE,0.00636574778500605,502,"MYCBPAP"
"chr6",33282896,33282896,0.151881661956451,0.956197962917712,33282890,33283015,0.243674913572061,0.000821890120949171,TRUE,0.00640397447620924,503,"ZBTB22;TAPBP;TAPBP;TAPBP;ZBTB22"
"chr2",173061858,173061858,-0.174851088753795,0.553848881631096,173061715,173061858,-0.50614377793991,0.00142613594794222,TRUE,0.00643237435921156,504,""
"chr17",4498541,4498541,0.244662457899912,0.114739345249093,4498541,4498541,0.55454313922582,0.00698913011684968,TRUE,0.00651846663751115,505,"SMTNL2;SMTNL2"
"chr21",34447480,34447551,-0.158078817857375,0.0460310270637527,34447480,34447551,-0.291181477467754,0.0174234615059842,TRUE,0.00651911970658686,506,""
"chr9",123698562,123698562,-0.245080627463062,0.11376937701518,123698562,123698562,-0.552439308646842,0.00711263357265308,TRUE,0.00657026985550547,507,""
"chr2",165924708,165924708,-0.195269835348344,0.342494144431399,165924708,165924708,-0.708867358106638,0.00236577730894504,TRUE,0.00657785127688764,508,""
"chr1",78444904,78444904,0.270825346457482,0.0681883198541025,78444904,78444904,0.495877062057839,0.0119886703155515,TRUE,0.00662922938162069,509,"FUBP1;FUBP1;FUBP1"
"chr2",46740690,46740690,0.278436652029658,0.0590652545756873,46740690,46740690,0.481184609365732,0.0139117525888543,TRUE,0.00665917647171391,510,"ATP6V1E2"
"chr15",98503947,98503947,0.160909551306974,0.771203714188654,98503878,98504537,0.301459715606492,0.00108498819818271,TRUE,0.00676592636495325,511,"ARRDC4;ARRDC4"
"chr2",71176060,71176060,-0.264127492340991,0.0775706393148538,71175792,71176060,-0.233830330213963,0.0108046913718192,TRUE,0.00677570310606296,512,"ATP6V1B1"
"chr12",75785295,75785295,-0.233587068966462,0.144858274380323,75785232,75785295,-0.37359648953428,0.00579142856691703,TRUE,0.00678143770962625,513,"GLIPR1L2"
"chr10",30595593,30595593,0.287698376902526,0.0500122177258342,30595150,30595593,0.171937994510798,0.0167812811319879,TRUE,0.00678379454689785,514,""
"chr6",74295921,74295921,-0.203990020232199,0.279958012742194,74295921,74295921,-0.669219570936468,0.0030192365373526,TRUE,0.00682620292266764,515,""
"chr8",38816065,38816065,-0.184439530436861,0.441207409305735,38816065,38816065,-0.745345234777037,0.00191631496065597,TRUE,0.0068278508473183,516,"PLEKHA2"
"chr16",82687417,82687722,-0.253068799664209,0.0108693060927713,82687417,82687722,-0.166257416375113,0.0782529926748352,TRUE,0.0068636620594765,517,"CDH13;CDH13;CDH13;CDH13;CDH13;CDH13"
"chr1",186613056,186613056,0.334275986652043,0.0236740787536728,186613056,186613056,0.397699208626902,0.0360378572492543,TRUE,0.0068820909759035,518,""
"chr8",3142273,3142273,-0.236700743310931,0.135440195722008,3142273,3142273,-0.566770597553717,0.00631901578009482,TRUE,0.00690106515437183,519,"CSMD1"
"chr7",140076235,140076239,-0.222757549178084,0.0176419491146619,140076235,140076239,-0.215803840687564,0.0485383995741706,TRUE,0.00690433709593933,520,"SLC37A3;SLC37A3;SLC37A3"
"chr12",114234083,114234200,0.222980218940968,0.00648284452496886,114234123,114234123,0.297840893312044,0.13210801864139,TRUE,0.00690521125884331,521,""
"chr7",100472382,100472382,-0.199142438265577,0.313050915137464,100472376,100472382,-0.437537104668527,0.00277174087538798,TRUE,0.00698466583363947,522,"SRRT;SRRT;SRRT;SRRT"
"chr19",17377962,17377977,-0.233232056630519,0.0148750812031778,17377977,17378008,-0.199874977134942,0.05847319050143,TRUE,0.00699944955409137,523,"C19orf62;C19orf62"
"chr8",33342441,33342441,0.267444516993926,0.0727580473094184,33342441,33342441,0.496027886635289,0.0119719024186601,TRUE,0.00700831962679804,524,"MAK16"
"chr6",32383451,32383549,-0.190890029287653,0.00910891059604622,32383549,32383549,-0.321658646247757,0.0958468400747923,TRUE,0.00702246568230497,525,""
"chr1",203156097,203156097,0.157565806215124,0.834958638528151,203155737,203156246,0.305771732634568,0.00104645211227754,TRUE,0.00702728270624761,526,"CHI3L1"
"chr11",18034626,18034688,0.247555715456533,0.004818551871696,18034626,18034626,0.27460287671505,0.181503611150817,TRUE,0.00703320054371317,527,"SERGEF;SERGEF; SERGEF"
"chr20",57933878,57933878,0.361409686686702,0.0163888872333705,57933878,57933878,0.366096924409338,0.0535827168248852,TRUE,0.00705837837183094,528,""
"chr7",127116136,127116136,0.471320955748017,0.00526032695826306,127116136,127116136,0.280354155386855,0.16772972375905,TRUE,0.0070875896112121,529,"LOC100506682"
"chr10",128810484,128810499,-0.344364988619468,0.00321758279744203,128810499,128810499,-0.244385827070677,0.275529931335086,TRUE,0.00711730910120136,530,"DOCK1"
"chr13",101237377,101237377,-0.250185572278383,0.102428496504538,101237377,101237377,-0.529347585984084,0.00871242628234747,TRUE,0.00715847744624959,531,"GGACT"
"chr3",196693980,196694153,0.246101404313238,0.0121089582749763,196693980,196694153,0.175298412495625,0.073762880733709,TRUE,0.00716403061627888,532,"PIGZ"
"chr1",186003041,186003041,-0.242294703047569,0.120527865354701,186003041,186003041,-0.547559305312787,0.00741509485178194,TRUE,0.00716777887555474,533,"HMCN1"
"chr1",3039210,3039210,-0.281705881932703,0.0556286466931682,3039059,3039210,-0.296744225604027,0.0161271075761343,TRUE,0.00719166616512123,534,"PRDM16;PRDM16"
"chr3",182513355,182513355,-0.269540831871589,0.0698734720392874,182513355,182513355,-0.487202514027593,0.0130683198559796,TRUE,0.00730378328782057,535,"ATP11B"
"chr15",68930255,68930255,0.491157233254607,0.0044438252805607,68930255,68930255,0.265074807257348,0.206917802641553,TRUE,0.00734839611456655,536,"CORO2B"
"chr12",132862024,132862110,0.216817939630976,0.00334944483845782,132862024,132862024,0.24444010232051,0.275327438302223,TRUE,0.00736718234618595,537,"GALNT9"
"chr3",111260756,111260897,-0.226619137031847,0.00306337125794897,111260756,111260756,-0.237974360181925,0.301112102564187,TRUE,0.00736874845216241,538,"CD96;CD96"
"chr2",225811738,225811938,-0.239489142340111,0.0134782375483494,225811669,225811738,-0.184198546861165,0.0684937007222151,TRUE,0.00737403291426213,539,"DOCK10;DOCK10;DOCK10; DOCK10;DOCK10"
"chr1",78245116,78245177,-0.250326729076327,0.00464571575013857,78245152,78245152,-0.267174982709511,0.201012720818352,TRUE,0.00744855524074458,540,"FAM73A;FAM73A"
"chr10",14215708,14216014,-0.21073684195025,0.00744536292605594,14215771,14215771,-0.300683415844417,0.12712607345557,TRUE,0.00753673130823872,541,"FRMD4A"
"chr16",57727230,57727230,-0.406295617945077,0.0097719457175381,57727230,57727230,-0.319942664734273,0.0980747145904689,TRUE,0.00761938159126962,542,"CCDC135"
"chr2",131768474,131768474,-0.210653159655767,0.240623640405509,131768474,131768474,-0.627593427739095,0.00398760138092278,TRUE,0.00762723732087293,543,"ARHGEF4;ARHGEF4"
"chr7",855012,855012,0.200933216532479,0.300256572242519,855012,855012,0.660283470030777,0.00319857032249177,TRUE,0.00763335628496924,544,"SUN1;SUN1;SUN1;SUN1"
"chr10",92631648,92631691,-0.226841025412822,0.00619900589430773,92631655,92631655,-0.286012007520001,0.155223955564923,TRUE,0.0076461562036645,545,"RPP30;RPP30"
"chr2",26048283,26048283,-0.244611002017359,0.114848112808349,26048283,26048283,-0.533622337881017,0.00838086555883753,TRUE,0.00764818708826888,546,"ASXL2"
"chr10",114709880,114709946,-0.248089982030946,0.00247855938112749,114709946,114709946,-0.219504080150688,0.388937609362592,TRUE,0.00765845461667248,547,"TCF7L2;TCF7L2;TCF7L2;TCF7L2;TCF7L2;TCF7L2"
"chr9",138967844,138967872,-0.225623287853444,0.0167949031223739,138967844,138967872,-0.201382840727911,0.0575096755652567,TRUE,0.00767140046214753,548,"NACC2"
"chr18",72916393,72916393,0.193490018589511,0.356968424628551,72916393,72917163,0.276153739831321,0.0027070002510673,TRUE,0.00767448410895215,549,"ZADH2"
"chr10",35485053,35485053,-0.353637863939287,0.0180926640006198,35485053,35485152,-0.20732567339661,0.0537133259589677,TRUE,0.00771267418926041,550,"CREM;CREM;CREM;CREM;CREM;CREM;CREM;CREM;CREM;CREM;CREM;CREM;CREM;CREM;CREM;CREM;CREM;CREM;CREM;CREM;CREM;CREM;CREM;CREM;CREM;CREM;CREM;CREM;CREM"
"chr10",6020330,6020387,-0.229244125193945,0.0060380895052715,6020387,6020387,-0.283349065513883,0.160983314589131,TRUE,0.007714162034811,551,"IL15RA;IL15RA"
"chr15",50411535,50411829,-0.221158515360867,0.0180889390842069,50411535,50411829,-0.207178741446054,0.0538095345870958,TRUE,0.00772335656300901,552,"ATP8B4; ATP8B4;ATP8B4;ATP8B4"
"chr17",69085963,69085963,0.172723499639046,0.582301283159206,69085963,69085963,0.769709657920119,0.00167618815024006,TRUE,0.00774200123353655,553,""
"chr5",33439359,33440240,0.320595054112636,0.00112119984027558,33440240,33440240,0.160416198988125,0.871340528691037,TRUE,0.00774824205107811,554,"TARS;TARS;TARS;TARS;TARS;TARS; TARS; "
"chr1",209979283,209979283,-0.251267096906146,0.100160022409097,209979283,209979377,-0.242170558833526,0.00987929896355599,TRUE,0.00783524328586961,555,"IRF6"
"chr6",163570521,163570521,0.156659889015351,0.85333141624302,163570371,163570725,0.43611601310179,0.00116488008359586,TRUE,0.00786648963033146,556,"PACRG;PACRG;PACRG"
"chr8",50110978,50110978,-0.381225785629371,0.0129358897186347,50110978,50110978,-0.337870625746487,0.0773090277529747,TRUE,0.00790817704577904,557,""
"chr16",58534681,58534681,0.214129477198401,0.222523526572064,58534681,58534708,0.394458087041851,0.00449785675448859,TRUE,0.00791382644377167,558,"NDRG4;NDRG4;NDRG4"
"chr22",18920088,18920114,-0.202870936827627,0.0248250779252514,18919803,18920088,-0.229029925730198,0.0410507064961615,TRUE,0.00803942251016358,559,"PRODH;PRODH"
"chr2",55450737,55450874,-0.356798331273768,0.00132532525970117,55450737,55450737,-0.169449481182186,0.772099054207904,TRUE,0.00806831530380466,560,"C2orf63;C2orf63"
"chr14",58711667,58711803,-0.193294492035784,0.029174290328925,58711803,58711803,-0.39959966769348,0.0352096509698349,TRUE,0.0080953936955718,561,"PSMA3;PSMA3"
"chr7",16724981,16724981,-0.259492971290961,0.0848677505676773,16724981,16724981,-0.494832225481289,0.0121105947317373,TRUE,0.008099400645732,562,"BZW2;BZW2;BZW2"
"chr15",41062086,41062224,-0.266493437137905,0.00206360369273313,41062088,41062088,-0.201592495230624,0.498202789741927,TRUE,0.00810142468640611,563,"C15orf62;DNAJC17; DNAJC17;C15orf62; DNAJC17;C15orf62;C15orf62"
"chr15",60840281,60840435,-0.217729590943507,0.0192086489579174,60840435,60840435,-0.364826605681193,0.0544581439081065,TRUE,0.00822493221952059,564,"RORA-AS1;RORA-AS1;RORA;RORA;RORA;RORA"
"chr11",67183148,67183330,0.192255912884208,0.0296823689276413,67183080,67183148,0.240407933343723,0.0353168000867419,TRUE,0.00824015769090398,565,"ATPGD1;ATPGD1; ATPGD1;ATPGD1;ATPGD1;ATPGD1"
"chr7",158947138,158947138,0.32853299627353,0.02575332709534,158947138,158947138,0.385854034235082,0.0417240917006956,TRUE,0.00841990803966537,566,""
"chr14",20882065,20882083,-0.192344351994425,0.00899343818724708,20882072,20882072,-0.304717385812859,0.120369438124317,TRUE,0.00847457155992445,567,"TEP1"
"chr3",143393375,143393391,-0.227030330652879,0.0164343312136076,143393375,143393375,-0.350054701374432,0.0658875334295846,TRUE,0.00847650019018027,568,"SLC9A9"
"chr3",158962761,158962761,0.245762100889934,0.112190757439403,158962761,158962761,0.517786780579386,0.00969233315359852,TRUE,0.00850771347055615,569,"IQCJ;IQCJ"
"chr1",247694041,247694041,-0.209721668234141,0.245761045122147,247694041,247694406,-0.216404027208167,0.00443405603470218,TRUE,0.00852359751666834,570,"LOC148824;OR2C3"
"chr13",26545816,26545823,-0.220155942896434,0.0183981071464756,26545816,26545823,-0.196897330261331,0.0603861218057626,TRUE,0.00866850596963441,571,"ATP8A2"
"chr6",146350131,146350192,0.19355121222053,0.029049878120735,146350192,146350214,0.234218735389738,0.0383697979949656,TRUE,0.00869331290957845,572,"GRM1;GRM1; GRM1;GRM1;GRM1;GRM1"
"chr6",31795065,31795116,-0.227419552454556,0.0163307785373296,31795065,31795065,-0.346975248550378,0.0685902101197942,TRUE,0.00873065145692347,573,"HSPA1B"
"chr19",46801642,46801672,0.188384662847901,0.0315969759638594,46801642,46801672,0.239819658712551,0.0355947486556169,TRUE,0.00876158951499615,574,"HIF3A;HIF3A;HIF3A; HIF3A;HIF3A"
"chr6",87862438,87862451,0.18830668025517,0.0316312451948578,87862451,87862481,0.239867294586397,0.0355724165238826,TRUE,0.00876507559099179,575,""
"chr8",108510324,108510494,-0.201444489670137,0.025446393982919,108510314,108510324,-0.222262257551791,0.0447676153712138,TRUE,0.00885987348773141,576,"ANGPT1;ANGPT1; ANGPT1"
"chr1",57757625,57757625,0.212900904074523,0.228748606881262,57757625,57757625,0.596512207554066,0.00500589395335352,TRUE,0.0088999595804924,577,"DAB1"
"chr14",22971074,22971074,0.290901575173501,0.0472364100149593,22971074,22971114,0.267670869748138,0.0242462661164491,TRUE,0.00890141762736476,578,""
"chr12",9217079,9217079,-0.234368835995451,0.142437078711954,9217079,9217510,-0.259244771424356,0.00814540067491161,TRUE,0.00900222860256252,579,"LOC144571"
"chr16",87402123,87402123,0.289724251938149,0.0482421374464357,87402123,87402123,0.431503866397671,0.0240791134940741,TRUE,0.00901183131655754,580,"FBXO31;FBXO31"
"chr6",31804109,31804109,-0.197208884566428,0.327327029781452,31803718,31804109,-0.329006866790325,0.00355941847128964,TRUE,0.00903524896515222,581,"C6orf48;C6orf48;SNORD52"
"chr7",112262597,112262597,-0.163632725124883,0.722863238948918,112262546,112262597,-0.329069946820592,0.00161659820276718,TRUE,0.00905878839720262,582,""
"chr18",3602874,3602874,-0.331225203779393,0.0247118404662999,3602874,3602889,-0.217902624699373,0.0472945675096959,TRUE,0.00905984435574254,583,"DLGAP1-AS2;DLGAP1;DLGAP1;DLGAP1;DLGAP1;DLGAP1;DLGAP1;DLGAP1;DLGAP1;DLGAP1"
"chr5",68664984,68665062,-0.20361821391077,0.0244920703979403,68664984,68664984,-0.37508660030487,0.0477854232536743,TRUE,0.00907083617191,584,"RAD17;AK6;AK6;TAF9;TAF9;RAD17;RAD17;RAD17;RAD17;RAD17; RAD17;AK6;AK6;TAF9;TAF9;RAD17;RAD17;RAD17;RAD17"
"chr13",114900021,114900021,0.239885651656554,0.126664292653273,114900021,114900021,0.522565910859871,0.00926595486067118,TRUE,0.00909311923165064,585,""
"chr14",61884878,61884878,-0.231230848674071,0.152408679949222,61884803,61884878,-0.34978417232692,0.00785613565544393,TRUE,0.0092526498266656,586,"PRKCH"
"chr19",52784878,52785044,0.210748701067272,0.0216931682053055,52784878,52785044,0.20456139817471,0.0554657591650279,TRUE,0.00929222611934439,587,"MIR643;ZNF766; ZNF766;MIR643"
"chr2",39444227,39444227,-0.256830474002191,0.0895030365518598,39444227,39444227,-0.483305034787365,0.013606922750299,TRUE,0.00939051052755042,588,"CDKL4"
"chr16",10125521,10125521,-0.297351265551356,0.0422666265369005,10125521,10125521,-0.415533080709773,0.0290370723161797,TRUE,0.00945381050735008,589,"GRIN2A;GRIN2A;GRIN2A"
"chr9",140446993,140446993,-0.195619582413101,0.339647563308679,140446823,140446993,-0.413348482111756,0.00361626389752243,TRUE,0.00946021901484603,590,"MRPL41"
"chr15",81411055,81411066,-0.260405763364504,0.00975928100173432,81411055,81411055,-0.300468515986003,0.127498538824411,TRUE,0.00956760967467503,591,""
"chr3",44802566,44802566,-0.158220891116986,0.82215386586725,44802549,44802604,-0.407005043416433,0.00153117967869251,TRUE,0.00966499433231903,592,"KIF15;KIAA1143"
"chr14",66963212,66963821,-0.25828685390692,0.00130297576122392,66963628,66963628,-0.152069621356477,0.973231105305926,TRUE,0.00972660263868795,593,"C14orf53;C14orf53; LINC00238;LINC00238;LINC00238;LINC00238;LINC00238;LINC00238; LINC00238;LINC00238;LINC00238"
"chr11",86013051,86013051,-0.171910376538887,0.593601934572588,86012876,86013051,-0.373696929368204,0.00215347167274359,TRUE,0.00979465419067824,594,"C11orf73;C11orf73;C11orf73;C11orf73"
"chr18",43578114,43578114,-0.271404513505619,0.0674411016216796,43578114,43578114,-0.452225539603204,0.0190178027693798,TRUE,0.00982313881760729,595,"PSTPIP2"
"chr1",226927217,226927663,-0.220305444406117,0.00666909034561264,226927217,226927217,-0.270178399147047,0.192885629483768,TRUE,0.0098483711801649,596,"ITPKB"
"chr4",8155589,8155589,0.217808388443453,0.204795159396623,8155589,8155589,0.567038463290843,0.00630645865551694,TRUE,0.0098827088755895,597,"ABLIM2;ABLIM2;ABLIM2;ABLIM2;ABLIM2;ABLIM2;ABLIM2"
"chr12",93963396,93963396,-0.234212339520115,0.142904928213411,93963396,93963504,-0.339206473931506,0.0090383099824704,TRUE,0.00988328648355693,598,"SOCS2"
"chr6",45392462,45392462,-0.23507697573367,0.14022298839614,45391916,45392462,-0.248360151941401,0.00922365915662893,TRUE,0.00989492612906753,599,"RUNX2;RUNX2;RUNX2"
"chr6",152130188,152130188,0.179302534534071,0.498111467378672,152130188,152130332,0.355878773979204,0.00261477681816449,TRUE,0.00995528933071506,600,"ESR1;ESR1;ESR1;ESR1;ESR1;ESR1"
"chr1",154396107,154396107,-0.347697166141406,0.0195878454487481,154396107,154396107,-0.348949629412988,0.0668362354702978,TRUE,0.00999996640458341,601,"IL6R;IL6R;IL6R"
"chr12",101673661,101673672,-0.225526423862042,0.0168284273700898,101673672,101673760,-0.166630346892371,0.0780947879436265,TRUE,0.0100333783101461,602,"UTP20"
"chr14",61736525,61736554,-0.22239249140186,0.0177402869079618,61736554,61736580,-0.173863676682198,0.0745440165940521,TRUE,0.0100878868991154,603,""
"chr8",146125639,146125639,-0.272523313408662,0.0660286133179172,146125639,146125639,-0.447259683906304,0.0201141074181552,TRUE,0.0101254861322311,604,"ZNF250;ZNF250"
"chr17",78747180,78747180,-0.288566223732156,0.0492575496605856,78747180,78747180,-0.421557123387847,0.0270437227798947,TRUE,0.0101519820567322,605,"RPTOR;RPTOR"
"chr1",21023073,21023073,-0.202238005058268,0.291350297099333,21023073,21023132,-0.392259165564807,0.00461696145707159,TRUE,0.0102382930418948,606,"KIF17;KIF17"
"chr1",180886483,180886483,0.411287676576421,0.00929217648355971,180886483,180886483,0.290523617073787,0.145941044826453,TRUE,0.0103106870016166,607,"KIAA1614"
"chr16",12043656,12043656,-0.27708346513746,0.0605798055891626,12043656,12043656,-0.43779389708662,0.0223898418727169,TRUE,0.0103124191310848,608,""
"chr8",23602677,23602677,-0.243263325295488,0.118050795940139,23602677,23602677,-0.499934867092652,0.011514432083739,TRUE,0.0103316675656705,609,""
"chr10",98059417,98059417,-0.17719037495252,0.523935567885857,98059417,98059417,-0.693398533082921,0.00259744497855251,TRUE,0.0103422670812325,610,""
"chr5",43314056,43314056,-0.22363519888107,0.179832259564095,43314056,43314056,-0.544068072477452,0.00764743925265408,TRUE,0.0104369783151378,611,"HMGCS1;HMGCS1"
"chr12",50794550,50794555,-0.245477970775592,0.0122542300150785,50794550,50794550,-0.309559050336611,0.112748391390986,TRUE,0.0104790576752532,612,"LARP4;LARP4;LARP4;LARP4;LARP4;LARP4;LARP4"
"chr4",2341370,2341370,0.205058771863562,0.273251673232453,2341132,2341370,0.29850160123028,0.00510514787217268,TRUE,0.0105668664591727,613,"ZFYVE28"
"chr7",6475458,6475609,-0.212005538505652,0.0212104190381968,6475458,6475458,-0.34994691500132,0.0659799448433942,TRUE,0.0105962626341793,614,"DAGLB;DAGLB"
"chr13",24882296,24882296,0.194112775813601,0.351900303357193,24882296,24882594,0.404893899172553,0.0039812476262711,TRUE,0.0106063819521484,615,"C1QTNF9"
"chr17",8022990,8023002,-0.209479850762731,0.0221811322553922,8022990,8023002,-0.192053620263532,0.0635043866848462,TRUE,0.0106562776800198,616,"ALOXE3;ALOXE3"
"chr19",44716619,44716642,-0.177437282999953,0.0101317726430219,44716619,44716619,-0.294002157462757,0.139208132685646,TRUE,0.010668264153905,617,"ZNF227; ZNF227;ZNF227;ZNF227;ZNF227;ZNF227;ZNF227;ZNF227;ZNF227;ZNF227"
"chr9",27353428,27353428,0.235720361293279,0.138296461627401,27353428,27353428,0.511757625391176,0.0102588700106766,TRUE,0.0107229839572496,618,"MOB3B"
"chr5",154239017,154239111,-0.191616953218284,0.0299945169230402,154239017,154239017,-0.375649439081027,0.0474484862762283,TRUE,0.0107520223044334,619,"CNOT8;CNOT8;CNOT8;CNOT8;CNOT8;CNOT8;CNOT8;CNOT8;CNOT8; CNOT8"
"chr14",71389824,71389824,-0.429682503813911,0.00773590640626024,71389824,71389824,-0.273039051880795,0.185445119613379,TRUE,0.0108266475000957,620,"PCNX;PCNX"
"chr8",101224915,101225028,0.154205791458223,0.0470039752307958,101224915,101224915,0.411168458598454,0.030602088558106,TRUE,0.0108517413074114,621,"SPAG1;SPAG1"
"chr10",124639157,124639215,-0.203854815919545,0.0243900076882275,124639157,124639215,-0.198784654032545,0.0591795851532078,TRUE,0.0108842621927803,622,"LOC399815;FAM24B"
"chr16",21652363,21652363,0.32163211763569,0.0285879884855384,21652363,21652363,0.370702347706341,0.0505155451562847,TRUE,0.010889149820627,623,"METTL9;METTL9;METTL9;METTL9"
"chr3",194220473,194220473,0.182610289885814,0.460603049067579,194220473,194220473,0.663162398347107,0.00314003306809729,TRUE,0.0109033469394657,624,""
"chr11",35068850,35068850,-0.321554812225429,0.0286162978502762,35068850,35068850,-0.37033115338014,0.0507511604249361,TRUE,0.0109425768719788,625,""
"chr1",40254529,40254644,-0.180072519744152,0.0359171340195126,40254529,40254529,-0.388256514003857,0.0404899218548332,TRUE,0.0109554593256486,626,"BMP8B; BMP8B;BMP8B"
"chr17",40259547,40259547,0.287110812274657,0.0505091215753119,40259547,40259724,0.25478169984722,0.0290083112374309,TRUE,0.0110266463891739,627,"DHX58"
"chr11",7110083,7110083,-0.231520519273542,0.151468511046612,7110083,7110133,-0.334087522746455,0.00967541487198162,TRUE,0.0110288413954308,628,"RBMXL2"
"chr7",102330635,102330635,-0.2741674647972,0.0639888490902264,102330635,102330635,-0.435648290637284,0.022950701706408,TRUE,0.0110488605378482,629,""
"chr5",140027590,140027590,-0.264357732450322,0.0772234771051738,140027590,140027590,-0.452057892012012,0.019051977698246,TRUE,0.0110662820946615,630,"IK;NDUFA2"
"chr11",116371188,116371330,0.355660199012293,0.0028138018582863,116371188,116371188,0.198005347821127,0.523436820331534,TRUE,0.0110766345585727,631,""
"chr6",30434109,30434109,0.377134849859263,0.0135460310270638,30434109,30434109,0.31211967266607,0.108928882536972,TRUE,0.0110942801246805,632,""
"chr17",8095813,8095813,-0.201434652514313,0.296866153323519,8095608,8095813,-0.385555762785453,0.00500228471994191,TRUE,0.0111558844109549,633,""
"chr14",55240894,55240894,-0.33942048071546,0.0220276656991817,55240894,55240894,-0.348077712932221,0.0676033479549896,TRUE,0.0111828066822037,634,"SAMD4A;SAMD4A;SAMD4A"
"chr7",12610526,12610689,0.247722396292214,0.0117878704801864,12610526,12610526,0.300316910235348,0.127756072666802,TRUE,0.0112922553053805,635,"SCIN"
"chr17",71187853,71187853,-0.311030958750992,0.0336710094225486,71187853,71187853,-0.37982456276839,0.04500665189237,TRUE,0.0113536176865594,636,"COG1"
"chr6",154568759,154568923,-0.202244076005372,0.00816352681045837,154568923,154568923,-0.272842551649078,0.185946690269048,TRUE,0.0113702442374605,637,"IPCEF1;IPCEF1;IPCEF1"
"chr2",227667368,227667569,-0.19439640021224,0.0088220920322548,227667368,227667368,-0.278233954176818,0.172682231134857,TRUE,0.0114055275036395,638,""
"chr12",32081573,32081573,-0.318150477984276,0.0301159491981,32081573,32081573,-0.370169258581847,0.0508565425213187,TRUE,0.0114585320456358,639,""
"chr7",50518647,50518647,-0.177795150848434,0.516426881380782,50518350,50518647,-0.266154619430444,0.00297600092877606,TRUE,0.0114928345701326,640,"FIGNL1;FIGNL1"
"chr14",20665187,20665412,0.17965551757132,0.0361503137869586,20664893,20665187,0.225860513541615,0.0427645284239538,TRUE,0.0115515260256571,641,"OR11G2"
"chr12",98884881,98884949,-0.204965025902102,0.0239653672171596,98884949,98884949,-0.349773424928921,0.0661259308156574,TRUE,0.0118020393505473,642,"LOC643770"
"chr2",1043404,1043404,-0.371447279637532,0.0145197241773895,1043404,1043404,-0.311712228414024,0.109527714513848,TRUE,0.0118380056296942,643,"SNTG2"
"chr2",10184444,10184444,0.162551743956828,0.741548909642468,10184444,10184650,0.373857620704461,0.00214993763169472,TRUE,0.0118635936270301,644,"KLF11"
"chr11",118938194,118938194,-0.247737396741108,0.107693293362497,118938026,118938194,-0.30270653984321,0.0148356035536813,TRUE,0.0118855619977158,645,"VPS11;VPS11"
"chr7",158785291,158785469,0.213628272546751,0.0206077275625935,158785262,158785291,0.166483709584795,0.078155656161266,TRUE,0.0119686751036709,646,""
"chr14",92041114,92041114,-0.232204532647233,0.149270065379733,92041114,92041114,-0.505862947897759,0.0108593938157139,TRUE,0.0120353452953913,647,"C14orf184;C14orf184"
"chr9",100680821,100681080,-0.203072300650892,0.0247446197307332,100680821,100680821,-0.350434860765286,0.0655655597323242,TRUE,0.0120444190754481,648,"C9orf156"
"chr12",31812046,31812061,-0.192032106987164,0.00901951260213721,31812059,31812059,-0.275216893494387,0.179972168298855,TRUE,0.0120499844501629,649,"C12orf72;C12orf72;C12orf72; METTL20;METTL20;METTL20"
"chr3",38096513,38096513,-0.352631359086565,0.018307964169284,38096513,38096513,-0.32721195182223,0.0890095233383183,TRUE,0.0120905798839624,650,"DLEC1;DLEC1"
"chr19",49002338,49002338,0.15184384911712,0.957070338341608,49001890,49002477,0.396043809904985,0.00170393413209178,TRUE,0.0120982933651418,651,"LMTK3"
"chr14",22579700,22579700,0.27129443879183,0.0675856283784992,22579700,22579781,0.267908998440342,0.0241650583646879,TRUE,0.0121138622737862,652,""
"chr9",110764967,110764967,0.277707696931231,0.0598988908688889,110764967,110764967,0.420288198136431,0.0274473929792741,TRUE,0.0121835026470212,653,""
"chr5",52856476,52856570,-0.198858893352041,0.00386646323656497,52856530,52856530,-0.213037050997946,0.425330299371625,TRUE,0.0121864230474447,654,"NDUFS4; NDUFS4;NDUFS4"
"chr6",149753340,149753340,-0.239539004556119,0.127583602023971,149753307,149753340,-0.31230992046635,0.0130034664431148,TRUE,0.0122793415094911,655,""
"chr17",41728055,41728055,0.173263964923492,0.574941593310646,41728055,41728055,0.675935322023529,0.00289351490684832,TRUE,0.0123086092686668,656,"MEOX1;MEOX1;MEOX1"
"chr6",146057198,146057198,-0.260211209646861,0.0836906769812085,146057198,146057198,-0.448276487018911,0.0198833420569006,TRUE,0.0123114776910362,657,"EPM2A;EPM2A;LOC100507557"
"chr19",2546598,2546877,0.398013095982396,0.00175816054687733,2546598,2546598,0.153987783408369,0.948910060384731,TRUE,0.0123388953397707,658,"GNG7"
"chr6",31802993,31802993,-0.181157342514554,0.476553141147513,31802993,31803089,-0.415923702865908,0.0035087012226203,TRUE,0.0123628525759853,659,"C6orf48;C6orf48;SNORD48"
"chr17",79876120,79876123,-0.23264689468435,0.0150158830435845,79876120,79876120,-0.310482383915178,0.111364851916537,TRUE,0.0123638691807481,660,"SIRT7"
"chr1",112291674,112291876,-0.192845794576903,0.0293955503638498,112291674,112291674,-0.360541695022991,0.0575251275958001,TRUE,0.0124835880675599,661,"FAM212B;LOC101928718; C1orf183"
"chr6",28446794,28447087,-0.181590903656159,0.00981813468105776,28447087,28447087,-0.277932791982272,0.173398024831977,TRUE,0.0125567072935977,662,""
"chr5",1882871,1882902,0.209473470803509,0.00755338550202933,1882902,1882902,0.258772275247652,0.225747850081166,TRUE,0.0125740175285174,663,"IRX4;IRX4; IRX4"
"chr9",36154750,36154750,-0.262000317657997,0.0808023767946647,36154750,36154750,-0.441621011502681,0.0214388840611215,TRUE,0.0127468735353257,664,"GLIPR2;GLIPR2;GLIPR2;GLIPR2;GLIPR2;GLIPR2;GLIPR2;GLIPR2;GLIPR2;GLIPR2;GLIPR2"
"chr16",89183275,89183275,0.284941776733551,0.0524363933273337,89183275,89183453,0.24492132976981,0.0332125794115942,TRUE,0.0128055684124317,665,"ACSF3;ACSF3;ACSF3"
"chr16",84792860,84793054,-0.254773289533569,0.0105906823450882,84792860,84792860,-0.281612939103117,0.164857262713769,TRUE,0.0128335351804388,666,"USP10;USP10;USP10;USP10; USP10"
"chr10",91151885,91152280,-0.184951031229998,0.00957527013093826,91152280,91152280,-0.273694439778765,0.183774044543805,TRUE,0.0129207061907834,667,"IFIT1; IFIT1;IFIT1;IFIT1;IFIT1;IFIT1"
"chr14",77587986,77588307,0.369243812866527,0.00243907526715101,77587986,77587986,0.174316816410646,0.723052279069236,TRUE,0.0129453925094077,668,""
"chr1",118427435,118427435,-0.461302129495267,0.00576468064056643,118427435,118427435,-0.236628632422515,0.306807397695339,TRUE,0.0129775167540039,669,"GDAP2;GDAP2"
"chr10",17065617,17065617,-0.190570015700848,0.382046796869878,17065617,17065617,-0.605924294174997,0.00466643803175569,TRUE,0.013067143064257,670,"CUBN"
"chr7",89975892,89975908,-0.158533502117415,0.0458872452902157,89975892,89975892,-0.390867811052425,0.0391934551364392,TRUE,0.0131663345492181,671,"GTPBP10;GTPBP10"
"chr5",150284594,150284600,0.202695743204281,0.0248839316045748,150284600,150284616,0.177852702827782,0.0723027954339889,TRUE,0.0131707471429879,672,"ZNF300; ZNF300;ZNF300;ZNF300"
"chr19",37957695,37957760,-0.256882052269845,0.0102837492326672,37957695,37957695,-0.277252670220613,0.175017781113979,TRUE,0.013174925807714,673,"ZNF569; ZNF570;ZNF569"
"chr1",2094291,2094291,0.34043510721126,0.0217140277372176,2094291,2094291,0.33212634663171,0.0833828036419872,TRUE,0.0132427557112144,674,"PRKCZ;PRKCZ;PRKCZ;PRKCZ"
"chr3",142442534,142442711,-0.191916460002551,0.00902994236809326,142442711,142442711,-0.267260432837182,0.200780526802205,TRUE,0.01325828722206,675,"TRPC1; TRPC1;TRPC1"
"chr4",97231793,97231793,0.307794299773895,0.035499198397988,97231661,97231793,0.211367333941084,0.0512189321135528,TRUE,0.0132910710456216,676,""
"chr7",100343083,100343110,-0.162131719990927,0.0446051290609039,100343083,100343110,-0.229353402549058,0.0408791175243847,TRUE,0.013323794827169,677,"ZAN;ZAN"
"chr18",72166704,72166704,-0.289377327366773,0.0485319359433574,72166704,72167187,-0.235685728547428,0.0376247920649199,TRUE,0.0133401010214444,678,"CNDP2;CNDP2"
"chr16",55794731,55794731,0.217495105754861,0.206273206229252,55794595,55794910,0.251627079874419,0.00888788766080545,TRUE,0.0133863008029036,679,"CES4"
"chr2",172413979,172414036,-0.227267107416037,0.0163814374005447,172414036,172414036,-0.30965894020333,0.11259601406789,TRUE,0.0134565392885228,680,"CYBRD1;CYBRD1;CYBRD1"
"chr5",64064718,64064718,-0.255446009813703,0.0920091603144425,64064718,64064759,-0.281214708797314,0.0200557957408489,TRUE,0.0134617793293611,681,"SDCCAG10;SFRS12IP1"
"chr4",571090,571120,-0.231103242291649,0.0154204089660228,571090,571090,-0.304309689954361,0.121037898229092,TRUE,0.0135947181348232,682,""
"chr1",227516288,227516288,-0.36001714440084,0.0166809206801399,227516288,227516288,-0.30974913303711,0.112462096469846,TRUE,0.0136544986626557,683,""
"chr7",123197861,123197996,-0.205836480439616,0.00368319734905149,123197861,123197861,-0.19976392735195,0.510920299629535,TRUE,0.0136912131431304,684,"NDUFA5;NDUFA5;NDUFA5;NDUFA5;NDUFA5;NDUFA5;NDUFA5;NDUFA5;NDUFA5;NDUFA5;NDUFA5;NDUFA5;NDUFA5; NDUFA5; NDUFA5;NDUFA5"
"chr9",128003861,128003861,-0.422934314954693,0.0082916639350613,128003861,128003861,-0.258139439845872,0.227742703464706,TRUE,0.0137322792122863,685,"HSPA5"
"chr1",2164542,2164542,0.229456431334132,0.158302987680956,2164542,2164602,0.318256246740197,0.0119906253169828,TRUE,0.0137936311823945,686,"SKI"
"chr5",169816378,169816378,0.199300441339395,0.311934930180167,169816378,169816378,0.568935247363215,0.00620934771903592,TRUE,0.0140361461401657,687,"KCNIP1;KCNMB1;KCNMB1"
"chr8",2037717,2037954,0.188420236278695,0.031578351381795,2037717,2037954,0.194332680721575,0.0620424967684202,TRUE,0.0141752396930442,688,"MYOM2"
"chr2",190648153,190648153,-0.183474502950611,0.451226689473088,190648153,190648153,-0.615468460137484,0.0043545777072841,TRUE,0.0142107841207254,689,"PMS1;PMS1;PMS1;PMS1;PMS1;PMS1;ORMDL1;ORMDL1"
"chr16",89173705,89173705,-0.209636005022085,0.246249009172234,89173705,89173705,-0.538607923630532,0.00801851356278483,TRUE,0.0142708981550289,690,"ACSF3;ACSF3;ACSF3"
"chr2",19986514,19986514,-0.30528340399562,0.0369392510832057,19986514,19986514,-0.365951371574737,0.0536808052620819,TRUE,0.0143230519654601,691,""
"chr14",20801402,20801459,-0.249031959725367,0.0115442609467844,20801402,20801402,-0.278145918678667,0.172891378691823,TRUE,0.0144037519360473,692,"CCNB1IP1;CCNB1IP1;CCNB1IP1; CCNB1IP1;CCNB1IP1"
"chr10",1619346,1619346,-0.442247715079259,0.00686800088206021,1619346,1619346,-0.240318056722254,0.291482479841116,TRUE,0.0144410350340128,693,"ADARB2"
"chr14",76940165,76940165,-0.15107367267355,0.974941742307303,76940165,76940165,-0.729359019616822,0.00209824288230974,TRUE,0.0147124862221051,694,"ESRRB"
"chr7",151137816,151137816,0.154821449261133,0.891669745930901,151137816,151137966,0.293036563616243,0.00229859293283525,TRUE,0.0147367626951495,695,"CRYGN;CRYGN;CRYGN"
"chr12",4385395,4385526,0.181710863521262,0.0350335838463785,4385356,4385395,0.199795142436999,0.0585259379438934,TRUE,0.0147416377425648,696,"CCND2-AS1;CCND2;CCND2; CCND2-AS1;CCND2"
"chr10",629582,629625,0.168698172022763,0.0417727026205532,629582,629625,0.214767630060687,0.0491550145448347,TRUE,0.0147599847603054,697,"DIP2C"
"chr12",58087540,58087544,-0.214642945471118,0.0202628003027612,58087540,58087540,-0.317344837140233,0.101551534251287,TRUE,0.0147870888424874,698,"OS9;OS9;OS9;OS9"
"chr20",17763350,17763350,0.188084246432016,0.404997496856171,17763350,17763350,0.594277231508541,0.00509274113232029,TRUE,0.0148169558366268,699,""
"chr2",38892846,38892887,0.19898934973505,0.0265094851271537,38892365,38892846,0.163895771565526,0.079226583387616,TRUE,0.0150497956887163,700,"GALM"
"chr11",76674855,76674855,-0.389951484496554,0.0116843178039085,76674855,76674855,-0.275286125661839,0.17980283509796,TRUE,0.0150536031208203,701,"ACER3;ACER3;ACER3;ACER3"
"chr4",186732837,186732837,-0.198301562677438,0.319094219525714,186732837,186732932,-0.277323754795323,0.00658440722439198,TRUE,0.015054668599872,702,"SORBS2;SORBS2;SORBS2;SORBS2;SORBS2;SORBS2;SORBS2"
"chr7",151079167,151079167,-0.23036301871024,0.155239616423007,151078995,151079167,-0.307270472357998,0.0139318289497063,TRUE,0.0154343280870842,703,"WDR86"
"chr10",134776050,134776050,-0.236046252253087,0.137361507607769,134775949,134776050,-0.298083452737635,0.0158270900487946,TRUE,0.0155034014531179,704,""
"chr16",89675127,89675127,0.159601655031772,0.795539338097253,89675127,89675127,0.683808718054649,0.00275538653649164,TRUE,0.0156135990229029,705,""
"chr1",207095257,207095332,-0.194481587991049,0.00881687714927677,207095257,207095257,-0.251750678837145,0.248801038977991,TRUE,0.0156235776573134,706,"FAIM3;FAIM3;FAIM3;FAIM3;FAIM3; FCMR;FCMR;FCMR;FCMR;FCMR"
"chr20",4795886,4795919,-0.190758542801445,0.0304154324776952,4795886,4795919,-0.177992393490127,0.0722204222006052,TRUE,0.0156417412870535,707,"RASSF2;RASSF2"
"chr11",9113190,9113190,0.263031789166285,0.0791917229377373,9113184,9113190,0.257342126493193,0.0280045307910094,TRUE,0.0157708612518018,708,"SCUBE2;SCUBE2"
"chr1",19974130,19974176,-0.35785638141253,0.00274302844644166,19974130,19974130,-0.165881045896693,0.809971492319514,TRUE,0.0157955947738013,709,"NBL1;NBL1;NBL1;MINOS1-NBL1;MINOS1-NBL1;NBL1;NBL1;NBL1;NBL1;NBL1;NBL1; NBL1;NBL1;MINOS1-NBL1;MINOS1-NBL1;NBL1;NBL1;NBL1;NBL1;NBL1;NBL1"
"chr19",46975180,46975180,-0.18215180661055,0.465461085053251,46975062,46975180,-0.303944830483391,0.00477806109424588,TRUE,0.0158091973064599,710,"PNMAL1;PNMAL1"
"chr13",49465897,49465897,-0.295624499534172,0.0435427828999517,49465897,49465897,-0.369551903427278,0.0512644234930116,TRUE,0.0158592358312741,711,""
"chr3",5137549,5137630,0.153299184759685,0.0471604217201366,5137630,5137773,0.217661836569869,0.0474369442485475,TRUE,0.0158894528206094,712,""
"chr2",65217211,65217528,-0.172798211620061,0.0397903021056207,65217211,65217528,-0.20328030174695,0.0562831001480312,TRUE,0.0159039467279742,713,"SLC1A4;SLC1A4"
"chr12",131622690,131622739,-0.204004347405575,0.0243363688918821,131622739,131622739,-0.324588415855638,0.0921744826746645,TRUE,0.0159263401940265,714,"GPR133"
"chr5",176784719,176784777,-0.281781528626108,0.00319672326552992,176784747,176784747,-0.176179379962914,0.705059912146747,TRUE,0.0159915174129741,715,"RGS14"
"chr10",30791386,30791386,-0.363591316531187,0.0159716965951284,30791386,30791386,-0.292305473498746,0.142444299189509,TRUE,0.0161206080250261,716,""
"chr11",2322674,2322674,-0.151670731481389,0.961062703752928,2322674,2322781,-0.290025507397219,0.00236754432946947,TRUE,0.0161223206945195,717,"C11orf21;TSPAN32;C11orf21"
"chr19",9732217,9732278,-0.262292440791657,0.00406239383988223,9732270,9732270,-0.19306783727732,0.560153175865989,TRUE,0.016123563712271,718,"ZNF561;ZNF561-AS1; ZNF561"
"chr20",50416258,50416694,-0.184301190684455,0.0337060236368296,50416258,50416258,-0.347835093211584,0.0678212930183966,TRUE,0.0161869711258408,719,"SALL4"
"chr14",61201290,61201432,-0.20925311883789,0.00357219483994779,61201432,61201432,-0.18305368426006,0.642297185331805,TRUE,0.0162381851706642,720,"MNAT1; MNAT1;MNAT1"
"chr20",43682078,43682078,-0.541096361749663,0.00302612209382021,43682078,43682078,-0.170766838968961,0.758519275900554,TRUE,0.0162440267432901,721,"STK4"
"chr13",97422029,97422029,0.245952411710943,0.111765371985053,97422029,97422029,0.445297762767711,0.0205618027459198,TRUE,0.0162605881749816,722,"HS6ST3"
"chr1",39662661,39662661,-0.187764244122031,0.407952100554864,39662661,39662661,-0.580994605237532,0.00564296124668336,TRUE,0.0162846466276018,723,"MACF1"
"chr22",22090804,22090804,0.192547633515049,0.364822038393458,22090796,22090816,0.280523826032179,0.00633758829369205,TRUE,0.016345570738451,724,"YPEL1"
"chr1",235099089,235099122,-0.228884674955038,0.00605969402046618,235099122,235099122,-0.22041106470833,0.384071272434487,TRUE,0.016438157863336,725,"; LOC101927851"
"chr2",175594943,175594943,0.258824831721203,0.0860031050903218,175594739,175594943,0.259779459076855,0.0270658293345408,TRUE,0.0164405283004119,726,""
"chr7",1099076,1099076,0.320961284678386,0.0288837468487207,1099076,1099421,0.158644870132685,0.0809514585927313,TRUE,0.0165037773362753,727,"C7orf50;C7orf50;C7orf50"
"chr17",48546554,48546554,0.17758629406535,0.519041027719338,48546431,48546554,0.308617550146327,0.00452206869529145,TRUE,0.0165580296446915,728,"CHAD;ACSF2"
"chr5",159626770,159626772,-0.165300127244076,0.0433468522966345,159626770,159626772,-0.205399837397355,0.0549373824320413,TRUE,0.016764989020672,729,"FABP6;FABP6"
"chr2",223229185,223229185,-0.158080486787907,0.824890934447431,223229185,223229185,-0.674526864149693,0.00291953146435698,TRUE,0.0169275114262422,730,""
"chr2",86078966,86078966,-0.346503655378781,0.0199379875915584,86078966,86078966,-0.304415188313369,0.120867925893114,TRUE,0.016936965149234,731,"ST3GAL5;ST3GAL5"
"chr6",26233352,26233442,-0.205584507436537,0.023740382265822,26233352,26233352,-0.317139491875155,0.101826813491284,TRUE,0.0169824316131621,732,""
"chr17",5403053,5403337,0.225124247653688,0.00632043816936748,5403053,5403053,0.220272825518276,0.384809774225156,TRUE,0.0170713099500309,733,"LOC728392"
"chr1",110615633,110615633,-0.272808810229652,0.0656665514425856,110615633,110615633,-0.395075878990438,0.0372173246512221,TRUE,0.0171421066577003,734,""
"chr13",97874494,97874533,-0.270453272324592,0.00368543229889921,97874494,97874494,-0.180621351493957,0.663872129973307,TRUE,0.0171584782130161,735,"MBNL2;MBNL2;MBNL2; MBNL2;MBNL2"
"chr8",81411915,81411915,-0.222450604221003,0.184565138358295,81411915,81411915,-0.48581330768604,0.0132564135513782,TRUE,0.0171585744882526,736,"ZBTB10;ZBTB10;ZBTB10"
"chr12",79668119,79668119,0.510476527753424,0.00380835454052411,79668119,79668119,0.182791584236924,0.644614125201149,TRUE,0.0172081520146312,737,"SYT1;SYT1;SYT1"
"chr8",104152588,104152750,-0.331599293527766,0.00371225169707192,104152588,104152588,-0.180794798561427,0.662313693063121,TRUE,0.0172307214340499,738,"BAALC;C8orf56;BAALC; C8orf56;BAALC;BAALC"
"chr22",25202086,25202086,-0.309062965771031,0.0347706047476295,25202086,25202552,-0.180005726380395,0.0710429098000688,TRUE,0.0172999670440695,739,"SGSM1;SGSM1;SGSM1;SGSM1"
"chr18",3129544,3129544,-0.19332134748386,0.35831907931986,3129544,3129544,-0.556068855746567,0.00689987678227518,TRUE,0.0173128888973429,740,"MYOM1;MYOM1"
"chr10",21799314,21799314,0.216011347051766,0.213200060790636,21799314,21799314,0.498373708603209,0.0116910589438195,TRUE,0.0174339207966433,741,""
"chr5",2289287,2289287,-0.19718061192751,0.327527430284464,2289287,2289287,-0.544377581820782,0.00762615981399816,TRUE,0.0174653385179655,742,""
"chr2",235363255,235363392,-0.23628148303501,0.0141561723354928,235363255,235363255,-0.276434964182468,0.176998084775329,TRUE,0.0175122994828468,743,""
"chr2",98262239,98262239,-0.207976296327227,0.255682732479483,98262069,98262239,-0.332711723753841,0.0098624934704832,TRUE,0.0176083984468473,744,"COX5B"
"chr13",97879261,97879261,-0.20971869870891,0.245778924720929,97879261,97879261,-0.511507269679651,0.0102842850292833,TRUE,0.0176442359092838,745,"MBNL2;MBNL2;MBNL2"
"chr15",100672379,100672379,-0.279027277271881,0.0584387236350416,100672325,100672379,-0.224825143514,0.0433306517230368,TRUE,0.0176713081849859,746,"ADAMTS17"
"chr6",26273029,26273029,-0.217378984653756,0.206809594192706,26273029,26273029,-0.493139462318466,0.0123199302696105,TRUE,0.0177650757740584,747,"HIST1H3G;HIST1H2BI"
"chr19",53561386,53561386,0.185412035290834,0.43124549285114,53561386,53561563,0.371743453856272,0.00592857943655806,TRUE,0.0178175790331243,748,""
"chr18",74208293,74208357,0.243868322031738,0.00504949668929429,74208345,74208345,0.2001794138843,0.507990241234394,TRUE,0.0178678357882856,749,""
"chr6",10495364,10495435,-0.185199285450101,0.0332351942022421,10495223,10495364,-0.167353880122054,0.077782326080253,TRUE,0.0179871665857557,750,""
"chr1",186081959,186081959,0.284916967804813,0.052458742825811,186081959,186081959,0.372554368894921,0.0493447248760322,TRUE,0.0180077283895665,751,"HMCN1;HMCN1;MIR548F1"
"chr12",133757351,133757351,0.200438684501079,0.303822062232924,133757351,133757351,0.531717674741566,0.00852264075878719,TRUE,0.0180125177644393,752,"ZNF268;ZNF268;ZNF268;ZNF268;ZNF268;ZNF268;ZNF268;ZNF268;ZNF268"
"chr20",47384125,47384125,-0.36884485693053,0.0149629892305217,47384125,47384125,-0.27806088675682,0.173097029803922,TRUE,0.0180165840798452,753,"PREX1"
"chr1",154437693,154437693,-0.294374993299801,0.0444829518025616,154437693,154437693,-0.359584638061471,0.0582349435000827,TRUE,0.0180190450517506,754,"IL6R;IL6R"
"chr17",36612909,36612909,0.19780686947221,0.322793061523699,36612909,36612909,0.538400707049899,0.00803204818807836,TRUE,0.0180323093554966,755,"ARHGAP23"
"chr12",25538133,25538133,0.174370727522169,0.560137285519313,25537944,25538177,0.306124535507975,0.00465670062078063,TRUE,0.0181257695589759,756,""
"chr12",50451005,50451005,-0.150686192291968,0.984035008254415,50451005,50451005,-0.688440414592134,0.00267895349976461,TRUE,0.0182909595078843,757,"ACCN2;ACCN2"
"chr19",48698419,48698419,0.262066310709904,0.0807032940180822,48698419,48698419,0.405769949922903,0.0326711568036719,TRUE,0.0182938452051424,758,""
"chr4",39639653,39639715,-0.249751764735577,0.0114205937218769,39639715,39639715,-0.256741833065757,0.232182586907521,TRUE,0.0183828347925299,759,"SMIM14; C4orf34"
"chr12",108239646,108239646,0.222279313279511,0.185293732008654,108239470,108239646,0.304776830709092,0.0144194138259055,TRUE,0.0185023826671164,760,""
"chr2",107179496,107179496,-0.161451528125299,0.761208273486343,107179496,107179496,-0.645985614366858,0.00351528055436021,TRUE,0.0185262789142261,761,""
"chr1",198127992,198128165,-0.182351707442739,0.0346946164528068,198128165,198128165,-0.338011543392287,0.0771640568776086,TRUE,0.0185340781350235,762,"NEK7"
"chr2",102091656,102091755,-0.185655039600759,0.00952535625100573,102091656,102091656,-0.242872847500359,0.281378205328236,TRUE,0.018552143240332,763,"RFX8"
"chr21",43822540,43822540,-0.227006353635021,0.166979062989827,43822540,43822540,-0.467280807591838,0.0161248894014335,TRUE,0.0186249022366147,764,"UBASH3A;UBASH3A;UBASH3A"
"chr4",184909018,184909018,-0.151522754019345,0.964486646919643,184908794,184909509,-0.272932700449567,0.00279238117896061,TRUE,0.0186290172418517,765,"STOX2"
"chr3",194090647,194090730,0.170435979821975,0.040933106461091,194090512,194090647,0.187903940929021,0.0661661211335429,TRUE,0.0187187388648871,766,"LRRC15;LRRC15"
"chr9",132199000,132199000,-0.200461205011242,0.303659655877322,132198329,132199000,-0.251241152125238,0.0089256718230832,TRUE,0.0187304519028384,767,""
"chr11",61594708,61594708,-0.161354326704236,0.762998468314371,61594708,61594965,-0.32916486144991,0.0035531399090007,TRUE,0.0187344348668944,768,"FADS2;FADS2;FADS2"
"chr3",71355303,71355303,-0.178223379285238,0.511228388034973,71355299,71355303,-0.380384706039593,0.00532474716756009,TRUE,0.0188001454614878,769,"FOXP1;FOXP1;FOXP1;FOXP1;FOXP1;FOXP1"
"chr3",130745160,130745442,-0.225232032796491,0.006310753386694,130745442,130745442,-0.211577138869663,0.434033552185718,TRUE,0.0189000091797328,770,"NEK11;ASTE1;ASTE1;NEK11;NEK11; ASTE1;ASTE1;ASTE1;NEK11;NEK11;NEK11"
"chr16",2892766,2892782,-0.16715400114824,0.0424923564715208,2892782,2892809,-0.190119097038992,0.0647593096228253,TRUE,0.0189748935574851,771,"TMPRSS8"
"chr5",10533585,10533585,0.258421149359211,0.0866564554291402,10533585,10533585,0.407977205514494,0.0318082868450285,TRUE,0.0190021135057577,772,""
"chr14",52190680,52190680,0.253432596076539,0.0958577439522257,52190680,52190796,0.255391363023188,0.028763823269976,TRUE,0.0190070748926127,773,"FRMD6;FRMD6;FRMD6;FRMD6"
"chr12",79741860,79741860,-0.402136763371356,0.0101883913724976,79741860,79741860,-0.245206031913911,0.272407380491326,TRUE,0.0191140287105805,774,"SYT1;SYT1;SYT1;SYT1"
"chr2",10617867,10617867,0.309865581522771,0.0343169099285412,10617867,10617867,0.334289561576719,0.0810386817335118,TRUE,0.0191470144005861,775,""
"chr5",56471120,56471120,-0.227956948098511,0.163545435040438,56471120,56471120,-0.461197725338825,0.0172334880015171,TRUE,0.0193672200564108,776,"GPBP1;GPBP1;GPBP1"
"chr19",33634909,33634909,-0.40510890968961,0.00989859287557587,33634909,33634909,-0.241524150558702,0.286648400436627,TRUE,0.0194784667695036,777,"WDR88"
"chr7",135662562,135662711,0.312709707671757,0.00469190471365823,135662711,135662711,0.187384625499528,0.605461687498585,TRUE,0.0194981280935673,778,"MTPN;LUZP6"
"chr11",124735994,124735994,-0.210511318436056,0.241388738236714,124735554,124735994,-0.225082180414075,0.0117830192034527,TRUE,0.0195187636813284,779,"ROBO3"
"chr17",41277426,41277428,-0.270487548140819,0.00845705022379298,41277428,41277428,-0.229921844463859,0.336716626226961,TRUE,0.0195383497874127,780,"NBR2;BRCA1;BRCA1;BRCA1;BRCA1;BRCA1;BRCA1;BRCA1;BRCA1;BRCA1;BRCA1"
"chr8",33670357,33670357,0.306310475181867,0.0363536942231016,33670357,33670619,0.16507460804611,0.0787536986183328,TRUE,0.0196283284968708,781,""
"chr15",73611451,73611614,0.211924907471288,0.0212454332524778,73611614,73611614,0.296305299251609,0.134913144925835,TRUE,0.019647653003477,782,""
"chr11",13508769,13509032,-0.222115186264364,0.006538718271162,13509019,13509019,-0.210575575282496,0.440110561346328,TRUE,0.0197147883301718,783,""
"chr4",122721892,122722220,-0.221539809320849,0.00657224251887788,122721892,122721892,-0.210732069469536,0.439159565938551,TRUE,0.0197645316868741,784,"EXOSC9;EXOSC9"
"chr3",8809715,8809715,-0.218012459264659,0.20384232577821,8809536,8810077,-0.203538012962832,0.0142231617591494,TRUE,0.0198406359558893,785,"OXTR"
"chr3",37258149,37258149,0.48711130144333,0.00458835203738028,37258149,37258149,0.183877506906298,0.635133872106664,TRUE,0.0199278695917188,786,""
"chr12",81109337,81109337,0.18901684402417,0.396180619706894,81109337,81109664,0.354348795627941,0.0074046807095422,TRUE,0.0200409090385234,787,"MYF5"
"chr14",105942243,105943043,0.217730331861707,0.00686800088206021,105942636,105942636,0.212613282663737,0.42783510735928,TRUE,0.0200687851116395,788,"CRIP2; CRIP2;CRIP2;CRIP2;CRIP2;CRIP2;CRIP2;CRIP2;CRIP2"
"chr1",92197531,92197531,-0.364429039071796,0.015809290239527,92197531,92197531,-0.272855325401515,0.185915560630873,TRUE,0.0200735722967472,789,"TGFBR3"
"chr14",93048708,93048746,-0.33730676078076,0.00348726674573423,93048708,93048708,-0.162790032904347,0.844198491896857,TRUE,0.0201012723834253,790,"RIN3"
"chr7",1209495,1209562,0.304585076890008,0.00519998331237447,1209495,1209495,0.192289510126256,0.566160256129249,TRUE,0.0201017302095049,791,""
"chr11",34460557,34460789,-0.260973572077715,0.00968105775706393,34460557,34460557,-0.237172296624252,0.304495946868475,TRUE,0.0201239845741226,792,"CAT; CAT;CAT"
"chr14",94405768,94405768,0.361743705034211,0.0163255636543516,94405768,94405768,0.27486609894948,0.180843835763939,TRUE,0.0201504033634779,793,"ASB2;ASB2"
"chr2",85361465,85361465,-0.202361938655705,0.290493566324372,85361465,85361465,-0.512566492584973,0.010182888128126,TRUE,0.0201835192879249,794,"TCF7L1"
"chr6",168726836,168726836,-0.289959265947128,0.0480439718932707,168726836,168726836,-0.355086142375498,0.0617159363370326,TRUE,0.0202243621655773,795,""
"chr14",50562852,50562852,-0.218761947412044,0.200473511374405,50562852,50562852,-0.474880591134021,0.0148619584768223,TRUE,0.0203078584112303,796,"LINC01599"
"chr1",54427622,54427980,0.176244752448207,0.0379449785146821,54427227,54427622,0.164936896019196,0.0788123486612714,TRUE,0.0203724181441824,797,"LRRC42;LRRC42; LRRC42;LRRC42;LRRC42;LRRC42"
"chr5",142562531,142562569,0.222628637656849,0.0176844131617687,142562569,142562569,0.279617133131694,0.16943196606298,TRUE,0.0204059612758968,798,"ARHGAP26;ARHGAP26"
"chr12",131142360,131142360,-0.169583539958254,0.627405551019435,131142360,131143176,-0.201242043904538,0.00479727274292641,TRUE,0.0204845489741207,799,""
"chr9",126558932,126558932,-0.178824509749073,0.503925316915888,126558932,126558932,-0.57333076689557,0.005993244868516,TRUE,0.0205444030318246,800,"DENND1A;DENND1A"
"chr12",297831,298151,-0.25964935292919,0.00987996829351149,297831,297831,-0.236794081422182,0.306097807368145,TRUE,0.0205681253891938,801,""
"chr19",46417551,46417729,0.170305015670636,0.0105549231475246,46417639,46417639,0.241422488769189,0.287049852461305,TRUE,0.0206003308880474,802,"NANOS2"
"chr8",40246414,40246414,0.250327617158806,0.102137208041052,40246414,40246414,0.413689106288687,0.0296927497192881,TRUE,0.0206174107381216,803,""
"chr9",14564157,14564157,0.217375532276477,0.20682523884164,14564157,14564157,0.476002189886206,0.0146896551775995,TRUE,0.0206490464378197,804,""
"chr4",128544375,128544375,0.305486288058723,0.0368200537579937,128544375,128544375,0.33281645654364,0.0826289626093194,TRUE,0.0206734548972352,805,""
"chr6",109804970,109804970,-0.171180194255149,0.603920698019536,109804970,109804991,-0.384846048007949,0.00504382850035675,TRUE,0.0206947183158965,806,"ZBTB24;ZBTB24"
"chr5",1106118,1106118,-0.221270599503626,0.189431369160076,1106118,1106118,-0.46737539955554,0.0161086478510812,TRUE,0.0207260630963489,807,"SLC12A7"
"chr17",71948613,71948613,-0.161423763807792,0.761736466633689,71948613,71948768,-0.404248149281385,0.00400865524249048,TRUE,0.020737969064096,808,""
"chr22",36500566,36500793,-0.162727882414367,0.0108156672964259,36500577,36500577,-0.242275053485721,0.283705183378006,TRUE,0.0208243527020274,809,""
"chr14",22999023,22999023,0.31443164492457,0.0318837945276508,22999023,22999023,0.321167129295555,0.0964812380392449,TRUE,0.0208690564321956,810,""
"chr16",17107610,17107812,-0.204103338423276,0.0080160201205085,17107610,17107610,-0.220393079163814,0.384167029908439,TRUE,0.0208881575263322,811,""
"chr15",73343567,73343787,0.213470249507483,0.0206487016431351,73343787,73343787,0.288762438098681,0.149498132334498,TRUE,0.0209312415711358,812,"NEO1; NEO1;NEO1;NEO1"
"chr10",63422630,63422630,0.2652883145375,0.0758571777649309,63422630,63422630,0.387437506417958,0.0409008857133984,TRUE,0.0210218610148013,813,"C10orf107"
"chr9",32579898,32579898,-0.230748390870485,0.153935150695218,32579898,32579898,-0.446917194039812,0.0201910668014214,TRUE,0.021053558797777,814,""
"chr16",83760849,83760920,-0.21290380047624,0.0208416523133221,83760920,83760920,-0.288816108713101,0.149391547160312,TRUE,0.0210850311369337,815,"CDH13;CDH13;CDH13;CDH13"
"chr10",5334280,5334280,0.153615325183623,0.917878257811895,5334280,5334280,0.65094388193152,0.00340294316442397,TRUE,0.0211422784094452,816,""
"chr5",34008215,34008215,-0.235642893257461,0.138534111294543,34008215,34008215,-0.43634388925161,0.0227659916673327,TRUE,0.0213173809932353,817,"AMACR;AMACR;AMACR;AMACR;AMACR;AMACR;AMACR;AMACR;AMACR;AMACR;AMACR;AMACR"
"chr8",4399574,4399574,0.296859145135622,0.0426279434289495,4399574,4399574,0.34092016134411,0.074265654467182,TRUE,0.0213860400502305,818,"CSMD1"
"chr19",42038131,42038131,-0.229444946803669,0.15834172681165,42038131,42038131,-0.447766741359932,0.0199957546391996,TRUE,0.0213881706664043,819,""
"chr8",24772333,24772350,0.263375883435825,0.0040095000268194,24772350,24772350,0.167308681232543,0.794601459047645,TRUE,0.0215020179999712,820,"NEFM;NEFM"
"chr9",80524274,80524274,-0.28690768614957,0.0507005822789337,80524274,80524274,-0.353447995021507,0.0630459388492095,TRUE,0.0215624298252041,821,"GNAQ"
"chr22",18537267,18537267,0.430187536078978,0.00769716727556634,18537267,18537267,0.214725408395473,0.41553164421711,TRUE,0.0215736377524924,822,""
"chr2",3652646,3652646,-0.154041156923159,0.908697828820721,3652646,3652840,-0.415612659461124,0.0035214839242864,TRUE,0.0215825320694143,823,"COLEC11;COLEC11;COLEC11;COLEC11;COLEC11;COLEC11;COLEC11;COLEC11;COLEC11;COLEC11;COLEC11"
"chr18",27037507,27037507,-0.198469866350004,0.317850842427096,27037507,27037507,-0.513338388240422,0.0101084100928302,TRUE,0.0216571964194761,824,""
"chr17",26903872,26904098,-0.226172784200429,0.00624072495813194,26904053,26904053,-0.198900157327272,0.517030731795384,TRUE,0.021735697795851,825,"ALDOC; ALDOC;ALDOC"
"chr4",38858210,38858561,-0.223132286250584,0.00647017980916508,38858561,38858561,-0.20052590730352,0.505568144845755,TRUE,0.0219904877453843,826,"TLR6; TLR6;TLR6"
"chr7",50727932,50727932,-0.156194739020386,0.862753219817747,50727761,50727932,-0.40912491044525,0.00379198844925,TRUE,0.0219929681374002,827,"GRB10;GRB10;GRB10;GRB10"
"chr10",88171319,88171319,-0.245624251489119,0.112526744899844,88171319,88171319,-0.415218535446769,0.0291435071056407,TRUE,0.0220380161100952,828,""
"chr17",79393583,79393718,0.245337262911817,0.00496158866195043,79393682,79393682,0.180788754742684,0.66236768117957,TRUE,0.0220778890821759,829,"BAHCC1"
"chr5",74062240,74062240,-0.161633398960188,0.757885648046058,74061994,74062240,-0.312139648183191,0.00433747144476034,TRUE,0.0220831001925464,830,"GFM2;GFM2;GFM2;GFM2;NSA2;NSA2;NSA2;GFM2"
"chr18",10702425,10702425,-0.274341574498748,0.0637675890553016,10702425,10702425,-0.368514921083711,0.051948486013055,TRUE,0.02222778817802,831,"PIEZO2"
"chr12",120740020,120740055,-0.195790603448451,0.0086961898574996,120740050,120740050,-0.220823820333285,0.38188697189302,TRUE,0.0222753529857,832,"SIRT4"
"chr3",125709126,125709126,0.218683595564828,0.200809498834846,125709126,125709451,0.294901660427671,0.0165481096151256,TRUE,0.0222870868958538,833,""
"chr10",65801432,65801432,-0.173570638413794,0.570849400139461,65801377,65801432,-0.372808323735662,0.00584981543658603,TRUE,0.0223803316477917,834,""
"chr1",154717993,154717993,0.204745960575758,0.275184904850735,154717993,154717993,0.494579711682421,0.0121409348501036,TRUE,0.0223896731829077,835,"KCNN3;KCNN3;KCNN3"
"chr2",223757281,223757668,0.208994439539716,0.0223748279088617,223757668,223757668,0.288542128245122,0.149938646791621,TRUE,0.0224686067560171,836,"ACSL3;ACSL3"
"chr8",37605717,37605783,-0.229399522102218,0.01583908957083,37605783,37605783,-0.263346256778949,0.211919185053142,TRUE,0.0224786081901482,837,"LOC728024;ERLIN2"
"chr8",17471997,17471997,-0.325054358150548,0.0271486807836032,17471997,17471997,-0.302421289879856,0.124163531959724,TRUE,0.022559866693774,838,"PDGFRL"
"chr7",139910257,139910257,-0.207132448904672,0.260662945723498,139910257,139910412,-0.312621088598608,0.0129490647686711,TRUE,0.0225852826719873,839,""
"chr7",101943990,101943990,0.162148362658522,0.748592726579216,101943990,101944430,0.308559539069537,0.00452537715925209,TRUE,0.0226553939250053,840,"SH2B2"
"chr19",46498692,46498721,-0.250166837817029,0.00465540053281204,46498692,46498692,-0.173225310235398,0.733761889698368,TRUE,0.0228161847980025,841,"CCDC61;CCDC61; CCDC61"
"chr11",1949130,1949130,-0.201358140041797,0.297390621554452,1949090,1949130,-0.227664062136252,0.0114937165878037,TRUE,0.0228284969859335,842,"TNNT3;TNNT3;TNNT3;TNNT3;TNNT3"
"chr10",82295502,82295864,-0.21379322057609,0.00716599419509026,82295723,82295723,-0.204675654142605,0.477446765123045,TRUE,0.022846992132545,843,""
"chr7",158669929,158669929,0.165264500243862,0.69537186585533,158669887,158669978,0.193904323796091,0.00493073918679309,TRUE,0.0228885256345912,844,"WDR60"
"chr10",63943282,63943282,-0.250497494617036,0.101775891149003,63943282,63943282,-0.403214132265718,0.0336987732290826,TRUE,0.0228943450321765,845,""
"chr13",52769662,52769662,-0.205169444736649,0.272571503495462,52769289,52769662,-0.314546523445579,0.0126129173110339,TRUE,0.0229408677282162,846,"THSD1P"
"chr5",73729290,73729422,-0.257410872968006,0.0102092509044097,73729290,73729290,-0.229577081491222,0.338322960672214,TRUE,0.0230321758148194,847,"LINC01331; "
"chr2",30671403,30671403,-0.473412047791254,0.00517018398107146,30671403,30671403,-0.180022387549458,0.669268009116021,TRUE,0.0230673967546197,848,"LCLAT1;LCLAT1"
"chr7",872547,872547,0.176362621795843,0.534413012771993,872547,872547,0.56283100724602,0.00652568198909064,TRUE,0.023221250509731,849,"SUN1;SUN1;SUN1;SUN1;SUN1"
"chr7",108061037,108061037,-0.283242356053767,0.0540552420003695,108061037,108061037,-0.351586226965604,0.0645973828696609,TRUE,0.0232462462101484,850,"NRCAM;NRCAM;NRCAM;NRCAM"
"chr20",61467939,61468123,-0.187751133981435,0.0319046540595629,61468123,61468123,-0.311125262736291,0.110403743135971,TRUE,0.0234190351550038,851,"COL9A3"
"chr12",29944157,29944157,0.309605655094637,0.0344599467187956,29944157,29944157,0.316715139707737,0.102407524108739,TRUE,0.0234561098963242,852,""
"chr20",44641161,44641161,0.225356720057957,0.173157209352222,44640803,44641161,0.279880268456538,0.0204350660185185,TRUE,0.0235098608141691,853,"MMP9"
"chr17",259924,259942,-0.262765021405646,0.00404749417423073,259930,259930,-0.159644144910812,0.880364213758954,TRUE,0.0236496905065782,854,"C17orf97"
"chr4",75174080,75174080,-0.178818784133719,0.503999070260863,75174080,75174146,-0.357841957912361,0.00707684200798799,TRUE,0.0236691523418008,855,"EPGN"
"chr1",869346,869346,0.293723907392925,0.0449649559863877,869346,869346,0.335414272200948,0.079846845187873,TRUE,0.0238020195299217,856,"SAMD11"
"chr8",103540783,103540783,-0.165811691325528,0.686392582350452,103540783,103540922,-0.296329406781299,0.00523962941293638,TRUE,0.0238365394669217,857,""
"chr11",130405517,130405517,-0.255788243668376,0.0913602798753196,130405517,130405517,-0.39045839640048,0.0393922261473471,TRUE,0.0238502819889229,858,""
"chr5",37371555,37371630,-0.192512384539995,0.00897928350487815,37371555,37371555,-0.216759353137693,0.404031085124296,TRUE,0.0240134919142925,859,"NUP155;NUP155; NUP155;NUP155;NUP155"
"chr8",2146804,2146804,0.216525805222018,0.210735656091877,2146334,2146804,0.292015409300943,0.0172214572234784,TRUE,0.0240206022625098,860,""
"chr15",79164806,79164806,-0.160315042333082,0.782091644863489,79164541,79164806,-0.305517194447003,0.00469053718401443,TRUE,0.0242409539354889,861,"MORF4L1;MORF4L1"
"chr6",30228063,30228083,0.260538525068515,0.00414210705111777,30228063,30228063,0.15889709445317,0.889156569522896,TRUE,0.024322531228492,862,"HLA-L"
"chr5",1294198,1294729,0.177950302500403,0.010103463278284,1294198,1294198,0.224156796783318,0.364654010238042,TRUE,0.0243297417436198,863,"TERT;TERT"
"chr17",76912316,76912316,0.243422792267882,0.117635840251745,76911989,76912316,0.2487810150373,0.0315150742265168,TRUE,0.0244587442096605,864,"TIMP2"
"chr7",2764234,2764246,-0.298771293865306,0.0056425033822241,2764246,2764246,-0.181345320444587,0.657385660801387,TRUE,0.024469930609013,865,""
"chr6",41992211,41992211,0.333666866499477,0.0238826740727938,41992211,41992211,0.285654432504633,0.155978398136493,TRUE,0.0245587780340459,866,"CCND3;CCND3;CCND3"
"chr14",22956176,22956176,0.165454916533997,0.692241446101949,22956176,22956290,0.379377063518547,0.00538888625297884,TRUE,0.024588019215997,867,""
"chr22",38572456,38572456,-0.44430348417651,0.00674433365715273,38572456,38572456,-0.19385180776355,0.554174631104389,TRUE,0.0246278678872124,868,"PLA2G6;PLA2G6;PLA2G6"
"chr3",112218510,112218761,-0.245653971210063,0.00493923916347317,112218520,112218520,-0.170873322767469,0.757433949336739,TRUE,0.0246480369672662,869,"BTLA;BTLA"
"chr19",45982446,45982568,-0.243777230254707,0.00505545655555489,45982460,45982460,-0.172492591466107,0.741058556578832,TRUE,0.0246773270010117,870,""
"chr16",34442373,34442373,0.209040879572898,0.249631978258408,34442321,34442373,0.301837533892322,0.0150130951259333,TRUE,0.0246849211026365,871,""
"chr12",10096112,10096152,-0.260432286461572,0.0041473219340958,10096152,10096152,-0.15711810670076,0.910381192946385,TRUE,0.0248406571687888,872,""
"chr17",37381475,37381475,0.320990856076517,0.0288688471830692,37381475,37381475,0.297804221595196,0.132174488690054,TRUE,0.0250640657181976,873,"STAC2"
"chr20",23430307,23430307,-0.276407955313786,0.0613620380358665,23430307,23430307,-0.354433774240062,0.0622433355693036,TRUE,0.0250844050933054,874,""
"chr2",85804641,85804653,-0.209266277106373,0.00757201008409371,85804641,85804641,-0.200287985723155,0.507227640291467,TRUE,0.0252032423946975,875,"VAMP8;VAMP8; VAMP8"
"chr3",167600018,167600018,-0.271100162415781,0.0678433925942702,167600018,167600018,-0.36116769475765,0.0570625065840313,TRUE,0.0253732165816212,876,""
"chr5",140105669,140106029,-0.175240387469421,0.0102882191323627,140106029,140106029,-0.221330426621271,0.379220199556019,TRUE,0.0255407597527188,877,"VTRNA1-3; "
"chr16",79773987,79773987,0.216030711335181,0.213089058281532,79773987,79773987,0.455619905889734,0.0183205063934938,TRUE,0.0255540644939825,878,"MAFTRR"
"chr17",29641333,29641333,-0.168892827646936,0.63794035961833,29641333,29641333,-0.570339999292397,0.00614050911094581,TRUE,0.0256282393296681,879,"NF1;EVI2B;NF1"
"chr20",42142847,42142947,-0.194782284268985,0.00397895571223382,42142897,42142897,-0.150763584812939,0.990034041838384,TRUE,0.0257502369774334,880,"L3MBTL;L3MBTL"
"chr9",123089068,123089068,-0.47225992778934,0.00522158782756915,123089068,123089068,-0.171131325466411,0.754805449912375,TRUE,0.0257612066857485,881,""
"chr5",126147721,126147721,-0.222143859657618,0.185842039704629,126147721,126147721,-0.442183570157158,0.0212990638626031,TRUE,0.0258551674959754,882,"LMNB1;LMNB1"
"chr10",5314490,5314490,0.151692125865017,0.960573249736276,5314490,5314649,0.401745103776294,0.00412603052073042,TRUE,0.0258833388521789,883,""
"chr4",156874415,156874602,-0.178828948470431,0.0366211432215461,156874415,156874415,-0.312228023929314,0.108766880591445,TRUE,0.0259928682798892,884,"CTSO"
"chr1",78470545,78470640,-0.261549145790869,0.00409219317118524,78470614,78470614,-0.151890503680699,0.975505824663591,TRUE,0.0260414335073076,885,"DNAJB4; DNAJB4;DNAJB4"
"chr21",48081686,48081686,0.280664938977511,0.0567230271352711,48081619,48081686,0.181057395926399,0.0704136249162827,TRUE,0.0260531188637102,886,"PRMT2;PRMT2"
"chr8",17010106,17010106,-0.194629507435136,0.347613669549255,17010106,17010106,-0.499233392101819,0.0115923313715395,TRUE,0.0262494610647431,887,""
"chr19",41386507,41386507,-0.175091414710658,0.55064172859961,41386441,41386507,-0.354876007001869,0.00735542971194633,TRUE,0.0263627432942778,888,"CYP2A7;CYP2A7"
"chr2",242851003,242851003,0.226356149145816,0.169401748624761,242851003,242851003,0.431480889185388,0.0240848281136424,TRUE,0.0265268318331658,889,""
"chr1",214535988,214535988,-0.173404947043005,0.573029221224276,214535988,214535988,-0.551878479277892,0.00714665811679374,TRUE,0.0266106043047657,890,"PTPN14"
"chr11",1296469,1296469,-0.347120954032738,0.0197554666873275,1296469,1296469,-0.2648982335709,0.207423922435168,TRUE,0.0266244168323147,891,"TOLLIP"
"chr3",122640778,122640935,-0.196018745276165,0.0278593948351799,122640935,122640935,-0.289573777796786,0.147849201415752,TRUE,0.0267410858077701,892,"SEMA5B"
"chr3",56590734,56590734,-0.173057362032424,0.577779979617257,56590734,56590734,-0.55168616319815,0.0071572978361217,TRUE,0.0268308726206046,893,"CCDC66;CCDC66;CCDC66"
"chr2",40165558,40165857,-0.183631430790973,0.0340025269832945,40165857,40165857,-0.303794405889501,0.121880503845977,TRUE,0.0268797173477872,894,"SLC8A1-AS1; "
"chr4",113218385,113218524,-0.216083931922199,0.00700656777261918,113218385,113218385,-0.188344799565838,0.59756656460306,TRUE,0.0271134534387926,895,"ALPK1;ALPK1;ALPK1;ALPK1; ALPK1;ALPK1"
"chr6",7051754,7051754,-0.407056000222318,0.00969446745615028,7051754,7051754,-0.211541114184121,0.434247700034807,TRUE,0.0272388389860602,896,""
"chr5",72934606,72934606,0.320592438849349,0.0290379583882138,72934606,72934606,0.29082387418812,0.145335896691107,TRUE,0.027296032223806,897,"RGNEF"
"chr6",133119739,133120132,-0.188691659555572,0.00929217648355971,133120132,133120132,-0.207847522200492,0.456988126298807,TRUE,0.0274389719361902,898,"C6orf192;C6orf192; C6orf192; SLC18B1"
"chr13",41591463,41591463,-0.21527864454873,0.216781940413257,41591463,41591463,-0.449565688372435,0.0195954304999623,TRUE,0.0274472795707812,899,"ELF1"
"chr6",74064594,74064594,-0.190169229082596,0.385656985857237,74064155,74064594,-0.231556271270774,0.0110604581936855,TRUE,0.0275434034813734,900,"DPPA5"
"chr12",52773842,52773842,-0.213196672076313,0.227236290817634,52773842,52774147,-0.285833428039947,0.0187851575990567,TRUE,0.0275604645876812,901,"KRT84"
"chr3",9290996,9291125,-0.232459442140933,0.0150486623080178,9290996,9290996,-0.241897086668963,0.285181623016623,TRUE,0.0276855326956913,902,"SRGAP3;SRGAP3;SRGAP3;SRGAP3"
"chr13",103497809,103497809,-0.159477722843744,0.797886035437365,103497715,103497809,-0.293977677442915,0.00539039010023368,TRUE,0.0277362997924965,903,"ERCC5"
"chr16",75095700,75096111,-0.207465581292479,0.0230095536656157,75095700,75095700,-0.272416435420126,0.187038445779878,TRUE,0.027751306177665,904,"ZNRF1"
"chr11",113113890,113113890,-0.259874286529905,0.0842516493929876,113113890,113113936,-0.210906122044716,0.0514988356838591,TRUE,0.027942891680361,905,"NCAM1;NCAM1;NCAM1"
"chr21",23123750,23123750,0.161915583930776,0.752833171423633,23123750,23123750,0.577825268725484,0.00578300702228995,TRUE,0.0280232591778183,906,"LINC01425"
"chr1",213181989,213181989,-0.301508976035625,0.0392784985904916,213181989,213181989,-0.309997115281227,0.112081472729647,TRUE,0.0282880417797568,907,"ANGEL2;ANGEL2;ANGEL2;ANGEL2;ANGEL2;ANGEL2"
"chr12",109029473,109029473,-0.218916321360618,0.199747897657177,109029473,109029473,-0.439138638636775,0.0220491828733152,TRUE,0.0282982738289991,908,"MIR4496"
"chr11",61601062,61601062,-0.225923216593185,0.170987818033363,61601062,61601062,-0.424984598805419,0.0259765551716818,TRUE,0.0285009985665002,909,"FADS2;FADS2;FADS2"
"chr6",107955223,107955223,0.174611147148224,0.557004630816085,107954774,107955223,0.261049278060565,0.00797806007162975,TRUE,0.0285126002175729,910,"SOBP"
"chr7",86941780,86941780,-0.298964847355365,0.041106687565931,86941780,86941780,-0.312667169373288,0.10812417387091,TRUE,0.0285169885387941,911,""
"chr1",120351748,120351812,-0.19215760918017,0.0297293028744435,120351812,120351812,-0.28852032723993,0.149982183169648,TRUE,0.0285940856503611,912,"REG4;REG4;REG4; REG4;REG4;REG4;REG4"
"chr2",44706808,44706808,-0.26187391269732,0.0810020323143949,44706808,44706808,-0.363986964437234,0.0550484791479923,TRUE,0.0285950217340832,913,"CAMKMT"
"chr13",103507177,103507177,-0.292279851549408,0.0460928606762064,103507177,103507177,-0.320771075785723,0.0969894632190166,TRUE,0.0286571630917851,914,"BIVM-ERCC5;ERCC5"
"chr4",82834601,82834601,-0.170552978039661,0.613024393732605,82834601,82834601,-0.548784252478578,0.00733696998689322,TRUE,0.0288043461183703,915,""
"chr4",8401260,8401260,0.324485513954633,0.0273773906513538,8401260,8401260,0.281669587641497,0.164732368199255,TRUE,0.0288702650059123,916,"ACOX3;ACOX3"
"chr5",180597642,180597642,0.16395220945328,0.717475519849335,180597246,180597642,0.281169601158945,0.00628965316244415,TRUE,0.0288850089816891,917,""
"chr16",57770483,57770483,-0.188847485912859,0.397719010185411,57770390,57770620,-0.228833690912873,0.0113632202422653,TRUE,0.028921171101717,918,"KATNB1"
"chr11",86383696,86383713,0.204891592381165,0.0239877167156369,86383696,86383696,0.271888950434594,0.188409540918293,TRUE,0.0289219593379922,919,"ME3;ME3;ME3"
"chr21",36117926,36117926,-0.225151128683302,0.173920072233579,36117913,36117926,-0.262316093834941,0.0261289324947781,TRUE,0.0290559632422265,920,"LINC01426;LINC01426"
"chr21",36258497,36258596,-0.235220214891871,0.014406486718438,36258596,36258596,-0.234162124852171,0.317484487627585,TRUE,0.0292149342582561,921,"RUNX1;RUNX1;RUNX1"
"chr19",50316579,50316597,-0.263810093785054,0.00931229103218924,50316579,50316579,-0.202292121199468,0.493422096914985,TRUE,0.0293283128714628,922,"FUZ"
"chr10",94819786,94819786,0.185386376563208,0.431478672618586,94819786,94819786,0.507746486771791,0.0106661118472861,TRUE,0.0293676533251692,923,"CYP26C1"
"chr1",2454705,2454705,0.161978504469089,0.751662802686708,2454221,2454705,0.369089941486875,0.00612960621834824,TRUE,0.0293956177136362,924,"PANK4"
"chr2",31806755,31806767,0.2318411232314,0.0152133036134669,31806755,31806755,0.237231549549877,0.304244841973099,TRUE,0.0295094773388847,925,"SRD5A2"
"chr19",51171640,51171640,0.188590110413859,0.400114131438891,51171640,51171712,0.320651832676642,0.0116037982068576,TRUE,0.0295861879629948,926,"SHANK1"
"chr14",64663864,64663864,-0.202235523789295,0.291368176698115,64663683,64663928,-0.185183271511373,0.0159650304382444,TRUE,0.0296337693942645,927,"SYNE2;SYNE2;MIR548AZ"
"chr7",27154305,27154537,0.227093171320722,0.00618112629552593,27154537,27154537,0.170719186529463,0.759006259237852,TRUE,0.0298474093323095,928,"HOXA3;HOXA3;HOXA3"
"chr12",47670644,47670644,-0.22755939449892,0.164980272842677,47670644,47670644,-0.416981227830101,0.0285402387793633,TRUE,0.0299388692545166,929,""
"chr17",76044393,76044393,0.194226279694513,0.350929590139997,76044050,76044666,0.209681739218433,0.0135465432830174,TRUE,0.0301814209604479,930,"TNRC6C;TNRC6C"
"chr17",67323976,67323976,-0.152073439934071,0.951925483792144,67323768,67323976,-0.189568674400784,0.00499705885073135,TRUE,0.0301971710789733,931,"ABCA5"
"chr1",43638416,43638475,-0.215704016828758,0.00702966225437901,43638416,43638416,-0.179134698237342,0.677384723904547,TRUE,0.030223685606677,932,"WDR65;WDR65;EBNA1BP2;WDR65;EBNA1BP2;WDR65; MIR6733;CFAP57;CFAP57;CFAP57;EBNA1BP2;EBNA1BP2;CFAP57;CFAP57;CFAP57; MIR6733;EBNA1BP2;EBNA1BP2;CFAP57;CFAP57;CFAP57"
"chr7",80552171,80552171,0.262681556372757,0.0797228960182133,80552171,80552538,0.197814266321085,0.0598013132045383,TRUE,0.0302544177186202,933,""
"chr19",58549531,58549711,0.197038573260748,0.0273863304507447,58549711,58549711,0.277632472408848,0.17411332977874,TRUE,0.030258647942249,934,"ZSCAN1"
"chr2",24270541,24270544,-0.268351810795982,0.00871555942284655,24270541,24270541,-0.194764825663054,0.54728919125576,TRUE,0.030267234473622,935,"C2orf44;C2orf44"
"chr11",89957033,89957167,0.188654958748311,0.0314703288058216,89957033,89957033,0.287682615477398,0.151711682705072,TRUE,0.0302912069664348,936,"CHORDC1;CHORDC1"
"chr2",97427027,97427102,0.179120716741723,0.0100185351840705,97427033,97427033,0.204581421895568,0.478066538172944,TRUE,0.030371937664428,937,"CNNM4"
"chr4",183260821,183260821,-0.258167800051944,0.0870967405491421,183260821,183260821,-0.363303592053719,0.0555288831535496,TRUE,0.030621994518154,938,"TENM3"
"chr2",220119493,220119658,-0.158992219105268,0.0457613431154605,220119658,220119658,-0.314328174889911,0.105728545193956,TRUE,0.0306321001965335,939,"TUBA4A;TUBA4B;TUBA4A"
"chr2",44495581,44495581,0.15622461589628,0.862143823492601,44495581,44495581,0.581342873699704,0.00562788517795363,TRUE,0.0307054710032045,940,""
"chr6",159083790,159084048,-0.234728027190119,0.00566634284726651,159084032,159084032,-0.16158894868107,0.857856432665277,TRUE,0.0307526839436531,941,"SYTL3; SYTL3;SYTL3;SYTL3;SYTL3; SYTL3;SYTL3;SYTL3;SYTL3;SYTL3;SYTL3;SYTL3;SYTL3"
"chr13",111574089,111574089,0.325156036571222,0.0271084516863442,111574089,111574089,0.275307815280644,0.179746628806811,TRUE,0.0308152252890799,942,""
"chr13",26422660,26423104,-0.164310543445044,0.0437677678512894,26423104,26423104,-0.310419756746548,0.111455947463998,TRUE,0.0308446391351008,943,"ATP8A2"
"chr17",8022337,8022337,-0.201681192985981,0.295157906656575,8022337,8022337,-0.465022616417208,0.0165326951807636,TRUE,0.0308530367737709,944,"ALOXE3;ALOXE3"
"chr8",17509306,17509306,-0.316059889841777,0.0310799575657522,17509306,17509306,-0.28497152039561,0.157440964784183,TRUE,0.0309248889436923,945,"MTUS1;MTUS1;MTUS1;MTUS1;MTUS1"
"chr2",71693389,71693389,0.183296507282083,0.453092127612656,71693389,71693579,0.3256683641936,0.0108392798586805,TRUE,0.0310202624493441,946,"DYSF;DYSF;DYSF;DYSF;DYSF;DYSF;DYSF;DYSF;DYSF;DYSF;DYSF;DYSF;DYSF;DYSF"
"chr10",82368399,82368399,0.151664178938886,0.961228090041659,82368399,82368659,0.383699198466489,0.0051141709557017,TRUE,0.0310452061628883,947,"SH2D4B;SH2D4B"
"chr3",133968695,133968695,-0.217200814183779,0.207636525636365,133968695,133968920,-0.269264183428246,0.0237112348593598,TRUE,0.0310847124752609,948,"RYK;RYK"
"chr9",115140853,115140853,-0.246076985722501,0.111481533354392,115140853,115140853,-0.380716840605559,0.0445091040281075,TRUE,0.0312898044433173,949,"HSDL2;HSDL2;HSDL2"
"chr9",126135998,126135998,-0.231239770475864,0.15238484048418,126135998,126135998,-0.40545455452304,0.0327955625678282,TRUE,0.031478587182516,950,"CRB2"
"chr10",135050622,135050622,0.187733375430177,0.408256053734154,135050355,135050622,0.221059796473609,0.0122425949245306,TRUE,0.031481591155286,951,"VENTX"
"chr4",152284000,152284000,-0.181685520030422,0.470655853482648,152284000,152284000,-0.50820763467213,0.0106198309480185,TRUE,0.0314825030965083,952,""
"chr15",78730339,78730509,-0.203900505528665,0.00802421493661682,78730339,78730339,-0.185040950975474,0.625144077966059,TRUE,0.0315778722869419,953,"IREB2"
"chr5",68339047,68339208,-0.208360789113466,0.00766289804456788,68339047,68339047,-0.181508245405914,0.655935801662999,TRUE,0.031631229662886,954,""
"chr2",105275613,105275613,0.168572869094729,0.642790945771177,105275601,105275706,0.26255250190782,0.00783699919912615,TRUE,0.0316904092559953,955,""
"chr2",42175351,42175351,-0.172355334004638,0.587405163628128,42175341,42175351,-0.343108320667977,0.00857948618501998,TRUE,0.0317014262443079,956,""
"chr1",224370322,224370322,-0.239073601505129,0.128857523437174,224370322,224370322,-0.390536032073773,0.0393545547736135,TRUE,0.0318679550340111,957,"DEGS1;DEGS1"
"chr14",22538566,22538566,0.419185381910684,0.00859636209763453,22538566,22538566,0.189199939955164,0.590616797688105,TRUE,0.0318997907693268,958,""
"chr19",5139334,5139479,-0.175106069357485,0.0385677845389149,5139334,5139334,-0.297917071671532,0.131968048058146,TRUE,0.0319661265543609,959,"KDM4B"
"chr12",3563766,3563766,0.216815014490586,0.20937382665133,3563766,3563899,0.267061819889629,0.0244528571330821,TRUE,0.0321248395075304,960,"PRMT8"
"chr17",9449800,9449800,-0.451182406668846,0.00634278766784473,9449800,9449800,-0.166101636990115,0.80756353209507,TRUE,0.0321375811116493,961,"STX8;STX8"
"chr12",133187085,133187136,0.203561056515362,0.00805624921776755,133187085,133187085,0.183771457480635,0.636056557589868,TRUE,0.0321482668773934,962,"LRCOL1"
"chr1",211854273,211854541,-0.244182569089153,0.0124933696487851,211854541,211854541,-0.215437156456236,0.411470467109244,TRUE,0.0322348491623237,963,""
"chr1",2043761,2043799,-0.303668964055597,0.00528044150689259,2043761,2043761,-0.151845245603,0.976080745469115,TRUE,0.0323059032871296,964,"PRKCZ;PRKCZ;PRKCZ"
"chr6",20534758,20534758,-0.222693651785822,0.183563135843232,20534758,20534758,-0.418359377351841,0.0280811894048246,TRUE,0.0323087158362317,965,"CDKAL1;CDKAL1"
"chr10",88023185,88023185,0.156503963502908,0.856497595193964,88023135,88023243,0.284660555466714,0.00602982595298988,TRUE,0.0323606487108725,966,"GRID1"
"chr8",81397601,81397610,-0.193810166495422,0.0289254659125449,81397610,81397610,-0.275656080778739,0.178894473759858,TRUE,0.0324136910048702,967,"ZBTB10;ZBTB10;ZBTB10; ZBTB10;ZBTB10"
"chr7",23054001,23054024,-0.209465061740449,0.0221863471383702,23054001,23054001,-0.25634058770105,0.233482286897513,TRUE,0.0324427088000134,968,"FAM126A"
"chr6",141804862,141804862,-0.261125805882007,0.0821984754662105,141804862,141804862,-0.353247940559012,0.0632066625245701,TRUE,0.0325235889471845,969,""
"chr20",441051,441051,-0.166931134933999,0.66840049109298,441051,441051,-0.542137491975841,0.00777552944258473,TRUE,0.0325324064758432,970,"TBC1D20"
"chr7",27779524,27779524,-0.188583536012732,0.400178944984475,27779524,27779524,-0.487788065851165,0.012993653839777,TRUE,0.0325461807495765,971,"TAX1BP1;TAX1BP1"
"chr16",74700730,74700787,-0.227700669998721,0.0162629850586153,74700730,74700730,-0.233604651501954,0.319960985690668,TRUE,0.0325658172634427,972,"RFWD3; RFWD3;RFWD3"
"chr1",214655904,214655904,0.340842744385196,0.0215903605123101,214655904,214655904,0.253739757574328,0.242038425853901,TRUE,0.0326823815424193,973,"PTPN14"
"chr19",44285307,44285426,-0.177142922235348,0.010152632174934,44285333,44285333,-0.198617217199488,0.519051225774619,TRUE,0.0329135863508504,974,"KCNN4;KCNN4; KCNN4"
"chr8",42623730,42623730,-0.250254384623379,0.102279499848023,42623718,42623730,-0.210732230586234,0.0516065111473054,TRUE,0.0329584411455636,975,"CHRNA6"
"chr16",74331461,74331492,-0.182321566467213,0.0347072811686106,74331461,74331461,-0.287447567128061,0.15219400411588,TRUE,0.0329791642671311,976,"PSMD7"
"chr1",8014393,8014393,-0.410503104203869,0.00935624504586117,8014393,8014393,-0.192470635566056,0.564761415008982,TRUE,0.0329886340629843,977,""
"chr18",53255978,53255994,-0.178590574150532,0.0367455554297362,53255978,53255978,-0.291561893373301,0.143883105050573,TRUE,0.0330044589717347,978,"TCF4;TCF4;TCF4;TCF4;TCF4;TCF4"
"chr10",53720708,53720708,0.156334186158713,0.859908128661593,53720708,53720708,0.5701427501493,0.00614900584793563,TRUE,0.0330071614501666,979,"PRKG1;PRKG1"
"chr12",96187658,96187658,0.26309743888443,0.0790918951778722,96187621,96187658,0.186188048575581,0.0672554704887646,TRUE,0.0331736825814157,980,""
"chr19",39755901,39755901,0.371797812091165,0.0144601255147834,39755901,39755901,0.223288508117839,0.369062764042681,TRUE,0.0332644078653761,981,""
"chr3",87399967,87399998,-0.204576688516527,0.0241084040074141,87399967,87399967,-0.26012937377273,0.221541814886479,TRUE,0.0332870430767084,982,""
"chr4",74088730,74089071,-0.215348139880918,0.0200258956189023,74088730,74088730,-0.246608559081433,0.267173465697958,TRUE,0.0333360532895393,983,"ANKRD17;ANKRD17; ANKRD17;ANKRD17;ANKRD17"
"chr4",25090491,25090491,0.160797371072831,0.773265082931539,25090491,25090597,0.359527617721821,0.00692469026197997,TRUE,0.0333581940126594,984,""
"chr12",132093736,132093736,-0.220283691599693,0.193702358319079,132093736,132093736,-0.418602752532831,0.0279993425179802,TRUE,0.0337181767495442,985,""
"chr5",132155450,132155450,-0.174196425439757,0.562451948578274,132155330,132155460,-0.244280213627524,0.00964969908392393,TRUE,0.0337388000975568,986,""
"chr1",67518911,67518911,-0.243587437695595,0.117264838577022,67518911,67518911,-0.377506992586255,0.0463448503720856,TRUE,0.0337759840625443,987,"SLC35D1"
"chr11",43665775,43665808,-0.18681299941951,0.00944489805648761,43665796,43665796,-0.190812814743037,0.577711457278369,TRUE,0.0338896496881251,988,""
"chr15",91105486,91105486,-0.166538215840869,0.674595027087592,91105486,91105486,-0.537500733470147,0.00809457063769816,TRUE,0.033911176057203,989,"CRTC3;CRTC3"
"chr7",53103038,53103038,0.191328451863806,0.375324812711203,53103038,53103214,0.304047276968806,0.0145653246058059,TRUE,0.0339433228219525,990,"POM121L12"
"chr1",158979647,158979810,-0.168883865623599,0.0416937343926002,158979647,158979647,-0.29836491356427,0.131178979403534,TRUE,0.03395693765358,991,"IFI16; IFI16;IFI16"
"chr15",93139398,93139398,0.176747119294146,0.529487928290889,93139398,93139398,0.510999438761136,0.0103349646817713,TRUE,0.0339720288647352,992,""
"chr2",234179183,234179183,-0.323340254180749,0.0278489650692238,234179183,234179183,-0.268640617868695,0.197001659420253,TRUE,0.0340452013347536,993,"ATG16L1;ATG16L1;ATG16L1;ATG16L1;ATG16L1"
"chr2",120281999,120281999,-0.251219479744905,0.100256870235832,120281999,120282171,-0.205381311192714,0.0549489620559036,TRUE,0.0341634162310222,994,"SCTR;SCTR"
"chr19",44259181,44259196,-0.235376603354923,0.0056127040509211,44259181,44259181,-0.150183311142903,0.997599934973645,TRUE,0.0346319606935554,995,"C19orf61"
"chr12",133284139,133284139,-0.328977466810573,0.0255894307731734,133284139,133284139,-0.260938580479947,0.219100055694983,TRUE,0.0346703905918787,996,""
"chr20",50158202,50158202,-0.298929951438545,0.0411357419139515,50158202,50158202,-0.295165103879557,0.137017515985708,TRUE,0.034824123249202,997,"NFATC2;NFATC2;NFATC2"
"chr11",842615,842615,0.196720620698429,0.331048221277915,842605,842615,0.164269353634982,0.0170344162211582,TRUE,0.0348391195909522,998,"TSPAN4;TSPAN4;TSPAN4;TSPAN4;POLR2L;TSPAN4;TSPAN4"
"chr7",100034139,100034196,-0.161205541764781,0.0108499365274243,100034196,100034196,-0.198261299805029,0.52160558552932,TRUE,0.0349435463138881,999,"C7orf47"
"chr19",38826367,38826528,-0.170557183378816,0.0105467283314162,38826528,38826528,-0.196162063771737,0.536901967881883,TRUE,0.0349599571980394,1000,"CATSPERG;CATSPERG; CATSPERG"
"chr12",60202308,60202308,-0.17401707375919,0.564819505450298,60202308,60202308,-0.514131324711794,0.01003408244226,TRUE,0.0349852361488894,1001,""
"chr10",1120794,1120831,0.229219328638361,0.0158867685009148,1120794,1120794,0.225129085795377,0.359804328418284,TRUE,0.0352368635046459,1002,"WDR37"
"chr6",32526342,32526702,-0.227807673027147,0.0162436154932683,32526342,32526342,-0.226600857433626,0.3525498820495,TRUE,0.0352913732231558,1003,"HLA-DRB6"
"chr14",102975664,102975664,-0.306164330131612,0.0364334074343372,102975664,102975664,-0.285065553172764,0.157242532138908,TRUE,0.0353027125617162,1004,"ANKRD9"
"chr19",42497766,42497766,-0.16668945936857,0.672205120717091,42497766,42497766,-0.530987465260293,0.00858117801318167,TRUE,0.0355061270082551,1005,"ATP1A3"
"chr14",103388471,103388471,0.349768832135162,0.0190298529700994,103388471,103388471,0.237336307544716,0.30380335001526,TRUE,0.0355732419163013,1006,"AMN"
"chr12",130498820,130498820,-0.218155351057489,0.203199405205347,130498820,130499189,-0.256003313416106,0.0285257266533541,TRUE,0.0356509190022597,1007,""
"chr21",42795929,42795929,0.181431531125338,0.473497964705672,42795929,42795929,0.493577500930605,0.0122659797493433,TRUE,0.0357101681827597,1008,"MX1"
"chr14",35183231,35183231,-0.289891778600011,0.0481050605224419,35183231,35183231,-0.30386914306239,0.121759970488501,TRUE,0.0359640613510913,1009,"CFL2;CFL2;CFL2;CFL2;CFL2"
"chr22",37099095,37099095,0.162663850198129,0.739594818492273,37098833,37099095,0.261667999491102,0.00792068829885776,TRUE,0.0359683238260653,1010,"CACNG2"
"chr12",132286017,132286017,0.389199021061815,0.0117699908814046,132286017,132286017,0.201516385775233,0.498728797915487,TRUE,0.0360296484120851,1011,""
"chr8",79766509,79766509,-0.419350251689753,0.0085792274821353,79766509,79766509,-0.177875738690311,0.689052661196823,TRUE,0.0362427561191031,1012,""
"chr3",178733514,178733514,-0.247790992975904,0.107571116104155,178733514,178733514,-0.364032051777506,0.0550162216243761,TRUE,0.0362767024056234,1013,""
"chr11",1283875,1283875,0.182075968137627,0.466278331714236,1283875,1283970,0.217075736406835,0.0127108553635051,TRUE,0.0363210173285527,1014,""
"chr19",10531980,10531980,0.164294628417103,0.711628891047685,10531543,10531980,0.345063650994309,0.00836421045049023,TRUE,0.0364513100967141,1015,"PDE4A"
"chr1",40916222,40916222,-0.354150387050031,0.0179831514580813,40916222,40916222,-0.230916244626382,0.332109740546497,TRUE,0.0365546061808624,1016,"ZFP69B"
"chr1",68177614,68177614,-0.195644822932074,0.339439712972841,68177614,68177614,-0.459261994689464,0.0176038103880204,TRUE,0.0365702364739563,1017,"GNG12"
"chr19",1953494,1953494,0.169912245328733,0.622489406337722,1953494,1953494,0.51828647889176,0.00964751850540441,TRUE,0.0367239981266485,1018,"CSNK1G2-AS1;CSNK1G2-AS1;CSNK1G2"
"chr12",11911896,11912203,-0.204733706811601,0.0240421004952649,11911896,11911896,-0.25121957398851,0.250639454650847,TRUE,0.0368284179968818,1019,"ETV6"
"chr5",114938640,114938640,0.221099386786363,0.190136868328675,114938581,114938640,0.248270990966447,0.0317373052546002,TRUE,0.0368720293505987,1020,"TICAM2;TMED7-TICAM2;TMED7-TICAM2;LOC101927100;LOC101927100"
"chr17",11531705,11531705,-0.345020064546326,0.0203536882632354,11531705,11531705,-0.239015325177929,0.296792902863573,TRUE,0.0369047234999724,1021,"DNAH9"
"chr19",2250956,2250956,0.192209737779567,0.367679794265417,2250956,2250956,0.465553209143959,0.0164368249182678,TRUE,0.0369183041287829,1022,"AMH"
"chr20",937221,937221,0.300674752152179,0.0398342561192927,937221,937221,0.287533315244123,0.152015347062005,TRUE,0.0369792393424582,1023,""
"chr9",92171941,92171941,-0.192184381982372,0.367873489918886,92171941,92171941,-0.464761295885242,0.0165789760800311,TRUE,0.0372014716898625,1024,""
"chr1",32110861,32110874,-0.183395050046941,0.00968701762332453,32110874,32110874,-0.184012196859751,0.633969180003975,TRUE,0.0374170645406842,1025,"PEF1; PEF1;PEF1;PEF1"
"chr16",50189512,50189512,-0.169852180627438,0.623389346143073,50189512,50189512,-0.515991714402998,0.00985764356308635,TRUE,0.0374368198033943,1026,"PAPD5;PAPD5"
"chr5",180651585,180651585,-0.196446935653098,0.333087240522323,180651585,180651585,-0.454911035003009,0.018464161402512,TRUE,0.0374624136320463,1027,"TRIM41;TRIM41"
"chr8",78518428,78518428,0.192926424357996,0.361661074325492,78518428,78518428,0.462379798732605,0.0170131743786836,TRUE,0.037476802723465,1028,""
"chr2",143907996,143908129,-0.199956778637833,0.0260989993384548,143907996,143907996,-0.255611498310099,0.235848064206458,TRUE,0.0374889975500868,1029,"ARHGAP15"
"chr19",45274050,45274050,-0.230231680844777,0.155694056225378,45274050,45274050,-0.390153605064625,0.0395424980842866,TRUE,0.0374947671803216,1030,""
"chr7",50343052,50343298,-0.235930405108596,0.0142358855467283,50343298,50343298,-0.211711271164937,0.4332251214977,TRUE,0.0375497899530062,1031,"IKZF1; IKZF1;IKZF1;IKZF1;IKZF1;IKZF1"
"chr3",177167606,177167606,0.153332038146816,0.923988610695576,177167200,177167606,0.362248153834335,0.00668926297423541,TRUE,0.0376182640568068,1032,"LINC00578"
"chr12",6166028,6166028,0.24185056946997,0.121630440612913,6165816,6166028,0.211614585112617,0.0510714422940348,TRUE,0.0377760612895096,1033,"VWF"
"chr2",3828216,3828216,-0.207039701431493,0.261209763452908,3828216,3828286,-0.268910756061331,0.0238324449480996,TRUE,0.0378442646301696,1034,""
"chr1",205744665,205744667,-0.207183736294789,0.0231235361078497,205744667,205744667,-0.245857094352872,0.269953703310336,TRUE,0.037930672584617,1035,"RAB29;RAB29;RAB29;RAB29"
"chr10",105788020,105788020,-0.198280433535266,0.319267800630554,105788020,105788020,-0.449639484472987,0.0195793393343355,TRUE,0.0379751784204305,1036,"SLK;SLK"
"chr19",48048583,48048583,-0.200939396256999,0.300218578095108,48048129,48048583,-0.2784010172267,0.0208626473892497,TRUE,0.0380375976570771,1037,"ZNF541"
"chr5",36071462,36071462,-0.302753539716996,0.0384955211605052,36071462,36071462,-0.281980320929764,0.164017251233399,TRUE,0.0382939641522532,1038,""
"chr16",84541118,84541118,0.408242778195159,0.00956856528139509,84541118,84541118,0.180236671489716,0.667342859052743,TRUE,0.0386561333745204,1039,""
"chr6",20688798,20689061,-0.216011879779495,0.0197785611690874,20689061,20689061,-0.232832865434773,0.323413931776315,TRUE,0.0387124651870304,1040,"CDKAL1"
"chr19",1812290,1812290,0.403805884833801,0.0100386497327,1812290,1812290,0.183552487773398,0.637955540710912,TRUE,0.0387506031017845,1041,"ATP8B3"
"chr16",22094763,22094763,0.187846498023786,0.407191472623354,22094763,22094763,0.469099406177307,0.0158122019609717,TRUE,0.0389241654565366,1042,"C16orf52"
"chr2",48543165,48543165,-0.224438075705646,0.1767323841253,48543165,48543165,-0.396808902959569,0.0364331810963693,TRUE,0.0389258261792099,1043,"FOXN2"
"chr1",235292537,235292537,-0.210422647105765,0.241879682219931,235292537,235292537,-0.422737271639931,0.026671633372867,TRUE,0.0389883935141487,1044,"SNORA14B;TOMM20"
"chr17",72684895,72684895,-0.212420918416225,0.231354558403709,72684895,72684895,-0.418866301687652,0.0279078334125234,TRUE,0.0390150121527782,1045,"RAB37"
"chr5",77143258,77143258,-0.184213380724812,0.443507172699045,77143258,77143258,-0.476746134769929,0.0145716783604576,TRUE,0.0390454638995644,1046,""
"chr6",26364666,26364728,-0.201559047873288,0.0253942451531388,26364666,26364666,-0.249898290241699,0.255273823139893,TRUE,0.039145472096018,1047,"BTN3A2;BTN3A2;BTN3A2;BTN3A2; BTN3A2"
"chr4",6252582,6252582,-0.207048275063806,0.261161339539541,6252385,6252582,-0.265964284877863,0.0248283677926147,TRUE,0.0391541572182031,1048,""
"chr19",14800530,14800530,-0.158649682130674,0.813708735375978,14800530,14800530,-0.539096082440612,0.00798400026828635,TRUE,0.0392168276927304,1049,"ZNF333"
"chr19",16666655,16666655,-0.259654221076098,0.0845965766528199,16666655,16666655,-0.337842047225474,0.0773379016202676,TRUE,0.0394476937822155,1050,"SLC35E1"
"chr4",87281480,87281511,-0.264945253481332,0.00915807949269618,87281480,87281480,-0.174800817704039,0.718329973111963,TRUE,0.0396286608889997,1051,"MAPK10;MAPK10;MAPK10"
"chr4",145567731,145568306,-0.200743891164607,0.0082857040688007,145568182,145568182,-0.167272218347263,0.795000504916716,TRUE,0.0396719411705138,1052,"HHIP;HHIP; HHIP"
"chr5",96212470,96212470,-0.220559591904433,0.19247313590283,96212470,96212470,-0.401813215511604,0.0342821907715962,TRUE,0.0397284956998234,1053,"ERAP2;ERAP2"
"chr1",144931367,144931367,0.226629251384298,0.168393041260154,144931367,144931476,0.232134635957898,0.0394386198351588,TRUE,0.0399431946070432,1054,"PDE4DIP;PDE4DIP;PDE4DIP;PDE4DIP;PDE4DIP;NBPF20;NBPF9"
"chr7",2561029,2561029,0.301101164994263,0.0395519074551967,2561029,2561029,0.280095930691629,0.168327503042847,TRUE,0.0400258360302687,1055,"LFNG;LFNG;LFNG;LFNG"
"chr16",51796359,51796359,-0.226971522195586,0.167101240248169,51796359,51796416,-0.230733677298319,0.0401621583456417,TRUE,0.0402936259810411,1056,"LINC01571"
"chr16",88496788,88496788,-0.233367289726184,0.145554833749531,88496476,88496788,-0.219895468725141,0.0461180702060564,TRUE,0.0403014398784521,1057,"ZNF469"
"chr11",2502181,2502357,-0.222714696381173,0.0176568487803134,2502357,2502357,-0.221040050477755,0.380747243654761,TRUE,0.0403519124767795,1058,"KCNQ1;KCNQ1"
"chr1",119553960,119553960,0.325594132641363,0.0269244408155481,119553960,119553960,0.251481871380902,0.249734552161431,TRUE,0.0403577483244649,1059,""
"chr21",39695801,39695801,-0.289510002194585,0.0484179535011234,39695801,39695801,-0.294034218322858,0.139147490045095,TRUE,0.0404241304756527,1060,""
"chr13",42493215,42493215,0.314742850642722,0.0317206431887668,42493215,42493215,0.263056857338106,0.212763708075276,TRUE,0.0404829462724484,1061,"VWA8;VWA8"
"chr11",17905879,17905879,0.176997258095555,0.526328454189488,17905879,17905879,0.489095374860492,0.0128289073730097,TRUE,0.0404990268275173,1062,"SERGEF"
"chr13",37455317,37455317,-0.189109853485322,0.395381997627973,37455317,37455317,-0.462003132057747,0.0170817874096855,TRUE,0.0405070844362997,1063,"SMAD9;SMAD9"
"chr10",23492470,23492470,-0.159913392392399,0.789669614813844,23492470,23492484,-0.343138684221839,0.00857602733633386,TRUE,0.0405990009555432,1064,""
"chr5",67484381,67484381,0.209877891745209,0.244886434748404,67484212,67484381,0.257593706036048,0.02790636716145,TRUE,0.0409067209363544,1065,"LOC102467655"
"chr17",38465422,38465422,-0.150943399573275,0.977982764066774,38465422,38465510,-0.272121324043689,0.00700101051016289,TRUE,0.0409714093902719,1066,"RARA"
"chr9",88005849,88005849,0.26053949252832,0.0831229997198863,88005849,88005849,0.331925966562497,0.0836075912104038,TRUE,0.0414832224216861,1067,""
"chr17",38081995,38081995,0.251294699729398,0.100103403679621,38081995,38081995,0.34603584147512,0.0694391694913304,TRUE,0.0414900966433894,1068,"ORMDL3"
"chr17",48172203,48172203,-0.253437153214755,0.0958458242197045,48172041,48172203,-0.177223228766822,0.0726724034930462,TRUE,0.0415608842483556,1069,"PDK2"
"chr7",150020925,150020961,-0.189853068929816,0.00919979855652039,150020961,150020961,-0.170782235216468,0.758362499824238,TRUE,0.0416176743891813,1070,"ACTR3C;LRRC61;LRRC61"
"chr8",125764437,125764437,0.279047394089212,0.0584171191198469,125764437,125764437,0.304866698850857,0.120122619193618,TRUE,0.0418183245989211,1071,""
"chr14",22967607,22967607,0.246734013844909,0.109989331839394,22967607,22967984,0.191255904589644,0.0640229884106763,TRUE,0.04194042305231,1072,""
"chr1",20185571,20185571,-0.191390394263884,0.374820459028899,20185571,20185571,-0.453167906582432,0.0188235808964178,TRUE,0.0420078967294809,1073,""
"chr19",51330265,51330265,0.275552097755885,0.0623476509187134,51330265,51330265,0.308942204169867,0.113688671887072,TRUE,0.042170104354195,1074,"KLK15;KLK15;KLK15"
"chr16",57333902,57333902,-0.187295532469802,0.41252778787644,57333902,57333902,-0.461410643998718,0.0171929969141806,TRUE,0.0421917184536409,1075,""
"chr19",46148794,46148839,-0.171524952623782,0.040387778698246,46148794,46148794,-0.276958527668022,0.175726694709909,TRUE,0.0422145892350643,1076,"EML2"
"chr4",145566663,145566663,0.156358237635961,0.859438789193571,145566441,145566663,0.257642033718341,0.00829845472927253,TRUE,0.0423867112796421,1077,"HHIP"
"chr12",11315693,11315693,0.362336051350689,0.016205621345857,11315693,11315693,0.210500306039173,0.440569121970509,TRUE,0.0424246828967701,1078,"PRH1-PRR4;PRH1;PRH1"
"chr6",112349238,112349238,-0.230623738942729,0.154387355547741,112349238,112349238,-0.377666442085983,0.0462501831873937,TRUE,0.0424283751317589,1079,""
"chr17",8103571,8103571,-0.340827477219995,0.0215955753952881,8103571,8103571,-0.231236863364802,0.330646121205728,TRUE,0.0424286210630996,1080,""
"chr15",101084507,101084507,0.166474611598544,0.675623849000828,101084507,101084509,0.327433859223788,0.0105903555418238,TRUE,0.0425007764158191,1081,"LASS3"
"chr1",111768837,111769133,-0.193836464979309,0.0289090762803283,111769133,111769133,-0.251672120322112,0.249077258122523,TRUE,0.0427253825093211,1082,"CHI3L2;CHI3L2"
"chr16",84552874,84552874,0.3156459410996,0.0312848279684604,84552874,84552874,0.257047552378239,0.23119583753126,TRUE,0.0428848059122567,1083,""
"chr14",82542239,82542239,-0.198656434655329,0.316490502953114,82542239,82542239,-0.43593835140203,0.022876298863475,TRUE,0.042920337910987,1084,""
"chr6",5174647,5175056,-0.238280506319874,0.0137248270148818,5174647,5174647,-0.19736036362278,0.528114650006245,TRUE,0.0429605018178019,1085,"LYRM4;LYRM4; LOC100129461;LYRM4;LYRM4;LYRM4;LYRM4"
"chr16",31102123,31102123,0.218258973916313,0.202713676105108,31102123,31102123,0.397924678128807,0.035939392850244,TRUE,0.0431433176287964,1086,""
"chr9",114428306,114428306,0.29659197053802,0.0428134442663107,114428306,114428306,0.279163124053601,0.170488268374776,TRUE,0.0432111455290758,1087,"GNG10;DNAJC25-GNG10"
"chr17",10761562,10761562,-0.352277959984846,0.0183794825644113,10761562,10761562,-0.21764746270174,0.399118279316017,TRUE,0.0433901302366415,1088,""
"chr11",123172742,123172742,-0.304671269269074,0.0373035479083849,123172742,123172742,-0.268752026436128,0.196702844970717,TRUE,0.0434005819361715,1089,""
"chr19",9785511,9785511,0.243439078183856,0.117600081054181,9785295,9785511,0.193343806932726,0.0626751653085297,TRUE,0.0435621562856761,1090,"ZNF562;ZNF562;ZNF562"
"chr12",2031417,2031417,0.22067469357245,0.191958352454571,2031262,2031417,0.234029677494554,0.0384679992207064,TRUE,0.0436291648738215,1091,""
"chr12",8841003,8841003,-0.337803964733521,0.0225320193814851,8841003,8841003,-0.231207787477989,0.330781354670119,TRUE,0.0439671224397086,1092,"RIMKLB"
"chr9",94620411,94620411,-0.317054570045477,0.0305934834822307,94620411,94620411,-0.253218469523382,0.243782625496241,TRUE,0.0439915567361292,1093,"ROR2"
"chr11",13983273,13983273,-0.162656654996512,0.739702841068246,13983273,13983273,-0.513367314408383,0.010105853552497,TRUE,0.0440756377226394,1094,"SPON1"
"chr12",10242785,10242785,-0.318831391603572,0.0297993313030056,10242785,10242785,-0.251134139399358,0.250937291599667,TRUE,0.0440875589767676,1095,"CLEC1A"
"chr17",17626019,17626019,-0.344879778234482,0.0203976422769073,17626019,17626019,-0.223368304271215,0.368652288934474,TRUE,0.0442924497078508,1096,"RAI1"
"chr20",24722292,24722292,-0.159565796984954,0.796220997800809,24722292,24722292,-0.520194241532212,0.00947149318422588,TRUE,0.0443988505389342,1097,""
"chr12",101803406,101803805,0.248452725008681,0.0116619683054312,101803805,101803805,0.182086184325422,0.65082554071016,TRUE,0.0446357560233175,1098,""
"chr18",60742251,60742636,-0.266264577799744,0.00900535791976828,60742251,60742251,-0.162665951971714,0.845613875336928,TRUE,0.0447584639952497,1099,""
"chr5",68711028,68711028,-0.21369340546923,0.224713777422835,68710907,68711028,-0.243338430089901,0.0339378849426015,TRUE,0.0448133519897149,1100,"MARVELD2;MARVELD2"
"chr13",81838754,81838754,0.325315885870465,0.0270451281073253,81838754,81838754,0.242677107710104,0.282135467613409,TRUE,0.0448332433622421,1101,""
"chr20",25230959,25230959,-0.36407887604406,0.0158852785343497,25230959,25230959,-0.204122413253134,0.481110400209095,TRUE,0.044892632533835,1102,"PYGB"
"chr8",134230101,134230157,-0.275648383334374,0.00781859955062608,134230157,134230157,-0.151608564780189,0.979111975188325,TRUE,0.0449545792368022,1103,"WISP1;WISP1;WISP1;WISP1;WISP1; WISP1;WISP1"
"chr4",3486101,3486116,0.24860804965594,0.0116321689741282,3486101,3486101,0.181138118731081,0.659235844079011,TRUE,0.0450181927492634,1104,"DOK7;DOK7; DOK7;DOK7;DOK7;DOK7"
"chr15",59279703,59279703,-0.151177049930379,0.972520546638933,59279406,59279703,-0.262020332436191,0.00788632538908476,TRUE,0.0450243820101811,1105,"RNF111"
"chr12",10103711,10103812,-0.208351795512061,0.0226564315896751,10103812,10103812,-0.229512785220035,0.338621963102656,TRUE,0.0450358363747336,1106,"; CLEC12A"
"chr16",57768853,57768853,-0.202015091812643,0.292877512828612,57768853,57768853,-0.424248563171955,0.0262024330293582,TRUE,0.045046248886838,1107,"KATNB1"
"chr20",31407542,31407559,-0.215113160914793,0.0201048638468553,31407559,31407559,-0.220132145067083,0.385559216504603,TRUE,0.0454233353947675,1108,"MAPRE1"
"chr2",3486749,3486749,0.233892176115947,0.143897245945801,3486749,3487164,0.206858283487136,0.0540137946404839,TRUE,0.045524493209936,1109,""
"chr12",111050500,111050500,0.259069379447713,0.0855926193016229,111050500,111050500,0.325672162644416,0.0908485029538944,TRUE,0.0455416141135872,1110,"TCTN1;TCTN1;TCTN1"
"chr6",129811815,129811842,-0.259385430313793,0.00991945240748798,129811815,129811815,-0.16769199227313,0.790525130678687,TRUE,0.0458600120204995,1111,"LAMA2;LAMA2"
"chr1",166853578,166853578,-0.20525342325121,0.272031390615595,166853578,166853578,-0.415801794103829,0.028941014072777,TRUE,0.0460116432589237,1112,""
"chr7",105136804,105136804,0.254034583220674,0.0946903551484305,105136804,105136804,0.33170722652409,0.0838471540780991,TRUE,0.0463342488055582,1113,"PUS7"
"chr5",158524404,158524404,0.209909444146626,0.244744887924715,158524270,158524404,0.246320671444255,0.0325918664571607,TRUE,0.0465139409727552,1114,"EBF1"
"chr10",135171718,135171718,0.374948813125784,0.0139252275178945,135171718,135171718,0.191424585902813,0.57290534943282,TRUE,0.0465194708811776,1115,"C10orf125;C10orf125"
"chr7",92777215,92777530,-0.169763701677434,0.0412735638212278,92777215,92777215,-0.269837713180503,0.193790381588458,TRUE,0.0466188794732943,1116,"SAMD9L;SAMD9L;SAMD9L;SAMD9L;SAMD9L;SAMD9L;SAMD9L;SAMD9L;SAMD9L;SAMD9L; SAMD9L;SAMD9L;SAMD9L;SAMD9L;SAMD9L"
"chr1",2090814,2090814,0.263128237039825,0.0790486861474829,2090814,2090814,0.317458953113759,0.101391148941558,TRUE,0.0466981343741401,1117,"PRKCZ;PRKCZ;PRKCZ"
"chr22",25382179,25382179,-0.182057202850918,0.466520451281073,25382179,25382179,-0.461057703487949,0.0172608580215551,TRUE,0.0468800331354987,1118,""
"chr12",133613791,133613904,-0.24881745268901,0.0115889599437389,133613791,133613791,-0.17710031092646,0.696328236619538,TRUE,0.0469628372078481,1119,"ZNF84;ZNF84;ZNF84; ZNF84;ZNF84;ZNF84;ZNF84;LOC101928597"
"chr20",2633258,2633258,0.302796255299446,0.0384672117957673,2633258,2633258,0.264058348673332,0.209846770747434,TRUE,0.0469748865534139,1120,"NOP56;MIR1292;NOP56;NOP56"
"chr16",50156171,50156171,-0.304581400067675,0.0373616566044258,50156171,50156171,-0.261282956520424,0.21805345319798,TRUE,0.04733415156705,1121,""
"chr8",134261913,134261913,-0.161397046541854,0.762244545232405,134261857,134261928,-0.234615983186904,0.010715663614333,TRUE,0.0474357039609346,1122,"NDRG1;NDRG1;NDRG1;NDRG1"
"chr20",5988043,5988043,-0.210607262250522,0.240882149604563,5988043,5988043,-0.402222442033789,0.0341131583401527,TRUE,0.0476725419288065,1123,"CRLS1;CRLS1;CRLS1"
"chr10",97736105,97736105,0.272258187964963,0.0663862052935532,97736105,97736105,0.302457358721445,0.124104543551153,TRUE,0.0477761246279206,1124,"ENTPD1-AS1"
"chr1",154380705,154380705,-0.325548854130364,0.0269445553641776,154380705,154380705,-0.236766437673187,0.306214205145669,TRUE,0.0478335870277571,1125,"IL6R;IL6R"
"chr7",150710730,150710730,-0.366940072807497,0.0153176012730274,150710730,150710730,-0.195661469564912,0.54061105675121,TRUE,0.0479777387563234,1126,"ATG9B;NOS3"
"chr11",20178979,20178979,-0.180795967234098,0.480630434653046,20178677,20178979,-0.29192556766856,0.0172435261819431,TRUE,0.0480108077536451,1127,"DBX1"
"chr1",18957020,18957020,0.228058758914459,0.163217642396105,18957020,18957020,0.370085697118259,0.0509119592926594,TRUE,0.0481160634692389,1128,"PAX7;PAX7;PAX7"
"chr6",26160318,26160318,-0.229814182041547,0.157064080482034,26160318,26160478,-0.208355117583738,0.0530695665453538,TRUE,0.0482386215568659,1129,"HIST1H2BD"
"chr5",172659730,172660080,-0.15903051911045,0.0457456984665264,172660080,172660080,-0.27421925859846,0.182456110405849,TRUE,0.0482925162177787,1130,"NKX2-5;NKX2-5;NKX2-5"
"chr7",127117859,127117859,-0.233488635039259,0.145184577058091,127117859,127117859,-0.360351765553976,0.0576644590439607,TRUE,0.0484140772737493,1131,""
"chr11",2871939,2871992,0.160817326320144,0.0451154426094678,2871992,2871992,0.272970768032574,0.185623062339807,TRUE,0.0484259217573679,1132,""
"chr18",46886163,46886163,-0.393692762218113,0.011188903920996,46886163,46886163,-0.171469226912132,0.751369497300707,TRUE,0.048581457089153,1133,"DYM"
"chr6",27649120,27649120,-0.151241311172144,0.970976196294155,27648605,27649120,-0.253927022755493,0.0086590397048008,TRUE,0.0485848992525492,1134,""
"chr2",11894060,11894464,-0.198867088826949,0.026566848839912,11894060,11894060,-0.234119405370998,0.31767220536117,TRUE,0.0487369326339716,1135,"LPIN1;LPIN1;LPIN1;LPIN1; LPIN1"
"chr8",71314979,71315032,0.197681527595817,0.00853676343502852,71315023,71315023,0.15079526633231,0.989622965191275,TRUE,0.048778123914759,1136,"NCOA2"
"chr1",95297451,95297451,-0.274516815533815,0.0635753833683972,95297451,95297451,-0.297062674185439,0.133520845541127,TRUE,0.0489711838976399,1137,"SLC44A3;SLC44A3;SLC44A3;SLC44A3;SLC44A3;SLC44A3;SLC44A3"
"chr4",81111527,81111985,0.161354152883178,0.0449142971231726,81111527,81111527,0.27152795145267,0.189344407564261,TRUE,0.0490457191134248,1138,"PRDM8"
"chr5",130718942,130718942,-0.229935841407299,0.15667519920853,130718942,130718942,-0.365046183504805,0.0543073456246278,TRUE,0.0490664229181878,1139,"CDC42SE2;CDC42SE2"
"chr6",30585122,30585122,-0.175242654917098,0.548709986947893,30585122,30585122,-0.470898944139732,0.015509251931485,TRUE,0.0490734166052039,1140,"MRPS18B;PPP1R10"
"chr6",1668157,1668157,0.304701168484098,0.0372819433931903,1668157,1668157,0.257817680739647,0.228745092852417,TRUE,0.0491591002118318,1141,"GMDS;GMDS"
"chr2",162208294,162208294,0.215430661282814,0.216041427030377,162208294,162208294,0.390236272311848,0.0395010294962345,TRUE,0.0491867182788849,1142,"PSMD14"
"chr11",93468466,93468466,0.22629968245646,0.16961257889373,93468442,93468466,0.212798944469551,0.0503485053224538,TRUE,0.049214731889358,1143,"SNORA40"
"chr3",43327957,43327957,0.24686992300145,0.1096555793288,43327957,43328001,0.166517636319291,0.0781423095168793,TRUE,0.0493528122733727,1144,"SNRK;SNRK"
"chr14",58731035,58731035,0.243654615845245,0.117121056803485,58731035,58731088,0.176181167773828,0.0732658968121671,TRUE,0.0494110569046629,1145,"PSMA3;PSMA3;PSMA3"
"chr2",241989379,241989379,0.213475504251555,0.225787298333025,241989379,241989379,0.392542874220912,0.0383911902221656,TRUE,0.0498258342080201,1146,"SNED1"
"chr2",175548256,175548310,-0.171759324519962,0.0402812460888378,175548256,175548256,-0.262100321763233,0.215598798516274,TRUE,0.0499034269864082,1147,"WIPF1"
"chr8",2418752,2418752,-0.194293004510101,0.350393202176543,2418752,2418966,-0.265842769591154,0.0248714906126471,TRUE,0.0500467714945504,1148,"LOC101927815"
"chr16",1561735,1561735,0.179030926725584,0.501437072752087,1561735,1561735,0.460240269982136,0.0174163558277051,TRUE,0.0501340432274082,1149,"IFT140"
"chr10",134727319,134727319,-0.290006696234213,0.0479962929631859,134727319,134727319,-0.274172490320012,0.182571906644471,TRUE,0.0502741650691464,1150,""
"chr4",187113578,187113578,0.340471010233774,0.021702852987979,187113578,187113578,0.216247618988254,0.406890725871729,TRUE,0.0505956318670405,1151,"CYP4V2"
"chr13",47326127,47326127,-0.218535077636372,0.201485198672142,47326127,47326127,-0.381807480183206,0.0439042566622125,TRUE,0.0506683030773296,1152,"LRCH1"
"chr8",17942583,17942583,-0.215164018233258,0.217310133560603,17942583,17942896,-0.229534020617331,0.0407850518785947,TRUE,0.0507484095199241,1153,"ASAH1;ASAH1;ASAH1"
"chr21",44782331,44782331,-0.176981577894785,0.526527364725936,44782331,44782397,-0.169796505493406,0.0168676395605969,TRUE,0.0508347263650699,1154,"TCONS_00029157"
"chr1",8013974,8013974,-0.334566411392572,0.02357201604396,8013974,8013974,-0.221730833484522,0.377120903980631,TRUE,0.0508735815276488,1155,""
"chr20",32254706,32255052,-0.226768944235713,0.0165095745251477,32254706,32254706,-0.195889059752111,0.538918175896441,TRUE,0.0509104628281944,1156,"NECAB3;NECAB3;C20orf134;C20orf134"
"chr5",82373944,82373944,-0.163721246032748,0.721391896965832,82373934,82373944,-0.316119371162302,0.0123459092309378,TRUE,0.0509526215778339,1157,"TMEM167A;XRCC4;XRCC4;XRCC4"
"chr11",128372897,128372897,-0.188087217238282,0.404967697524868,128372897,128372897,-0.439288694835929,0.0220128649621109,TRUE,0.0509916149336208,1158,"ETS1;ETS1;ETS1"
"chr2",88301518,88301518,-0.211992383432603,0.233485955575157,88301518,88301567,-0.234482348247864,0.0382320455864226,TRUE,0.0510489388682283,1159,""
"chr17",42432046,42432046,0.214297758548481,0.22167201068008,42432046,42432165,0.23001508891342,0.0405309768848902,TRUE,0.0513221415147414,1160,"FAM171A2"
"chr2",107199044,107199102,-0.195574669648749,0.0280553254384972,107199102,107199102,-0.23314870267276,0.321999337856054,TRUE,0.0515539110455715,1161,""
"chr6",150894782,150894782,0.216214980850248,0.212235307439701,150894782,150894782,0.384200837533465,0.0425982405137503,TRUE,0.0515871120887296,1162,""
"chr7",112062297,112062419,-0.231744863564274,0.0152438479280525,112062297,112062297,-0.188562499973958,0.595799769655716,TRUE,0.0517819889081677,1163,"IFRD1"
"chr2",97554441,97554441,0.169379215910365,0.630477117093492,97554441,97554443,0.304672791923548,0.01444065566838,TRUE,0.0518864363114035,1164,"FAM178B;FAM178B;FAM178B"
"chr7",64467286,64467309,-0.241767046527745,0.0129954883812407,64467309,64467309,-0.176350362839293,0.70343124556976,TRUE,0.0520598933078985,1165,"ERV3-1"
"chr2",26291657,26291657,-0.17644004488669,0.533412500223495,26291657,26291657,-0.461123109519803,0.0172491280129674,TRUE,0.0523388985104897,1166,"RAB10"
"chr6",99291343,99291343,0.401742203915702,0.0102383052524301,99291343,99291343,0.158067204863744,0.899011994911282,TRUE,0.0523551139540142,1167,""
"chr4",189333138,189333296,-0.161418793989481,0.0448919476246953,189333138,189333138,-0.265681300487426,0.205198792440731,TRUE,0.0523898693800153,1168,""
"chr11",7597483,7597493,-0.180911387755638,0.0354395997353819,7597483,7597483,-0.248551047548055,0.26009196176348,TRUE,0.052416967392323,1169,"PPFIBP2"
"chr3",54674405,54674405,-0.326193587580887,0.0266853011818415,54674405,54674405,-0.227562920155179,0.347880060361421,TRUE,0.0527247828946175,1170,"HESRG;CACNA2D3"
"chr2",129109931,129109931,0.192491732263893,0.365302552610719,129109783,129109931,0.264257716580302,0.0254299442907304,TRUE,0.0527544460946673,1171,""
"chr4",7774727,7774727,-0.152759734294297,0.936531894224294,7774727,7774768,-0.332276855421842,0.00992279774540212,TRUE,0.0527703208674703,1172,"AFAP1;AFAP1;LOC84740"
"chr3",172208102,172208102,-0.238015007073484,0.131784562754412,172208102,172208102,-0.344732562447569,0.0706293142088075,TRUE,0.0528397225168849,1173,""
"chr10",557271,557271,-0.180422852864878,0.485022111103827,557271,557271,-0.451257942865283,0.0192240930165619,TRUE,0.0529157401169648,1174,"DIP2C"
"chr8",11279352,11279352,-0.199751664096564,0.308700957750508,11279352,11279352,-0.412243098984246,0.03021112586803,TRUE,0.0529255264296577,1175,"FAM167A;C8orf12"
"chr11",84029127,84029127,0.264893586258194,0.0764196401432752,84029127,84029127,0.303585568439853,0.122218643901226,TRUE,0.0529895689302456,1176,"DLG2;DLG2;DLG2;DLG2"
"chr1",107690639,107690639,0.243308048666497,0.11793532353134,107690639,107691020,0.163531099995463,0.0793636214687129,TRUE,0.0530824075230668,1177,"NTNG1;NTNG1;NTNG1"
"chr6",37322773,37322835,-0.220357494496349,0.0183347835674567,37322773,37322773,-0.199807493294405,0.510608176131794,TRUE,0.0530922919324967,1178,"RNF8;RNF8"
"chr14",62036827,62036827,-0.21679033932508,0.209509413608759,62036827,62036827,-0.380326911673973,0.044724755724451,TRUE,0.0531313711150551,1179,"FLJ22447;LOC101927780;LOC101927780"
"chr14",56601910,56601910,0.286290233963713,0.0512652796071256,56601910,56601910,0.273868462201056,0.183337252108638,TRUE,0.0532647936580175,1180,"PELI2"
"chr12",25101448,25101448,-0.196450048154238,0.333068615940258,25101448,25101448,-0.417553829735819,0.0283466184453032,TRUE,0.0534632085240924,1181,"BCAT1"
"chr17",63035977,63035977,-0.225553288040376,0.172436810517972,63035977,63036095,-0.205677425626265,0.0547612819185,TRUE,0.0534701642552658,1182,"GNA13;GNA13"
"chr3",49481675,49481675,-0.250227351559701,0.102351763226433,49481675,49481675,-0.324500477982394,0.0922798271748658,TRUE,0.0534801521408922,1183,""
"chr1",66799262,66799419,-0.200474456726388,0.0258792292700952,66799419,66799419,-0.223961886272888,0.365637112784709,TRUE,0.0535612766215609,1184,"PDE4B;PDE4B;PDE4B;PDE4B; PDE4B;PDE4B;PDE4B;PDE4B;PDE4B;PDE4B"
"chr4",36387674,36387674,-0.244221917106531,0.115773382045307,36387674,36387674,-0.333581538910506,0.0818010946955322,TRUE,0.0535984761349657,1185,""
"chr5",117931695,117931695,-0.206349895860316,0.265365280203112,117931695,117931695,-0.398408524082527,0.0357283278880277,TRUE,0.0536481802299509,1186,"LOC102467225"
"chr20",61147652,61147652,0.24022371700461,0.125781487463421,61147652,61147679,0.171271397220078,0.0759022538384385,TRUE,0.0539555984368668,1187,"C20orf166;C20orf200"
"chr3",197845010,197845010,0.29934007901162,0.0408221039519873,197845010,197845010,0.256174449257956,0.234018145270592,TRUE,0.0539835738571026,1188,""
"chr4",70626329,70626329,-0.251693931099281,0.0992734923028327,70626329,70626329,-0.320716993672521,0.097059241731641,TRUE,0.0543659737657639,1189,"SULT1B1;SULT1B1"
"chr2",242758725,242758725,-0.161707815234584,0.756525308572076,242758725,242758725,-0.489789665090279,0.0127425489444007,TRUE,0.0543875634963533,1190,"NEU4;NEU4;NEU4;NEU4;NEU4"
"chr12",4935009,4935009,-0.272230312708022,0.0664174945914214,4935009,4935009,-0.29084648833465,0.145293074640526,TRUE,0.0544337038364969,1191,"KCNA6"
"chr20",46306293,46306293,-0.192156462438438,0.368119334402136,46306293,46306293,-0.424200547399144,0.0262175466942693,TRUE,0.0544391977235345,1192,"SULF2;SULF2;SULF2"
"chr10",79869209,79869209,-0.242280430831292,0.120565859502113,79869209,79869209,-0.335067613571217,0.0802145734378617,TRUE,0.0545317731970309,1193,""
"chr17",3728336,3728336,0.224125378755689,0.177903497845508,3728336,3728468,0.20604113149133,0.0545294638641671,TRUE,0.0546701589102787,1194,"C17orf85;C17orf85"
"chr4",76439826,76440093,-0.171076532633861,0.0406135086328663,76440093,76440093,-0.254262437380307,0.240296406790081,TRUE,0.054940225341979,1195,"RCHY1;THAP6;RCHY1;RCHY1; THAP6;RCHY1;RCHY1;RCHY1;RCHY1;RCHY1;RCHY1;RCHY1;RCHY1;RCHY1;RCHY1"
"chr17",28258647,28258647,-0.391659294317188,0.0114690176352443,28258647,28258647,-0.162149739298983,0.851466021736759,TRUE,0.0549689201469145,1196,"SSH2;SSH2;EFCAB5"
"chr2",45795183,45795245,-0.237283165451034,0.0139438520999589,45795183,45795183,-0.17619518848077,0.704910354537254,TRUE,0.0552635133623187,1197,"SRBD1"
"chr14",65289974,65289974,-0.165601989140473,0.689809075684342,65289974,65290020,-0.20300847891699,0.0142809470899165,TRUE,0.0553650022531993,1198,"SPTB;SPTB"
"chr6",20534685,20534685,-0.198259696112299,0.319419777220199,20534685,20534685,-0.410372961896624,0.0309016925274507,TRUE,0.0554550062158049,1199,"CDKAL1"
"chr1",40996996,40996996,-0.22337734298579,0.180836497029007,40996996,40996996,-0.364229942165903,0.05487865719674,TRUE,0.0557017152058463,1200,"ZNF684"
"chr4",159957750,159957750,0.384291717344082,0.0124844298493942,159957750,159957750,0.167257410762061,0.795158258493748,TRUE,0.0557157070412324,1201,"C4orf45"
"chr1",9714845,9714845,0.173523398103872,0.571498280578584,9714843,9714845,0.291391311051696,0.0173734209885796,TRUE,0.0557239296791947,1202,"C1orf200;PIK3CD"
"chr2",55460177,55460385,-0.178534067089789,0.0367760997443217,55460385,55460385,-0.245810434546748,0.270129728631515,TRUE,0.0557490081724825,1203,"C2orf63;RPS27A;C2orf63;RPS27A"
"chr10",14690515,14690515,-0.221609944184837,0.18800919607364,14690515,14690515,-0.366701064429816,0.053167504597825,TRUE,0.0560331873311937,1204,"FAM107B;FAM107B"
"chr6",16323116,16323285,-0.247961856249957,0.0117439164665145,16323116,16323116,-0.161957301600217,0.853654307473452,TRUE,0.0561679269821265,1205,"ATXN1;ATXN1"
"chr17",64301327,64301327,0.23178138252891,0.150616250171346,64300902,64301327,0.187049066365781,0.0667086716269063,TRUE,0.0562699206522079,1206,"PRKCA"
"chr17",40858947,40858947,-0.192689060090785,0.363638259957447,40858947,40858947,-0.419564216567876,0.0276793614183325,TRUE,0.0563520909500822,1207,"EZH1"
"chr2",148253602,148253602,0.250911019516284,0.100916180440911,148253602,148253602,0.318618185877265,0.0998288772208722,TRUE,0.0563938158912588,1208,""
"chr2",85109273,85109344,-0.241067540242224,0.0131400151380603,85109344,85109344,-0.169963910152728,0.766768103670417,TRUE,0.0563983929276955,1209,"C2orf89"
"chr1",244525971,244525971,-0.30826131710662,0.0352250445500003,244525971,244525971,-0.241676465149653,0.28604513211035,TRUE,0.0564011884374918,1210,"C1orf100"
"chr12",99139387,99139571,0.165872696265823,0.0431010078133847,99139571,99139571,0.256014574634124,0.234540318633653,TRUE,0.056552724824467,1211,"ANKS1B;ANKS1B;ANKS1B"
"chr21",43026973,43026973,-0.266270176939147,0.0744387295949079,43026973,43026973,-0.295799138980379,0.135841996182785,TRUE,0.0565664224708229,1212,""
"chr8",33370637,33370637,-0.166043948034189,0.682605832325123,33370172,33370637,-0.30247475615945,0.0148846665703703,TRUE,0.0567889089808935,1213,"C8orf41;C8orf41;C8orf41;C8orf41"
"chr3",65181498,65181498,0.330111331040908,0.0251424408036284,65181498,65181498,0.216514515885523,0.405393796314266,TRUE,0.0569367666589656,1214,""
"chr12",117714947,117714947,0.349060649093817,0.0192205686904386,117714947,117714947,0.196689942545401,0.53301501147849,TRUE,0.057176311891935,1215,"NOS1;NOS1;NOS1;NOS1"
"chr15",91814997,91814997,-0.183549863789794,0.450401992979278,91814997,91814997,-0.436322548934574,0.0227713679212688,TRUE,0.0572286104897536,1216,"SV2B;SV2B"
"chr12",131055901,131055901,0.196081369253068,0.33598522549154,131055901,131055901,0.411199224052887,0.0305908848960575,TRUE,0.0573285010456339,1217,""
"chr19",51231736,51231736,-0.243767721146135,0.116850627871911,51231736,51231736,-0.327831700497086,0.0882846689614875,TRUE,0.0575025389245646,1218,""
"chr6",26914441,26914441,0.254939516247149,0.0929783835650728,26914441,26914441,0.31059027309932,0.111201797277931,TRUE,0.0576088335711336,1219,"GUSBL1"
"chr11",47345104,47345104,0.343864247035088,0.0206881857571116,47345104,47345104,0.201306226525433,0.500170085124522,TRUE,0.0576465397013936,1220,"MADD;MADD;MADD;MADD;MADD;MADD;MADD;MADD;MADD;MADD"
"chr6",19805167,19805277,0.164511524517416,0.0436880546400539,19805277,19805277,0.255278571562038,0.236924630860013,TRUE,0.0576610045450133,1221,""
"chr2",143868613,143868613,-0.206468815456257,0.264654566151536,143868613,143868636,-0.232761190186403,0.0391177364271582,TRUE,0.0576697405383603,1222,""
"chr17",44928552,44928552,-0.237463268164571,0.133319228316517,44928552,44928552,-0.337485367227317,0.077702960541379,TRUE,0.0576999548604611,1223,"WNT9B"
"chr19",8268929,8268929,-0.175325499321366,0.547627526238311,8268929,8268929,-0.452451354867381,0.0189709203312103,TRUE,0.0578356349028952,1224,""
"chr6",10687833,10687833,0.35688578627666,0.0173573655007182,10687833,10687833,0.188211326710425,0.598651740782149,TRUE,0.0578448550433404,1225,"C6orf52;C6orf52;C6orf52"
"chr7",75557956,75557956,-0.280802442614844,0.0565874401778424,75557956,75557956,-0.273274658183266,0.184840610613116,TRUE,0.0581580945671837,1226,"POR"
"chr10",24911772,24912016,-0.190508538905648,0.0305390997026027,24911772,24911772,-0.228629953721695,0.342783070860606,TRUE,0.0581974429712224,1227,"ARHGAP21"
"chr17",27052828,27052828,-0.235128261556487,0.140076226689473,27052676,27052828,-0.173106667727847,0.0749414458273239,TRUE,0.0583306671217169,1228,"TLCD1;TLCD1"
"chr10",7235227,7235227,-0.221287851146755,0.189365065647927,7235227,7235227,-0.363316887109407,0.0555197096852951,TRUE,0.0584034629366187,1229,"SFMBT2;SFMBT2"
"chr16",11047950,11047979,-0.184147653644361,0.0337693472158485,11047979,11047979,-0.23553680422331,0.311487031986756,TRUE,0.0584272404572598,1230,"CLEC16A;CLEC16A"
"chr5",35048348,35048348,0.169283245922487,0.631974533491468,35048348,35048430,0.174034473851409,0.0166801474041002,TRUE,0.0585306720242002,1231,"AGXT2;AGXT2"
"chr12",132401816,132401816,0.252248325993746,0.0981835817604253,132401816,132401816,0.312980281699808,0.10766922248014,TRUE,0.0586668456543066,1232,"ULK1"
"chr9",127249749,127249749,0.195040779528847,0.344356602637837,127249562,127249749,0.250620293976242,0.0307284117275122,TRUE,0.0587131628504533,1233,"NR5A1"
"chr7",134298937,134298937,0.279166604236729,0.0582800421958531,134298937,134298937,0.274308757452615,0.18223839091953,TRUE,0.0588919864502297,1234,""
"chr6",132004673,132004673,0.210294736152195,0.242626900452354,132004673,132004673,0.381512311744321,0.0440639652406761,TRUE,0.0592110009090648,1235,"ENPP3"
"chr16",50718807,50719042,-0.157887458376129,0.0460839208768155,50718807,50718807,-0.256711638599416,0.232278569958561,TRUE,0.0592709167328349,1236,""
"chr3",46394845,46394908,0.229485610252017,0.0158241899051785,46394845,46394845,0.179098832725423,0.677715795877699,TRUE,0.059361623082113,1237,"CCR2;CCR2"
"chr7",18395942,18395942,-0.220378884444514,0.193269523031903,18395942,18395942,-0.362961105291059,0.0557672053472598,TRUE,0.0596054741028608,1238,"HDAC9"
"chr18",21490962,21490962,0.324795245501701,0.0272477635601857,21490962,21490962,0.218223452186105,0.395928205730515,TRUE,0.0596510298355601,1239,"LAMA3;LAMA3;LAMA3;LAMA3"
"chr2",242908218,242908218,-0.227259222536703,0.16607167335165,242908131,242908218,-0.189521841984812,0.0651404221133821,TRUE,0.0597860560417337,1240,""
"chr6",13711094,13711094,0.295785625155941,0.043421350624892,13711094,13711094,0.2515058982244,0.249650449503704,TRUE,0.0598864357179052,1241,"RANBP9"
"chr16",80201665,80201665,-0.157680268496563,0.832787012259445,80201665,80201740,-0.31208092271265,0.0130459125318825,TRUE,0.0599963846255249,1242,"LOC102724084"
"chr1",1015392,1015392,0.223741592284243,0.179397189327071,1015392,1015447,0.196584070755843,0.0605881636844498,TRUE,0.0600184510255498,1243,""
"chr4",15767853,15767853,-0.236188489109511,0.136956981685331,15767853,15767853,-0.335630825545294,0.0796194634829418,TRUE,0.0601770878959145,1244,""
"chr12",8025435,8025435,-0.252011696561151,0.0986462163789045,8025435,8025435,-0.311022747635368,0.110554691804175,TRUE,0.0601832360120508,1245,"SLC2A14;SLC2A14;SLC2A14;SLC2A14;SLC2A14;SLC2A14;SLC2A14;SLC2A14;SLC2A14;SLC2A14"
"chr5",4512242,4512242,-0.184613931590909,0.439421684377403,4512196,4512242,-0.265946887949858,0.0248349847205359,TRUE,0.0602158965181509,1246,""
"chr16",1328562,1328562,-0.363579363295737,0.0159731865616936,1328562,1328562,-0.17842922095284,0.683905706370966,TRUE,0.0602661406040917,1247,""
"chr6",30455807,30455807,0.195624532573275,0.33960137434516,30455807,30455846,0.247198181823344,0.0322058664630257,TRUE,0.0603248648818908,1248,"HLA-E"
"chr5",73118926,73118926,0.355155963039309,0.0177387969413966,73118926,73118926,0.185988094046968,0.617130978253391,TRUE,0.0603700369584718,1249,"ARHGEF28;ARHGEF28;ARHGEF28"
"chr2",1286394,1286394,0.167008170129631,0.667196598108338,1286394,1286641,0.177238925097446,0.0165056259301765,TRUE,0.0606648148126258,1250,"SNTG2"
"chr22",38485020,38485020,0.169096429064844,0.634827074480449,38485020,38485020,0.460582627205946,0.0173517279919286,TRUE,0.0606776609185335,1251,"BAIAP2L2"
"chr22",36044151,36044151,-0.292691700759167,0.045751658332787,36044151,36044151,-0.253823954066613,0.241754988242546,TRUE,0.0608820036647222,1252,"APOL6"
"chr2",86426536,86426594,-0.189184731995848,0.0312021348240945,86426594,86426594,-0.225964690605018,0.355660251730496,TRUE,0.0610471065079299,1253,"MRPL35;MRPL35; MRPL35;MRPL35;MRPL35;MRPL35"
"chr20",62086790,62086790,0.165440103927979,0.692478350785808,62086195,62086790,0.184039588139345,0.0160524791561131,TRUE,0.0611309686489199,1254,"KCNQ2;KCNQ2;KCNQ2;KCNQ2;KCNQ2"
"chr7",79676939,79676939,0.21020791760249,0.243065695605791,79676939,79676939,0.378052081508282,0.0460225759053743,TRUE,0.0614480191594453,1255,""
"chr20",56513455,56513736,0.223089621416027,0.0175465912544923,56513736,56513736,0.183472716855976,0.638643513233818,TRUE,0.0615356491829219,1256,""
"chr1",8936009,8936178,0.211784465011263,0.0213020519819535,8936009,8936009,0.197619391694929,0.5262310061272,TRUE,0.0615526416775213,1257,"ENO1"
"chr1",244517177,244517177,0.255920197248121,0.0911025156595486,244517177,244517177,0.30228176086981,0.124398658478018,TRUE,0.062105390827667,1258,"C1orf100"
"chr5",115420062,115420062,-0.160410940425286,0.780395317929066,115419881,115420062,-0.200425171637995,0.0145515644034242,TRUE,0.0622081485425307,1259,"COMMD10;COMMD10"
"chr2",11020780,11020780,0.246970623912128,0.109416439695093,11020780,11020780,0.315706154822043,0.10379057483283,TRUE,0.0622100402398876,1260,"LOC101929733"
"chr6",111888683,111888683,-0.15152195624899,0.964498566652164,111888683,111888683,-0.497395420502778,0.011805952874089,TRUE,0.0623462618147289,1261,"TRAF3IP2;TRAF3IP2;TRAF3IP2;TRAF3IP2;TRAF3IP2"
"chr10",119304104,119304104,-0.214059503290595,0.222868453831896,119304102,119304104,-0.211274522723457,0.051275815135967,TRUE,0.0625293936631188,1262,"EMX2OS;EMX2;EMX2"
"chr1",66153637,66153637,-0.163709301163813,0.721593042452127,66153637,66153794,-0.297740964007242,0.0159040118358794,TRUE,0.0627460019459608,1263,""
"chr5",68628738,68628738,-0.166448818764628,0.67601198529105,68628725,68628738,-0.164639675633512,0.0170260322727125,TRUE,0.0628959600136719,1264,""
"chr2",219826778,219826778,0.167366358951168,0.661533980177485,219826778,219826778,0.460186008564775,0.0174266195852194,TRUE,0.0629785355930734,1265,"CDK5R2;CDK5R2"
"chr1",101705237,101705237,0.15420281779876,0.905143513579555,101704898,101705237,0.313757526632575,0.012748150775425,TRUE,0.0630258601676136,1266,"S1PR1"
"chr15",99193247,99193247,0.369138921177776,0.0149138203338717,99193247,99193247,0.169293337374918,0.773710351349098,TRUE,0.0630261778013735,1267,"IGF1R"
"chr2",20306827,20306827,-0.158155405020313,0.823450881762213,20306539,20306827,-0.306740373473783,0.0140341657553979,TRUE,0.0631041116738601,1268,""
"chr6",30135162,30135162,-0.181692106980241,0.470567945455304,30135113,30135162,-0.266711045268092,0.0245742552027288,TRUE,0.0631371644380335,1269,"TRIM15"
"chr13",99651231,99651249,-0.204566183642932,0.0241128739071095,99651231,99651231,-0.204302347244531,0.479906156923604,TRUE,0.0631731075970234,1270,"DOCK9;DOCK9"
"chr13",96085391,96085391,0.179151832887514,0.499985100334349,96085391,96085444,0.270847822659598,0.0231933098647944,TRUE,0.0632818532496995,1271,"CLDN10;CLDN10"
"chr4",141293965,141293965,-0.18970810210027,0.389889980868829,141293831,141293965,-0.252732641843512,0.0298417809822423,TRUE,0.0634542864507331,1272,"SCOC;SCOC;SCOC;SCOC-AS1;SCOC;SCOC;SCOC;SCOC;SCOC"
"chr17",29645508,29645508,-0.221661283141432,0.187795385871541,29645508,29645782,-0.194086086352989,0.0621991224600114,TRUE,0.0636577182785713,1273,"EVI2A;EVI2A;NF1;NF1"
"chr11",102401523,102401523,-0.201397705043809,0.29711795767303,102401438,102401523,-0.2323719697708,0.0393189135936739,TRUE,0.0636650474627177,1274,"MMP7"
"chr12",70329379,70329470,-0.188596644016745,0.031499383153842,70329379,70329379,-0.222752818806068,0.371812962306144,TRUE,0.0637963808834216,1275,"MYRFL"
"chr7",25138216,25138216,-0.236202685248871,0.136914517638224,25138216,25138216,-0.330157448822981,0.0855937598760469,TRUE,0.0638281731011895,1276,""
"chr5",138727226,138727711,-0.176440519166351,0.0378518556043602,138727711,138727711,-0.235865554958025,0.31008491999871,TRUE,0.0639093583765416,1277,"LOC389333;LOC389333; "
"chr3",186979470,186979470,-0.186425325278695,0.421028792113905,186979470,186979470,-0.418873222350484,0.0279052768721902,TRUE,0.063961071774352,1278,"MASP1;MASP1;MASP1;MASP1"
"chr9",110249749,110249749,-0.159656893480313,0.794477736919584,110249749,110249966,-0.302860696674541,0.0148031204529768,TRUE,0.0640136143684001,1279,"KLF4"
"chr17",807555,807555,-0.384588234923281,0.0124494156351131,807555,807555,-0.154292157670975,0.945105928368898,TRUE,0.064037013892362,1280,"NXN"
"chr9",33166541,33166737,0.188612693203238,0.0314904433544511,33166541,33166541,0.2222284365347,0.374528459294201,TRUE,0.0641615968815453,1281,"B4GALT1"
"chr7",157667762,157667762,-0.158904537620847,0.80876502631281,157667762,157667853,-0.199108782105722,0.0146847676740213,TRUE,0.0645274415856606,1282,"PTPRN2;PTPRN2;PTPRN2"
"chr3",170746012,170746012,-0.161933947745802,0.752491969080214,170746012,170746029,-0.298208543962897,0.0157987801242223,TRUE,0.0645803175876805,1283,"SLC2A2;SLC2A2;SLC2A2"
"chr5",118691007,118691007,-0.163715644030459,0.721490234759132,118691007,118691066,-0.294740650900428,0.0165854050270456,TRUE,0.0649246779923683,1284,"TNFAIP8;TNFAIP8"
"chr11",1297558,1297558,-0.239071193592901,0.128861248353587,1297558,1297558,-0.323942291672016,0.0929627618094681,TRUE,0.0649826018226828,1285,"TOLLIP"
"chr10",90655537,90655537,0.258276055812774,0.086907514795368,90655537,90655537,0.294178480514948,0.138874767345431,TRUE,0.0653803145225601,1286,"STAMBPL1"
"chr7",156405820,156405820,-0.232062552778818,0.149710350499735,156405820,156405820,-0.334646819507991,0.0806577196276805,TRUE,0.0654069683101736,1287,""
"chr3",112353442,112353442,0.338885402093557,0.0221900720547831,112353442,112353442,0.195177101165454,0.544205514863538,TRUE,0.0654099014023546,1288,"CCDC80;CCDC80"
"chr8",108326384,108326384,0.291895881322356,0.0464094785713009,108326384,108326384,0.248424531016297,0.260543792671196,TRUE,0.0654794161886796,1289,"ANGPT1;ANGPT1"
"chr2",66667549,66667590,-0.226918038375703,0.0164723253610189,66667590,66667590,-0.173059110874677,0.735410331866756,TRUE,0.0655774877512577,1290,"MEIS1"
"chr8",57126919,57126919,0.225376925591087,0.173069301324878,57126909,57126919,0.181615610493192,0.0700668753354989,TRUE,0.0656326792522086,1291,"CHCHD7;CHCHD7;CHCHD7;CHCHD7;CHCHD7;CHCHD7"
"chr4",38867304,38867304,-0.167895254383815,0.653335439152745,38867304,38867304,-0.454395060402582,0.0185688291714486,TRUE,0.0656558386417854,1292,""
"chr12",114840800,114840800,-0.260642348572279,0.0829672982138281,114840800,114840800,-0.290263018638981,0.146468406462543,TRUE,0.0657458858312881,1293,"TBX5;TBX5;TBX5"
"chr11",69308752,69308768,0.183226218053885,0.0342222970516542,69308768,69308768,0.226001879856138,0.355476293615048,TRUE,0.0658037737258743,1294,""
"chr17",78301623,78301623,-0.219676688031975,0.196379828236654,78301623,78301623,-0.354681282950842,0.0620396018624547,TRUE,0.065883615000625,1295,"RNF213;RNF213"
"chr2",87036948,87037000,-0.173243124412904,0.0395735119703914,87037000,87037000,-0.236211589146662,0.30859411861881,TRUE,0.066010639947794,1296,"CD8A"
"chr12",105089508,105089686,-0.223405103984149,0.0174482534611923,105089508,105089508,-0.176704274888153,0.700073417822981,TRUE,0.0660234387787906,1297,"CHST11;CHST11; CHST11"
"chr9",38141585,38142075,0.21849683783772,0.0189560996251244,38141585,38141585,0.182619053725505,0.646119288322333,TRUE,0.0661680716178769,1298,""
"chr7",11101436,11101436,0.209520546309149,0.246885969878836,11101436,11101436,0.372102522248852,0.0496255683508728,TRUE,0.0661854823592622,1299,"PHF14;PHF14"
"chr6",32765281,32765281,-0.208818527228409,0.250879080273439,32765150,32765281,-0.215229321062672,0.0488778178995871,TRUE,0.0662319876380542,1300,""
"chr16",29278515,29278515,-0.214536234815741,0.220471842611852,29278515,29278515,-0.36309632560141,0.0556731772976512,TRUE,0.0662845586679655,1301,""
"chr14",98229327,98229529,-0.213113852445997,0.0207671539850646,98229529,98229529,-0.189016554438195,0.592102899545334,TRUE,0.066381010477998,1302,""
"chr10",81077552,81077552,-0.242214622488144,0.120737950640388,81077552,81077552,-0.317103119781858,0.101874184679812,TRUE,0.0663976720940905,1303,""
"chr3",149526163,149526163,-0.164499832519957,0.708158013934167,149526163,149526163,-0.460278482805849,0.0174089117837937,TRUE,0.066521580183617,1304,""
"chr12",9903429,9903454,-0.194333908999139,0.0286751515295997,9903429,9903429,-0.212205821146695,0.430252729802335,TRUE,0.0665624662255751,1305,""
"chr11",128498673,128498673,-0.363541015894997,0.0159843613109322,128498673,128498673,-0.169195912247005,0.774722252570695,TRUE,0.0667640205221091,1306,""
"chr8",9952933,9952933,0.204272304807141,0.278146958382254,9952933,9952965,0.222350296992087,0.0447142287936671,TRUE,0.0669996622255161,1307,"MSRA;MSRA;MSRA;MSRA"
"chr7",5271480,5271480,-0.314027355848771,0.0320856849972287,5271480,5271480,-0.219700268941024,0.387874201372516,TRUE,0.0670351190007491,1308,"WIPI2;WIPI2;WIPI2;WIPI2;WIPI2"
"chr12",26111154,26111162,-0.233818712560324,0.0147298094630756,26111162,26111162,-0.161887858961656,0.854454391809206,TRUE,0.0676516749913895,1309,"RASSF8;RASSF8; RASSF8-AS1;RASSF8;RASSF8;RASSF8-AS1"
"chr11",50239550,50239550,0.28487469175796,0.0524907771069617,50239550,50239550,0.254066872831516,0.240946595150709,TRUE,0.0679207014778801,1310,"LOC441601"
"chr12",94244496,94244496,0.211614866099876,0.235490705588567,94244496,94244496,0.365778521413917,0.0538014138119197,TRUE,0.0680179598334657,1311,"CRADD"
"chr11",44538125,44538125,0.295036990285935,0.0439905178527794,44538125,44538125,0.241143840850175,0.288159240581198,TRUE,0.0680465341459494,1312,""
"chr17",17404595,17404595,0.324943406923911,0.0271881648975797,17404595,17404595,0.206055216939914,0.468449961324808,TRUE,0.068308563550131,1313,""
"chr6",29796066,29796066,0.161537259344056,0.759602834512394,29796032,29796066,0.293626861381693,0.0168388032894854,TRUE,0.0685462814294728,1314,"HLA-G"
"chr3",125710226,125710226,0.223376139464397,0.180841711911985,125709740,125710226,0.180475999383814,0.070767517771527,TRUE,0.068576428142844,1315,""
"chr4",84035953,84036081,-0.223592857912364,0.0173938696815643,84036081,84036081,-0.172843631162581,0.737551020837834,TRUE,0.0687121453193497,1316,"PLAC8;PLAC8"
"chr17",45927392,45927392,-0.27870909086292,0.058779925978461,45927392,45927392,-0.261212449116066,0.218264781333466,TRUE,0.068715287543422,1317,"SP6"
"chr2",55746126,55746126,-0.150421199188355,0.99011481682351,55746074,55746126,-0.312539831251737,0.012963351317592,TRUE,0.0687397606140912,1318,"CFAP36;CFAP36"
"chr17",75956222,75956222,-0.196692528514919,0.331239681981536,75956190,75956222,-0.233023175816469,0.0389858114267277,TRUE,0.0690811786086041,1319,""
"chr11",107328914,107328914,-0.197762967150672,0.323119364201467,107328898,107328914,-0.231069741369861,0.0399874864869925,TRUE,0.0691119858404523,1320,"CWF19L2"
"chr12",47787104,47787104,-0.197773516127991,0.323025496307863,47787104,47787104,-0.388886254439409,0.0401718957566168,TRUE,0.0693546020917744,1321,""
"chr6",30761828,30761828,-0.201450371640589,0.296755150814416,30761762,30761828,-0.223869162353593,0.0438618857658075,TRUE,0.0695269962896152,1322,""
"chr19",58951672,58951672,-0.180537411946036,0.483676671295496,58951672,58951672,-0.421697547343438,0.0269996224591467,TRUE,0.0697129485205596,1323,"ZNF132"
"chr1",85513315,85513315,-0.192158821195895,0.368091025037398,85513315,85513315,-0.398977315737185,0.0354800803024357,TRUE,0.0697164694780018,1324,"MCOLN3"
"chr14",72167842,72167842,0.322116759747133,0.0283630035342007,72167842,72167842,0.20724481793654,0.460809402173345,TRUE,0.0697600193957008,1325,"SIPA1L1;SIPA1L1;SIPA1L1;SIPA1L1"
"chr10",116616356,116616356,0.155740669915673,0.872185453158431,116616356,116616585,0.195814641758219,0.0150141478190117,TRUE,0.0698692232517148,1326,"FAM160B1;FAM160B1"
"chr8",101719208,101719208,0.214182248041042,0.222234473058425,101719208,101719208,0.358560599378545,0.0590070186807154,TRUE,0.0699484307138632,1327,"PABPC1"
"chr6",138910098,138910098,-0.161425950459573,0.761698472486277,138910098,138910098,-0.461253569367593,0.0172233746287283,TRUE,0.0699728065230693,1328,""
"chr2",67312139,67312139,-0.16048113690138,0.779066267752952,67312139,67312139,-0.463286615233311,0.0168485031042791,TRUE,0.0700034970555739,1329,"LOC102800447"
"chr6",170615854,170615854,0.248056324836706,0.106984069277485,170615854,170615854,0.303270917275769,0.122737245627057,TRUE,0.0700244233809687,1330,"FAM120B;FAM120B"
"chr8",146125805,146125805,-0.235213618823475,0.13982367735668,146125805,146125805,-0.323113681079749,0.0939931603523003,TRUE,0.0700744157788759,1331,"ZNF250;ZNF250"
"chr20",49011388,49011388,-0.254195865291769,0.0943826770527269,49011388,49011388,-0.293752612868024,0.13967500206591,TRUE,0.0702494981941956,1332,""
"chr9",6827762,6827762,0.317646886024814,0.0303401891661551,6827762,6827762,0.211445473511622,0.434822696032693,TRUE,0.0702914940137995,1333,"KDM4C;KDM4C;KDM4C;KDM4C;KDM4C;KDM4C"
"chr8",144358566,144358566,-0.263856089181288,0.0779617555382057,144358566,144358566,-0.279382691373359,0.169981434253715,TRUE,0.070548657845986,1334,"GLI4"
"chr3",193423771,193423771,0.244860270727405,0.114287140396569,193423771,193423771,0.307450816815074,0.116004859832789,TRUE,0.0705737882877319,1335,""
"chr4",1399135,1399135,-0.198980958594599,0.314163175178349,1399135,1399235,-0.226841981519017,0.0422279933196097,TRUE,0.0706110371596938,1336,""
"chr10",89914675,89914675,-0.301785816611055,0.0391049174856516,89914675,89914675,-0.229365642652923,0.339308882932484,TRUE,0.0706203969844953,1337,""
"chr19",33182713,33182722,-0.219111337949285,0.0187370745400473,33182722,33182722,-0.175212481221947,0.714342484519584,TRUE,0.0711214675419501,1338,"NUDT19"
"chr5",57787167,57787167,-0.258877895711127,0.0859002973973264,57787167,57787167,-0.285701500972086,0.155877302004786,TRUE,0.0711439760682632,1339,"GAPT"
"chr11",11642011,11642011,-0.240758789945071,0.124359314376985,11642011,11642011,-0.312809720186639,0.107920402567879,TRUE,0.0712776539799423,1340,"GALNTL4"
"chr7",2749541,2749597,-0.196441379410257,0.0276463296163634,2749541,2749541,-0.203175227007629,0.487433288395871,TRUE,0.0715139286546615,1341,"AMZ1"
"chr6",29648623,29648628,0.198233936429556,0.02684398262103,29648628,29648628,0.200902568120833,0.502960849667684,TRUE,0.0716247238130018,1342,""
"chr16",3245106,3245106,0.19028359092764,0.384599109595981,3245022,3245106,0.240745511368549,0.0351555500648421,TRUE,0.0717078858226997,1343,""
"chr2",179278855,179278855,-0.175427033863817,0.546284321379828,179278855,179278855,-0.428963423866197,0.0247967118079004,TRUE,0.0718165763342151,1344,"MIR548N"
"chr8",142216276,142216276,0.168248096946238,0.647810643129168,142216276,142216276,0.443388381528401,0.0210136712498166,TRUE,0.0721038702186123,1345,""
"chr2",85635862,85635862,-0.214462553506038,0.22082421970451,85635862,85635862,-0.355121201459063,0.0616879271819113,TRUE,0.0721438632232925,1346,"CAPG;CAPG;CAPG"
"chr19",46807119,46807119,-0.308428426080511,0.0351229818402875,46807119,46807119,-0.219653705855094,0.388128238770039,TRUE,0.0721869605504853,1347,"HIF3A;HIF3A;HIF3A"
"chr6",52859109,52859159,-0.172599000131097,0.0398819350493775,52859159,52859159,-0.228738494399113,0.342266800098021,TRUE,0.0722644413673005,1348,"GSTA4"
"chr12",112383200,112383200,-0.235415204715652,0.139233650596881,112383200,112383200,-0.319912623544453,0.0981140777923643,TRUE,0.0723096055855075,1349,"TMEM116;TMEM116;TMEM116;TMEM116;TMEM116"
"chr1",2091677,2091677,0.27551962301244,0.0623908599491027,2091677,2091677,0.260682023051137,0.219869837508552,TRUE,0.0725545739330565,1350,"PRKCZ;PRKCZ;PRKCZ;PRKCZ"
"chr7",130646078,130646078,-0.282915026499812,0.0543956993605064,130646078,130646078,-0.250564716531524,0.252931317867217,TRUE,0.0727282539217728,1351,"FLJ43663;FLJ43663"
"chr18",43250369,43250550,-0.185626805810183,0.0330325587493817,43250550,43250550,-0.214508147633604,0.416785627250554,TRUE,0.0727673393107225,1352,"SLC14A2;SLC14A2"
"chr3",133502702,133502702,0.201058958566696,0.299381961868776,133502702,133502909,0.220027448195435,0.0460441561134812,TRUE,0.0728414412441428,1353,""
"chr1",19687988,19688050,-0.204645375887677,0.0240741347764156,19687988,19687988,-0.190802993365234,0.57778965733562,TRUE,0.0733763840402557,1354,"CAPZB;CAPZB;CAPZB;CAPZB; CAPZB"
"chr10",16933505,16933505,-0.304183048971555,0.0376298505861528,16933505,16933505,-0.223168339462452,0.369676860069194,TRUE,0.0733810820861426,1355,"CUBN"
"chr7",26897253,26897253,-0.246065307741224,0.111506862785999,26897253,26897253,-0.301727618209289,0.125337623107756,TRUE,0.0736593239147692,1356,"SKAP2"
"chr16",46603021,46603059,-0.195536370468178,0.0280761849704093,46603059,46603059,-0.201494113788908,0.49888328062474,TRUE,0.0737905375580057,1357,"ANKRD26P1"
"chr3",35721081,35721081,0.206669126622183,0.263399269320396,35721081,35721099,0.208150471772678,0.0531976567352845,TRUE,0.0738139461511658,1358,"ARPP21;ARPP21;ARPP21;ARPP21;ARPP21;ARPP21;ARPP21;ARPP21"
"chr19",40562314,40562337,-0.181127160209744,0.0353263622764305,40562337,40562337,-0.21798832951532,0.397230800626473,TRUE,0.0739014013422791,1359,"ZNF780B"
"chr6",117802710,117802710,0.180369653616325,0.485606922980648,117802588,117802710,0.254858141086437,0.0289791366006871,TRUE,0.0740709338377266,1360,"DCBLD1"
"chr6",29933971,29933971,-0.171292346823388,0.60237411272491,29933971,29933971,-0.43374477439584,0.0234629496775864,TRUE,0.0743308950772366,1361,""
"chr17",57407572,57407572,0.158780505633569,0.81117504723194,57407572,57407936,0.291124768544731,0.0174375600739983,TRUE,0.0743796163252919,1362,"YPEL2"
"chr2",170219258,170219276,-0.231520679309533,0.0153101514402017,170219276,170219276,-0.156007430974022,0.923911795448501,TRUE,0.0743809615038368,1363,"LRP2"
"chr10",17270087,17270091,-0.186084802679002,0.0328001239652182,17270091,17270091,-0.211993178626536,0.431535060356534,TRUE,0.0744200247573355,1364,"VIM"
"chr1",145575816,145575816,0.198329353464156,0.318881154306897,145575814,145575816,0.222441585755012,0.0446619325053802,TRUE,0.0747920728460987,1365,"PIAS3;NBPF20;NBPF10;NBPF10"
"chr8",10245458,10245458,0.300306814100414,0.0401151148168235,10245458,10245458,0.22602392493515,0.35536993401795,TRUE,0.0748509806078013,1366,"MSRA;MSRA;MSRA;MSRA"
"chr21",43560719,43560719,-0.217358728180268,0.206898247203333,43560719,43560719,-0.346617350775697,0.0689103416041674,TRUE,0.0748583050768732,1367,"UMODL1;UMODL1"
"chr10",131969555,131969555,-0.227451430364884,0.165362449266638,131969555,131969555,-0.329590124212642,0.0862494372791553,TRUE,0.0748795111279216,1368,"GLRX3;GLRX3"
"chr5",133983708,133983708,-0.172800606719195,0.581247131814362,133983708,133983708,-0.429702742728766,0.024583503863346,TRUE,0.0749928494828845,1369,"SEC24A"
"chr10",81045939,81046101,-0.198738516909039,0.0266204876362574,81045939,81045939,-0.196165011103895,0.536880162096688,TRUE,0.0750052566779373,1370,"ZMIZ1"
"chr16",62676758,62676758,-0.225356753987439,0.173157209352222,62676758,62676758,-0.332574895263448,0.0828896921271265,TRUE,0.075263986643485,1371,""
"chr3",111481341,111481341,0.153505899311108,0.920186961004595,111480458,111481341,0.189185072387727,0.0156326801949257,TRUE,0.0753999252623048,1372,"PHLDB2;PLCXD2"
"chr6",26124257,26124329,-0.204776916011671,0.0240264558463308,26124257,26124257,-0.188125341245141,0.599359977646814,TRUE,0.075465693300781,1373,"HIST1H2BC;HIST1H2AC; HIST1H2AC;HIST1H2BC"
"chr14",75514192,75514192,0.196487296653653,0.332764662760968,75514134,75514192,0.224895459732703,0.0432924164065826,TRUE,0.075489821880085,1374,"MLH3;MLH3"
"chr3",184320734,184320734,0.3219211809873,0.0284524015281097,184320734,184320734,0.200411995174052,0.50636112350323,TRUE,0.0754940774550564,1375,""
"chr7",3157722,3157722,0.165556530383349,0.690532454451722,3157722,3157722,0.444009291581625,0.020864602390681,TRUE,0.0754961766667946,1376,""
"chr12",103218220,103218335,0.199690476564116,0.0262293714129055,103218220,103218220,0.194084361813548,0.552419791742721,TRUE,0.0758433640616951,1377,"LINC00485"
"chr11",71639806,71639920,-0.184405602344437,0.0336590896900274,71639920,71639920,-0.212022526452801,0.431359974939889,TRUE,0.075968501313731,1378,"RNF121;LOC100133315;RNF121;RNF121;RNF121"
"chr8",74659962,74659972,-0.21412393972472,0.0204483011401224,74659972,74659972,-0.175425458036772,0.712279920413396,TRUE,0.0761619726866965,1379,"STAU2;STAU2;STAU2;STAU2;STAU2;STAU2;STAU2"
"chr12",48058688,48058820,0.229039827311948,0.0159322124811519,48058820,48058820,0.15678902358225,0.914363117303921,TRUE,0.0761742925610169,1380,"RPAP3;RPAP3;RPAP3"
"chr11",45944078,45944078,-0.181603972450538,0.471589317535714,45944076,45944078,-0.250048437681342,0.03097105748208,TRUE,0.0763340653300152,1381,"GYLTL1B;GYLTL1B;GYLTL1B"
"chr3",127831506,127831506,0.215615952150602,0.215126587559375,127831506,127831673,0.185024943654048,0.0679860770813453,TRUE,0.0764185486350981,1382,"RUVBL1"
"chr3",81888653,81888653,-0.188619679607707,0.399820608025556,81888653,81888926,-0.237768085716793,0.0365955590037102,TRUE,0.0764440911468375,1383,""
"chr8",38206468,38206833,0.206148577744084,0.0235265720637229,38206468,38206468,0.185407765796842,0.622019572120868,TRUE,0.0764539326691201,1384,"WHSC1L1;WHSC1L1"
"chr2",60784716,60784716,-0.205922132863626,0.267955587076626,60784716,60784792,-0.205370994431865,0.0549552406181925,TRUE,0.0768404989487777,1385,""
"chr2",158296011,158296011,-0.192596728150619,0.364399632872238,158296011,158296011,-0.388374603113678,0.0404301063302721,TRUE,0.0768706661604642,1386,"CYTIP"
"chr10",6962295,6962295,-0.184145114255711,0.444185852469471,6962295,6962295,-0.404492360130006,0.0331842694870219,TRUE,0.0769013148184294,1387,""
"chr11",7060500,7060500,0.253794507529012,0.095147029900649,7060500,7060500,0.285969765278531,0.155313133707135,TRUE,0.0770598347633541,1388,"NLRP14"
"chr6",31364895,31364902,-0.209713265975338,0.0220865193785051,31364902,31364902,-0.179930998095155,0.670089109717162,TRUE,0.0771540266644004,1389,""
"chr3",25469720,25469720,-0.152222102732981,0.94857156905399,25469708,25469720,-0.299025286994778,0.0156212885519703,TRUE,0.077229742955707,1390,"RARB;RARB"
"chr6",123317411,123317411,0.22736542739317,0.165691731877537,123317411,123317411,0.326692074842018,0.089630762639291,TRUE,0.0773693987776808,1391,"CLVS2"
"chr16",85216169,85216169,0.368989041530295,0.0149339348825012,85216169,85216169,0.150140919593401,0.998158426247909,TRUE,0.0776023296760449,1392,""
"chr2",225700179,225700179,0.204386776412992,0.277455613896024,225700129,225700179,0.207219700851826,0.0537825405288715,TRUE,0.0776689220916628,1393,"DOCK10;DOCK10"
"chr16",50293530,50293530,-0.246504737903239,0.11049741043811,50293530,50293530,-0.296224291872276,0.135060409168265,TRUE,0.0776754718432323,1394,""
"chr1",204761080,204761080,-0.244424936542548,0.115292867828046,204761080,204761080,-0.299147151102116,0.129804350224069,TRUE,0.0778507130035949,1395,""
"chr6",26033786,26033786,-0.351934601521803,0.0184629206920597,26033786,26033786,-0.165815618184284,0.810685180630477,TRUE,0.0778595387607664,1396,"HIST1H3B;HIST1H2AB"
"chr3",159585493,159585493,0.310577281091198,0.0339019542401469,159585493,159585493,0.210273075223452,0.441950029712262,TRUE,0.0779240441911266,1397,"SCHIP1;IQCJ-SCHIP1;IQCJ-SCHIP1;SCHIP1;SCHIP1;SCHIP1"
"chr7",110731116,110731201,-0.168391177339462,0.0419216992770682,110731201,110731201,-0.225464868299435,0.358122124879025,TRUE,0.0780505362993336,1398,"LRRN3;LRRN3;IMMP2L;LRRN3;LRRN3;LRRN3;LRRN3; LRRN3;LRRN3;LRRN3;LRRN3;LRRN3;LRRN3;IMMP2L;IMMP2L"
"chr2",219576383,219576383,-0.223291700438309,0.181191854054795,219576383,219576383,-0.33242051089212,0.0830581230196681,TRUE,0.0782031924224457,1399,"TTLL4"
"chr15",62174499,62174621,0.209106142523703,0.022318209179386,62174621,62174621,0.179410479823496,0.674847132046737,TRUE,0.0782532263756592,1400,"VPS13C;VPS13C;VPS13C;VPS13C"
"chr11",67889381,67889381,0.174543850029986,0.557894140855479,67889381,67889383,0.259908941181597,0.0270166159331263,TRUE,0.0782995095972746,1401,"CHKA;CHKA"
"chr12",14720605,14720726,0.177028345493257,0.0375315127928529,14720726,14720726,0.217180738596869,0.401705272556149,TRUE,0.0783171059072469,1402,"PLBD1;PLBD1; PLBD1-AS1;PLBD1"
"chr12",62583974,62583974,-0.189896171137003,0.388144485037756,62583974,62584024,-0.233183576958411,0.0389024982888098,TRUE,0.0784143342285872,1403,"FAM19A2"
"chr19",6632175,6632175,-0.310864763258129,0.0337551925334795,6632175,6632175,-0.209329154651989,0.447750293381801,TRUE,0.0784734801595062,1404,""
"chr2",62684655,62684655,-0.182060557001908,0.466478732217249,62684417,62684655,-0.246717711727768,0.0324175705603252,TRUE,0.0785078948029784,1405,""
"chr7",112086746,112086746,-0.335757566771289,0.0231592953054133,112086746,112086746,-0.181763055873986,0.653671722024663,TRUE,0.0785769182080513,1406,"IFRD1"
"chr18",64567701,64567701,0.158975918922091,0.807383082323633,64567701,64567701,0.453188878773743,0.0188189565661092,TRUE,0.0788095184502209,1407,""
"chr11",16627818,16627818,-0.163611499307827,0.723226790790815,16627818,16627903,-0.277864442872743,0.0210196114464732,TRUE,0.0788423370081337,1408,""
"chr6",159360761,159360761,0.157976290212191,0.826988807371163,159360705,159360761,0.287313549957802,0.0184038571275931,TRUE,0.0789170011906608,1409,""
"chr5",112257308,112257308,-0.274951763471306,0.063037505438378,112257308,112257308,-0.253663925411814,0.242290094691998,TRUE,0.07914114490828,1410,"REEP5"
"chr6",31587814,31587814,-0.220311813718526,0.193570496278064,31587814,31587821,-0.164299677723363,0.0790676643289612,TRUE,0.0792741042765856,1411,"BAT2"
"chr9",32987811,32987811,0.318824118535562,0.0298008212695707,32987811,32987811,0.199078366946614,0.515768740775307,TRUE,0.0795463272386154,1412,"APTX;APTX;APTX;APTX;APTX;APTX;APTX;APTX;APTX;APTX;APTX;APTX"
"chr3",71409993,71409993,-0.163099584148609,0.732036218107266,71409993,71409993,-0.443311931653584,0.0210322813595952,TRUE,0.0796551124128105,1413,"FOXP1;FOXP1;FOXP1;FOXP1;FOXP1"
"chr6",89792217,89792217,-0.158063634568967,0.825230646824285,89792217,89792217,-0.453596650841289,0.0187374104487157,TRUE,0.0799316544940655,1414,"PNRC1"
"chr9",119704456,119704456,0.324657543631932,0.0273021473398137,119704456,119704456,0.192221956771007,0.566681790357226,TRUE,0.0799689439844082,1415,"ASTN2"
"chr4",78125004,78125004,0.251997568489365,0.0986752707269249,78125004,78125004,0.285140561383844,0.157083575484072,TRUE,0.0800882879236902,1416,""
"chr21",38378346,38378346,0.297665942940372,0.0420498364016711,38378346,38378346,0.223071490523159,0.370177190050877,TRUE,0.0803616058202659,1417,"RIPPLY3"
"chr6",33872861,33872861,-0.205551212935631,0.270222571205502,33872861,33872861,-0.360432603050375,0.0576050194812133,TRUE,0.080362797163433,1418,""
"chr12",54422488,54422488,-0.202453717599027,0.289867035383726,54422447,54422488,-0.207271931503119,0.0537472753107456,TRUE,0.0804185163524697,1419,"HOXC4;HOXC5;HOXC6;HOXC6"
"chr22",29412439,29412439,-0.316497995405917,0.0308735971964789,29412439,29412439,-0.200557576399706,0.505352793918863,TRUE,0.0805121207335428,1420,"ZNRF3;ZNRF3"
"chr16",28634766,28634766,-0.172920220170515,0.57959177896048,28634766,28634766,-0.421861872020152,0.0269490555952028,TRUE,0.0805844698564781,1421,"SULT1A1;SULT1A1"
"chr1",50893469,50893469,0.331429481873854,0.0246514968204113,50893469,50893469,0.183966675328679,0.634365030197629,TRUE,0.0806618058619714,1422,""
"chr12",14924953,14924953,-0.219218051027243,0.198428532263736,14924953,14924953,-0.336306054947614,0.0789129184464386,TRUE,0.0807471449005412,1423,"HIST4H4"
"chr2",176046170,176046170,0.161599752774027,0.75847939972227,176046170,176046185,0.279160495758957,0.0206459805960093,TRUE,0.0807512034460628,1424,"ATP5G3;ATP5G3;ATP5G3"
"chr7",1159070,1159070,-0.241958241057863,0.121365226564316,1159070,1159070,-0.29946516631043,0.129249468183216,TRUE,0.0808627456789977,1425,"C7orf50;C7orf50;C7orf50"
"chr19",55964092,55964092,0.205343495692291,0.271493512685575,55963862,55964092,0.20082533619702,0.0578610118801677,TRUE,0.0809562094340234,1426,""
"chr6",112645252,112645252,0.200257843570711,0.305028935150695,112645252,112645252,0.36914941998064,0.0515308676303871,TRUE,0.0809957328495898,1427,""
"chr2",48584360,48584360,-0.192399476037911,0.366076590241315,48584360,48584360,-0.383452311915523,0.042996271285924,TRUE,0.0810851002549426,1428,"FOXN2"
"chr16",29002173,29002173,-0.304613551835189,0.0373475019220569,29002173,29002173,-0.213584224982176,0.422146090790417,TRUE,0.0811937394340708,1429,""
"chr6",11710597,11710597,-0.173305537374963,0.574394775581236,11710597,11710597,-0.420225856653856,0.0274688228026555,TRUE,0.0812428961620369,1430,""
"chr9",23587629,23587629,0.254870591768171,0.0931117355726537,23587629,23587629,0.279552423884086,0.169585734444787,TRUE,0.081294646606194,1431,"LOC101929563"
"chr3",36782467,36782467,-0.179092533214986,0.500711459034859,36782334,36782467,-0.248710825125918,0.0315461286723292,TRUE,0.0813157445193597,1432,"DCLK3"
"chr7",96627088,96627190,-0.19364624862491,0.0290096490234759,96627088,96627088,-0.195112539342801,0.544691483103938,TRUE,0.0813398046667314,1433,"DLX6-AS1; DLX6AS"
"chr12",131194179,131194179,-0.173929932436006,0.566004028869592,131194090,131194179,-0.257542541898686,0.0279266315032089,TRUE,0.0813616917997289,1434,""
"chr14",61730766,61730766,0.218789072126504,0.200337924416976,61730766,61730780,0.164325386735561,0.0790574005714469,TRUE,0.0814927555990423,1435,""
"chr10",61802440,61802440,0.215926253343323,0.213629171161399,61802440,61802654,0.174530031086149,0.0741867776786659,TRUE,0.0815353011362569,1436,"ANK3;ANK3"
"chr6",32146099,32146195,-0.217588348670016,0.0192660126706757,32146099,32146099,-0.164670988850621,0.823214484034142,TRUE,0.0815833787510499,1437,"AGPAT1;RNF5;RNF5P1; RNF5;AGPAT1;RNF5;RNF5P1"
"chr15",90302508,90302508,-0.177506036357068,0.520027385585467,90302508,90302508,-0.411304156576225,0.0305535142917748,TRUE,0.0817018843895062,1438,""
"chr9",88552267,88552267,-0.261978451223006,0.0808344110758155,88552267,88552267,-0.268626680034523,0.197038616466541,TRUE,0.0818627029839304,1439,""
"chr6",42694557,42694557,-0.18428106120606,0.44283743272801,42694557,42694557,-0.397650225831664,0.0360575576482927,TRUE,0.0820288026964404,1440,""
"chr6",46993731,46993731,0.286737178613277,0.0508540488351441,46993731,46993731,0.234943191756659,0.314067220318059,TRUE,0.0820451585936707,1441,"ADGRF1;ADGRF1;ADGRF1;ADGRF1"
"chr4",129207725,129207725,-0.176300754423062,0.535190030335719,129207725,129207725,-0.413107005007924,0.0299014085258966,TRUE,0.08217480439612,1442,"PGRMC2"
"chr10",134222053,134222218,0.222952639059751,0.0175816054687733,134222218,134222218,0.157052016657139,0.91118048776233,TRUE,0.082245421253082,1443,"PWWP2B;PWWP2B"
"chr9",134554002,134554053,-0.213150168660713,0.0207589591689562,134554002,134554002,-0.169181553934239,0.774872148545821,TRUE,0.0825161558819133,1444,"RAPGEF1;RAPGEF1;RAPGEF1"
"chr18",12880767,12880767,-0.179832075792018,0.491946730715363,12880767,12880767,-0.405486193241894,0.0327818775578092,TRUE,0.0826870703677454,1445,"PTPN2;PTPN2;PTPN2"
"chr2",30670637,30670637,-0.19011559402508,0.386144949907324,30670637,30670679,-0.227695468780164,0.0417668009627329,TRUE,0.0826916176436795,1446,"LCLAT1;LCLAT1"
"chr17",53514682,53514682,-0.190277828051736,0.384664668124847,53514682,53514682,-0.385427583345487,0.041946736286774,TRUE,0.0827221082000988,1447,""
"chr3",63953377,63953628,-0.164496904463816,0.0436947594895971,63953628,63953628,-0.223243337867052,0.369289732189617,TRUE,0.0827245786083936,1448,"ATXN7;ATXN7;ATXN7"
"chr5",170108522,170108522,-0.212058262433681,0.233161887847237,170108303,170108522,-0.182654039676076,0.0694377784326197,TRUE,0.0829482269344914,1449,"KCNIP1;KCNIP1;KCNIP1;KCNIP1;KCNIP1"
"chr1",160068676,160068681,-0.211955309439378,0.0212297886035437,160068681,160068681,-0.170026199656688,0.766120847811936,TRUE,0.0832545866623742,1450,"IGSF8"
"chr7",1094802,1094808,-0.183388057230268,0.0341269391914845,1094802,1094802,-0.204784674126324,0.47671905343643,TRUE,0.083272620104444,1451,"GPR146;GPR146;GPR146;C7orf50;C7orf50;C7orf50"
"chr14",62593811,62593889,-0.218433779498995,0.0189791941068842,62593811,62593811,-0.16123968786197,0.861867531659556,TRUE,0.0836372329229186,1452,"LINC00643; FLJ43390"
"chr17",39577629,39577629,0.157425021767681,0.837769460453307,39577629,39577629,0.449795147213852,0.0195425326727734,TRUE,0.0836972190846675,1453,"KRT37"
"chr7",141609706,141609706,0.214745065492042,0.219396086751813,141609706,141610165,0.173153188530963,0.0749159556163544,TRUE,0.0839608092155505,1454,""
"chr13",112669393,112669546,0.185733676182198,0.032975940019906,112669393,112669393,0.201167845940821,0.501130141212009,TRUE,0.0843260811062824,1455,""
"chr13",46425210,46425379,-0.174271172995429,0.0390378689902199,46425379,46425379,-0.213177425934894,0.424511680118455,TRUE,0.0845180039377043,1456,"SIAH3"
"chr14",23003325,23003731,0.198362885411496,0.0267866189082717,23003731,23003731,0.185657306636031,0.619918434332592,TRUE,0.0846552701831201,1457,""
"chr6",32157196,32157230,-0.200712026195125,0.0257518371287748,32157230,32157230,-0.182694169793792,0.645466618613734,TRUE,0.0847226022797676,1458,"PBX2"
"chr11",118436991,118436991,-0.213007396023002,0.228206259051547,118436991,118436991,-0.341868486394595,0.0733373671529532,TRUE,0.0851896622403671,1459,"C11orf60;C11orf60"
"chr9",129174148,129174148,-0.354341789106221,0.0179339825614313,129174148,129174148,-0.155039183001906,0.935827829941644,TRUE,0.0853821368078748,1460,"NRON;MVB12B"
"chr12",113340341,113340341,-0.255631189858893,0.0916701929208708,113340341,113340341,-0.273706168418341,0.183744569137611,TRUE,0.0856304584238028,1461,""
"chr1",28559030,28559030,-0.184447904915396,0.441123226194804,28559030,28559030,-0.392679440587693,0.0383279534450998,TRUE,0.0858894555990714,1462,"DNAJC8"
"chr4",184718605,184718605,0.171013584030403,0.606307624456907,184718605,184718605,0.418667488246418,0.0279769351938831,TRUE,0.0861149025576639,1463,""
"chr7",148638491,148638491,-0.176109538016003,0.537653690051195,148638491,148638491,-0.408611667988363,0.0315633477233971,TRUE,0.0861455631190255,1464,""
"chr7",157451363,157451363,-0.15028636060091,0.993333144604235,157451363,157451850,-0.159643694836195,0.017113255413493,TRUE,0.0862638057994771,1465,"PTPRN2;PTPRN2;PTPRN2"
"chr14",24898823,24898823,-0.163674696853877,0.722169659512841,24898818,24898823,-0.269766948047504,0.0235463004116857,TRUE,0.0862852370775575,1466,"KHNYN;CBLN3"
"chr6",74115602,74115602,0.318544378294842,0.0299185286282176,74115602,74115602,0.19184867005973,0.569583914789608,TRUE,0.0864346784810134,1467,"DDX43"
"chr17",37123671,37123711,-0.202957332922471,0.02478708377784,37123671,37123671,-0.177840753129422,0.689381176629642,TRUE,0.0866245237139243,1468,"FBXO47"
"chr6",90539556,90539609,-0.210551673504345,0.0217579817508895,90539609,90539609,-0.167901921170251,0.788307256747255,TRUE,0.0868857637331235,1469,"CASP8AP2;CASP8AP2;CASP8AP2"
"chr11",36397458,36397554,-0.163349524891976,0.0441544141749459,36397554,36397554,-0.21953073227092,0.388791886563598,TRUE,0.0869463478510103,1470,"PRR5L;PRR5L;PRR5L;PRR5L;PRR5L; PRR5L;PRR5L;PRR5L"
"chr3",196668498,196668498,-0.218192190492525,0.203019119250964,196668498,196668498,-0.330791223195049,0.0848718380013629,TRUE,0.0872052688327508,1471,"NCBP2;LOC152217;NCBP2"
"chr5",140010064,140010064,0.249063765929043,0.104764764078694,140010064,140010064,0.281754684627254,0.164534048342523,TRUE,0.0872327404568791,1472,""
"chr22",23558941,23558941,-0.309524946698665,0.0344971958829244,23558941,23558941,-0.201373192031597,0.499712502001057,TRUE,0.0872380570868256,1473,"BCR;BCR"
"chr14",71132266,71132266,-0.309503196168577,0.0345098605987282,71132266,71132266,-0.201396750156874,0.499550274478441,TRUE,0.0872410223957916,1474,"TTC9"
"chr10",108925197,108925197,0.18880230678253,0.398120556174719,108924867,108925197,0.224700636417761,0.0433997911005778,TRUE,0.0873990910151094,1475,"SORCS1;SORCS1;SORCS1;SORCS1;SORCS1;SORCS1"
"chr13",107772267,107772267,0.229786663912499,0.157154223459226,107772267,107772267,0.311412406440896,0.109969695222044,TRUE,0.0874147275678893,1476,""
"chr6",30483956,30483956,-0.17680337528253,0.52878242912229,30483956,30483956,-0.40561132749733,0.0327328145411202,TRUE,0.0875215775204852,1477,""
"chr7",4964940,4964940,0.151777713631185,0.958595319121039,4964940,4964940,0.456718958057386,0.0181009446942878,TRUE,0.0876957276709268,1478,"MMD2;MMD2;MMD2;MMD2"
"chr5",156479607,156479607,0.205328221351939,0.271573225896811,156479607,156479607,0.352290914562975,0.0640010322407557,TRUE,0.0878152408780366,1479,"HAVCR1;HAVCR1"
"chr11",32232167,32232167,-0.182434096171298,0.462461037374321,32232167,32232167,-0.394259888930233,0.0375908051169606,TRUE,0.0878286780244503,1480,""
"chr15",66985496,66985496,-0.260051365459782,0.0839797304948477,66985496,66985496,-0.264879313444261,0.20747828651343,TRUE,0.0879894554353681,1481,""
"chr12",28376427,28376427,-0.156609549454846,0.854328948858388,28376427,28376427,-0.445877306265639,0.0204289378409551,TRUE,0.0881071312977988,1482,""
"chr10",22766861,22767345,0.19897019083237,0.0265161899766969,22766861,22766861,0.181170762801004,0.658946503867181,TRUE,0.0881869421376571,1483,""
"chr6",112072399,112072551,-0.162981359355561,0.04429447103207,112072399,112072399,-0.218204188708099,0.396036482732863,TRUE,0.0884679807133068,1484,"FYN;FYN"
"chr1",185402937,185402937,0.165905585685108,0.68483556728987,185402565,185402937,0.263729800733238,0.0256164965426928,TRUE,0.0884714635769531,1485,""
"chr10",101990787,101990787,0.290418624565444,0.0476439158705279,101990787,101990787,0.223253824401426,0.369237849459326,TRUE,0.0886688971697935,1486,"CHUK"
"chr4",6770554,6770946,0.178609935696851,0.0367284208142369,6770946,6770946,0.20444098736296,0.478983020286223,TRUE,0.0886703229774878,1487,""
"chr12",57632120,57632120,-0.180851866199254,0.480005393678966,57632120,57632417,-0.237551408003298,0.0367029712938869,TRUE,0.0887726625894564,1488,"NDUFA4L2"
"chr9",123518317,123518317,-0.279230974935637,0.0582107587505736,123518317,123518317,-0.23724670248105,0.304179762983146,TRUE,0.0891315357395119,1489,""
"chr5",178451176,178451176,0.303772035892147,0.0378816549356632,178451176,178451176,0.206193018473193,0.467565774331327,TRUE,0.0891542473696793,1490,"ZNF879"
"chr8",38831332,38831332,0.320112004194833,0.029223459225575,38831332,38831332,0.187289855833211,0.606257034715487,TRUE,0.0891734559323803,1491,"HTRA4;PLEKHA2"
"chr17",38023993,38023993,-0.165407429168034,0.693024423531936,38023993,38024353,-0.263547575685701,0.025681500340283,TRUE,0.0894998794076361,1492,"ZPBP2;ZPBP2"
"chr16",19919308,19919308,-0.250755590753998,0.101223113553332,19919308,19919308,-0.276607466155077,0.176577458698151,TRUE,0.0898051448015806,1493,""
"chr7",142494244,142494244,0.270875398019081,0.0681302111580616,142494244,142494244,0.24780816966125,0.26278257007947,TRUE,0.0899246931373248,1494,""
"chr20",50312490,50312632,-0.196162666675726,0.027790856373183,50312490,50312490,-0.182700862636025,0.645406953473898,TRUE,0.0900573333299726,1495,"ATP9A"
"chr7",17274337,17274337,-0.186168578557879,0.423619843970701,17274056,17274337,-0.226555637441945,0.0423869875706272,TRUE,0.0901359603136225,1496,""
"chr12",93115097,93115097,0.234170691895839,0.143035300287862,93115097,93115097,0.30144593512274,0.125813665956274,TRUE,0.0902960117607643,1497,""
"chr4",123653705,123653705,-0.294920402991997,0.0440836407631013,123653705,123653705,-0.215813398361445,0.409339703530048,TRUE,0.0904943699415418,1498,"LOC729338;BBS12"
"chr12",10019444,10019514,-0.179600374635086,0.0361853280012396,10019444,10019444,-0.201514438263401,0.498741731001879,TRUE,0.0905021935606282,1499,"CLEC2B"
"chr6",168774536,168774536,0.264383808704346,0.0771787781082193,168774536,168774536,0.256129924202008,0.234162589799419,TRUE,0.0906035465411787,1500,""
"chr21",44702611,44702611,0.27152209171753,0.0672816751992085,44702611,44702611,0.245944865549814,0.269631128074174,TRUE,0.0908797418133275,1501,""
"chr12",50901878,50901878,-0.239885892495892,0.12666354766999,50901878,50901878,-0.291809211433865,0.143402437871746,TRUE,0.0909704543743015,1502,"DIP2B"
"chr3",151143004,151143464,0.197695433961766,0.0270801423216063,151143004,151143004,0.179769286109691,0.671565925317592,TRUE,0.0910595830673297,1503,"MED12L"
"chr14",22974297,22974297,0.202164855456489,0.291833046266442,22974297,22974297,0.354195167824627,0.0624407907138635,TRUE,0.091204545240665,1504,""
"chr6",30495956,30496072,-0.220457785136784,0.0183131790522621,30496072,30496072,-0.150254176706262,0.996664541981137,TRUE,0.0913239133857066,1505,""
"chr6",105846107,105846107,-0.188927391731663,0.397024685766051,105846107,105846107,-0.377977320184799,0.0460658115139509,TRUE,0.0914726772534561,1506,"PREP"
"chr22",18189351,18189443,-0.191755803208197,0.0299259784610433,18189351,18189351,-0.186471192884021,0.613071793743138,TRUE,0.0917027056198452,1507,"BCL2L13;BCL2L13;BCL2L13;BCL2L13;BCL2L13;BCL2L13;BCL2L13;BCL2L13;BCL2L13;BCL2L13;BCL2L13;BCL2L13;BCL2L13; BCL2L13"
"chr19",19562378,19562378,-0.246032163437099,0.111570931348301,19562378,19562378,-0.281193897964765,0.165809423603168,TRUE,0.0923127662714573,1508,"GATAD2A"
"chr7",73257045,73257066,-0.21933735378009,0.0186543813956815,73257045,73257045,-0.150198823006987,0.997391764917394,TRUE,0.0927362592186197,1509,"WBSCR27"
"chr20",3597007,3597007,-0.325707594544414,0.0268760169021807,3597007,3597007,-0.177452614964809,0.693007854669404,TRUE,0.0928141992250714,1510,"ATRN"
"chr18",77659949,77659949,0.170621893618058,0.612068580181061,77659695,77659949,0.251193148485254,0.0304857283767631,TRUE,0.0929498596483222,1511,""
"chr12",32178932,32178932,-0.183119571485044,0.455048453712699,32178932,32178932,-0.387172925562806,0.0410357432159758,TRUE,0.0930051761900778,1512,""
"chr3",113417803,113417803,-0.206876818656352,0.262180476670104,113417803,113417997,-0.17957940084892,0.0712933003679989,TRUE,0.0930786500172207,1513,""
"chr1",11969643,11969961,-0.208123613416369,0.0227525344331273,11969961,11969961,-0.164823026231897,0.82153713040228,TRUE,0.0930800045908714,1514,""
"chr10",20104497,20104497,0.331030834978395,0.0247893187276878,20104497,20104497,0.171110191512673,0.755022191897978,TRUE,0.0931772272214697,1515,"PLXDC2"
"chr10",133921110,133921110,0.154676935899952,0.894699592941134,133921075,133921110,0.277984829057726,0.0209845718054356,TRUE,0.0934094801891409,1516,"JAKMIP3"
"chr7",132489214,132489214,0.175277746532505,0.548242882429718,132489214,132489214,0.40188125778234,0.0342544071935631,TRUE,0.0934287478591706,1517,"CHCHD3"
"chr3",197439242,197439242,-0.256388973606349,0.0902361001019137,197439242,197439242,-0.264408961982711,0.208828027020827,TRUE,0.0936834021003574,1518,"KIAA0226;KIAA0226"
"chr9",107816805,107816805,-0.250554017716636,0.101639559208291,107816805,107816805,-0.272997759818166,0.185553396615727,TRUE,0.0937459028423445,1519,""
"chr20",61549653,61549653,-0.320672655435464,0.0290066690903456,61549653,61549653,-0.18203072177778,0.651311584142923,TRUE,0.0938761706243386,1520,"DIDO1;DIDO1;DIDO1;DIDO1;DIDO1;DIDO1"
"chr2",190627927,190627930,-0.185477689122057,0.0331115269773346,190627930,190627930,-0.191643602476935,0.571192542601925,TRUE,0.0939582289853911,1521,"OSGEPL1;OSGEPL1-AS1; OSGEPL1"
"chr5",39393204,39393204,0.296537554446205,0.0428499484471568,39393204,39393204,0.210170066290785,0.442584615657622,TRUE,0.0941631827028249,1522,"DAB2;DAB2"
"chr12",119591664,119592035,-0.199103835601247,0.0264655311134818,119592035,119592035,-0.174901232725687,0.717354540186295,TRUE,0.0942442235768506,1523,"SRRM4"
"chr7",157072526,157072526,-0.203267849810661,0.28455083467927,157072164,157072526,-0.186855034897777,0.0668332277757881,TRUE,0.0943721645186767,1524,""
"chr19",39931060,39931060,-0.344181906401037,0.0205958078300723,39931060,39931060,-0.155738120576407,0.927222064025846,TRUE,0.0946867586802269,1525,""
"chr18",33552869,33552869,-0.209468696760455,0.247159378743541,33552869,33553117,-0.168207648383115,0.0773951606044955,TRUE,0.0948136024319647,1526,"C18orf21"
"chr18",74735220,74735220,-0.268263279061767,0.0716063031545572,74735220,74735220,-0.246588210245424,0.267246477482181,TRUE,0.0948436409379432,1527,"MBP;MBP"
"chr19",7894333,7894388,-0.210030266995288,0.0219509324210765,7894333,7894333,-0.160373642880425,0.871834692898976,TRUE,0.0948478033493652,1528,"EVI5L"
"chr5",84716350,84716350,0.276651711045248,0.0610811793383357,84716350,84716350,0.234879651981727,0.314351033891228,TRUE,0.0950983075389736,1529,""
"chr6",149403584,149403584,-0.237571871620481,0.133032409752725,149403584,149403584,-0.290898391357631,0.145187767736506,TRUE,0.0955475889647373,1530,""
"chr5",167655079,167655079,0.259979324856655,0.0840944579203643,167655079,167655079,0.257390066002501,0.230103931635705,TRUE,0.0956888023433088,1531,"TENM2"
"chr1",94702724,94703079,0.21431098946688,0.0203805076614081,94702724,94702724,0.153930283145841,0.949633072548674,TRUE,0.0957027623852217,1532,"ARHGAP29; ARHGAP29;ARHGAP29"
"chr18",56355280,56355280,-0.263123348911077,0.0790568809635912,56355280,56355280,-0.252812189650209,0.245161202274749,TRUE,0.0958119199449274,1533,"MALT1;MALT1"
"chr2",37897716,37898101,0.204961921605709,0.0239653672171596,37897716,37897716,0.165803112651556,0.810823271404653,TRUE,0.0960090168552339,1534,"CDC42EP3"
"chr7",39683993,39683993,0.246708731035192,0.110035520802913,39683993,39683993,0.276566017485362,0.176676487039882,TRUE,0.0960445289935529,1535,"RALA"
"chr2",227700114,227700119,-0.189173215572207,0.0312051147572248,227700114,227700114,-0.185143108737081,0.624272748866607,TRUE,0.0962013688645088,1536,"RHBDD1;RHBDD1"
"chr17",40937362,40937365,0.204697867014401,0.0240555101943512,40937365,40937365,0.165879432370825,0.809988410601131,TRUE,0.0962178373782991,1537,"WNK4"
"chr19",22966916,22966916,-0.234117409100173,0.143186531894224,22966916,22966916,-0.29558534708954,0.136244237727272,TRUE,0.0963109810705575,1538,"ZNF99;ZNF99"
"chr16",3398766,3398766,-0.22509555743751,0.174129412535983,3398766,3398766,-0.309973161330557,0.112118956122474,TRUE,0.0963695097194011,1539,""
"chr5",156599642,156599642,-0.249665452850201,0.103522876946641,156599642,156599642,-0.271279563501718,0.189993280058542,TRUE,0.0969414549209443,1540,""
"chr15",55611105,55611105,-0.179071502318195,0.50094016890261,55611105,55611105,-0.390615761630971,0.0393148532060858,TRUE,0.0970425567157837,1541,"PIGBOS1;PIGBOS1;PIGBOS1;PIGB;PIGBOS1;PIGBOS1"
"chr2",227341845,227341845,0.277430808051039,0.0602095488977227,227341845,227341845,0.231916895624739,0.32755379769179,TRUE,0.097150452076583,1542,""
"chr13",49145436,49145873,-0.163729876311914,0.0440076524682786,49145873,49145873,-0.208822723957543,0.450893559721497,TRUE,0.0976247416134168,1543,""
"chr6",26533161,26533192,-0.176848199046035,0.0376320855360006,26533192,26533192,-0.197460300710818,0.527385923222733,TRUE,0.0976398920906708,1544,""
"chr11",61596812,61596812,-0.150403481203294,0.990534987394883,61596812,61596812,-0.447270256071748,0.0201115884740033,TRUE,0.0979321627058569,1545,"FADS2;FADS2;FADS2"
"chr5",140220895,140220895,-0.213945972838077,0.223449540792305,140220895,140220895,-0.326960870630577,0.089306796344418,TRUE,0.0980665707021518,1546,"PCDHA8;PCDHA8;PCDHA1;PCDHA1;PCDHA2;PCDHA3;PCDHA4;PCDHA5;PCDHA6;PCDHA6;PCDHA7"
"chr8",65718920,65718920,0.182002049339628,0.467119417840264,65718920,65718993,0.22582901641861,0.0427806195895805,TRUE,0.0981765236101436,1547,""
"chr6",122931056,122931056,-0.179736449679311,0.493050050956857,122931037,122931056,-0.229673064643911,0.0407107242280245,TRUE,0.09852365605028,1548,"PKIB;PKIB;PKIB;PKIB;PKIB"
"chr13",31314334,31314334,-0.239550106040824,0.127549332792972,31314334,31314334,-0.284744736411053,0.157923398983535,TRUE,0.0987994637795337,1549,"ALOX5AP;ALOX5AP"
"chr10",134996789,134996789,0.172282739003285,0.588405676176627,134996789,134996984,0.242477119402755,0.0343385098512898,TRUE,0.0990412767447415,1550,"KNDC1"
"chr6",30910646,30910646,-0.18030763380837,0.486339986530702,30910646,30910941,-0.227754109941239,0.041735483343651,TRUE,0.099402609005683,1551,"DPCR1"
"chr1",42383900,42383900,0.15257901732799,0.94051159491981,42383900,42383900,0.440647003663924,0.0216772062548316,TRUE,0.0997532768836982,1552,"HIVEP3;HIVEP3"
"chr6",24767197,24767197,-0.21949948681942,0.197173235432597,24767197,24767197,-0.315945850966569,0.103464127189987,TRUE,0.0998026841018222,1553,""
"chr15",66914759,66914759,0.254520339831808,0.0937926502929274,66914759,66914759,0.26146010935583,0.217520226557597,TRUE,0.0998082959531458,1554,""
"chr1",212956176,212956176,0.240942855927128,0.12385719564453,212956176,212956176,0.281534686979926,0.165036596498908,TRUE,0.0999607189515665,1555,"NSL1;NSL1"
"chr19",38040182,38040182,0.166500990923058,0.675194738630065,38040165,38040182,0.251550917471957,0.0303366971138088,TRUE,0.100124874560937,1556,"ZNF571-AS1;ZNF571-AS1"
"chr9",99617014,99617014,-0.180082654796173,0.48896903253491,99617014,99617014,-0.385412878733987,0.04195402994596,TRUE,0.100245551532536,1557,"ZNF782"
"chr14",34508372,34508372,0.323609051406119,0.0277409424932505,34508372,34508372,0.172566998149623,0.740310505358095,TRUE,0.10033372570269,1558,""
"chr12",53142542,53142542,-0.344046838150339,0.0206405068270268,53142542,53142542,-0.150258774256933,0.996604801648938,TRUE,0.100463929942742,1559,""
"chr8",104310606,104310713,-0.17502122290179,0.0386184434021301,104310713,104310713,-0.196585692817084,0.533779980980844,TRUE,0.10063214958476,1560,"FZD6;FZD6;FZD6;FZD6; FZD6;FZD6;FZD6"
"chr7",128502651,128502704,-0.176111629059659,0.038008302093701,128502704,128502704,-0.195311719104036,0.543207824998498,TRUE,0.100758884304431,1561,"ATP6V1F"
"chr2",23824291,23824418,-0.178893073242221,0.0365891089403954,23824418,23824418,-0.192423701164131,0.565124556524844,TRUE,0.100879135463538,1562,"KLHL29"
"chr1",11967826,11967935,-0.210242157643404,0.0218779240593841,11967935,11967935,-0.154265061449418,0.945442301403623,TRUE,0.100905939746898,1563,""
"chr9",128216481,128216481,0.320320307910511,0.0291504508638826,128216481,128216481,0.175659017491051,0.710032119921592,TRUE,0.100958066817279,1564,"MAPKAP1;MAPKAP1;MAPKAP1;MAPKAP1;MAPKAP1"
"chr17",114319,114319,-0.258135694619755,0.0871548492451829,114319,114319,-0.254989510899368,0.237877242903589,TRUE,0.10109142758584,1565,"RPH3AL"
"chr12",6076241,6076241,0.21081504663687,0.239778084379787,6076241,6076241,0.329283576543169,0.0866011119596987,TRUE,0.101218898942423,1566,"VWF"
"chr22",37678791,37678791,0.237751961093304,0.13250719653851,37678791,37678791,0.28520429814548,0.156942477015387,TRUE,0.101338825702755,1567,"CYTH4"
"chr2",27806426,27806529,-0.19982546486518,0.0261623229174737,27806529,27806529,-0.166940673211965,0.798547291071065,TRUE,0.101709810169036,1568,"ZNF512"
"chr7",27645938,27646144,0.209242254994136,0.0222764901155618,27645938,27645938,0.154872573892635,0.937876182691274,TRUE,0.101712662786577,1569,"HIBADH"
"chr2",211341572,211341572,-0.164624108786534,0.706005012247525,211341572,211341572,-0.413924396160361,0.0296095117737329,TRUE,0.101758593137385,1570,"LANCL1;CPS1;LANCL1;LANCL1"
"chr6",168557985,168558115,-0.183040637995246,0.0343124400288458,168557985,168557985,-0.186755500426627,0.610688496613674,TRUE,0.101950951616551,1571,""
"chr19",21182790,21182790,-0.243861305759416,0.116637562653094,21182790,21182790,-0.275217963298609,0.179969310989071,TRUE,0.102093821001269,1572,""
"chr17",113799,113799,0.166932616369109,0.668372926711525,113799,113827,0.248884229390355,0.031467139095269,TRUE,0.102250654048057,1573,"RPH3AL"
"chr17",17185060,17185060,-0.152291307380279,0.947005614194018,17184997,17185060,-0.273802832472181,0.0222430287844636,TRUE,0.102376093496756,1574,"COPS3"
"chr12",53108401,53108600,0.201046270540647,0.0256088003385204,53108401,53108401,0.164450993833197,0.82563846023185,TRUE,0.1026822004573,1575,""
"chr17",64400691,64400691,-0.230104592046763,0.156118696696446,64400691,64400691,-0.295680563692424,0.136063287306334,TRUE,0.103061491867187,1576,"PRKCA"
"chr5",139143972,139143972,0.277503738346144,0.0601320706363349,139143972,139143972,0.226409994887252,0.353485801388547,TRUE,0.103114680743676,1577,""
"chr21",46266030,46266419,-0.184925017323107,0.0333737610928011,46266030,46266030,-0.183391178340823,0.639354306638816,TRUE,0.10342964053259,1578,""
"chr20",30200906,30200906,-0.216484192240014,0.210938291544738,30200906,30200906,-0.317598535454606,0.101201363417998,TRUE,0.103466513875839,1579,""
"chr7",64452297,64452297,0.276372813428305,0.0614007771665604,64452297,64452297,0.227580977931643,0.347794942606797,TRUE,0.103495891037652,1580,"ERV3-1;ZNF117"
"chr1",2082848,2082848,0.221482506217546,0.188529194404878,2082848,2082848,0.308782512346392,0.11393406216288,TRUE,0.103976401281776,1581,"PRKCZ;PRKCZ;PRKCZ;PRKCZ"
"chr19",48964810,48964810,0.232348149557612,0.148784336279494,48964810,48964810,0.291016262239261,0.144954671412007,TRUE,0.104310696989606,1582,"KCNJ14;KCNJ14;KCNJ14"
"chr6",170362218,170362218,-0.290642345860807,0.0474464953006455,170362218,170362218,-0.207931377135104,0.456455801966777,TRUE,0.104656735851784,1583,""
"chr13",100068932,100069110,-0.160152917650518,0.0453530922766093,100068932,100068932,-0.204612888637251,0.477861413407385,TRUE,0.104715231210784,1584,""
"chr1",47152369,47152720,-0.209162883494518,0.022293624731061,47152720,47152720,-0.151906880756773,0.975294872489919,TRUE,0.104984735908647,1585,"EFCAB14-AS1;EFCAB14-AS1;EFCAB14"
"chr12",95976534,95976534,-0.22493442540015,0.174779782941671,95976534,95976534,-0.302023707571488,0.12483120254469,TRUE,0.105272172631627,1586,""
"chr2",11810365,11810365,0.166514329975703,0.674983163377814,11810183,11810365,0.246829299771484,0.0323691842749009,TRUE,0.105389517685609,1587,"NTSR2"
"chr4",3442815,3442815,0.186968982171787,0.415716316325862,3442815,3442962,0.208813704149771,0.0527891366285083,TRUE,0.105758860618446,1588,"HGFAC;HGFAC"
"chr2",231658979,231658979,-0.319649129488819,0.0294208797954574,231658979,231658979,-0.171856632929485,0.747449381065345,TRUE,0.105931873265304,1589,"CAB39;CAB39;CAB39"
"chr2",207367674,207367674,0.293205601633346,0.0453620320760002,207367674,207367674,0.203557706267551,0.484873514791052,TRUE,0.105948017591641,1590,"ADAM23"
"chr17",28804347,28804354,-0.190428511511486,0.0305778388332966,28804354,28804354,-0.174682996699057,0.719469964523491,TRUE,0.105967058590854,1591,"GOSR1;GOSR1;GOSR1"
"chr14",91709951,91709951,-0.267344558878643,0.0729115138656289,91709951,91709951,-0.23774233475079,0.302084602987708,TRUE,0.106064786457163,1592,"GPR68"
"chr9",32710046,32710046,-0.297805870878002,0.0419529885749364,32710046,32710046,-0.197658994233841,0.525939936491027,TRUE,0.106214727314085,1593,""
"chr15",59681212,59681212,0.291383224486275,0.0468452937916073,59681212,59681212,0.205640000676664,0.471127974920039,TRUE,0.106235230468026,1594,""
"chr11",44545144,44545144,-0.16925476413613,0.632422268444296,44545144,44545144,-0.400234117024283,0.0349424925050133,TRUE,0.106343066527482,1595,""
"chr10",70847430,70847430,-0.203552853433621,0.282721900720548,70847399,70847430,-0.166163125546397,0.0782929574156325,TRUE,0.106483034639422,1596,"SRGN"
"chr8",82607396,82607505,-0.153543532256808,0.0471164677064647,82607505,82607505,-0.205656853336583,0.471018344455161,TRUE,0.106702399744432,1597,"SLC10A5"
"chr2",169964245,169964245,-0.181737129304007,0.470050182073914,169964245,169964245,-0.375967964034228,0.047253023729281,TRUE,0.106773113190831,1598,""
"chr19",1009172,1009172,0.170391407536312,0.615382265821955,1009172,1009642,0.238478186955565,0.0362479071145735,TRUE,0.10713469192289,1599,"GRIN3B"
"chr7",28369855,28369855,-0.239416304254983,0.127927039317238,28369855,28369855,-0.277463078191022,0.174519030171913,TRUE,0.107208397197503,1600,"CREB5"
"chr16",19777410,19777410,0.20177918600581,0.294512751133865,19777410,19777410,0.339318471581164,0.0758531532255681,TRUE,0.107261689483349,1601,"IQCK;IQCK;IQCK;IQCK;IQCK"
"chr2",68993400,68993400,-0.292233002003849,0.0461271299072049,68993400,68993400,-0.203377219235149,0.4860798634627,TRUE,0.107572296681431,1602,"ARHGAP25;ARHGAP25"
"chr6",4031626,4031626,0.311204218458768,0.0335823564119221,4031626,4031626,0.180127794505841,0.668316261784617,TRUE,0.107656465941686,1603,"PRPF4B"
"chr18",905252,905252,0.203715755029804,0.2816550846599,905245,905252,0.16240628901451,0.079777818598876,TRUE,0.107755900226851,1604,"ADCYAP1;ADCYAP1"
"chr8",116679763,116679763,0.324845345453438,0.0272343538610994,116679763,116679763,0.164152085586602,0.828959180547615,TRUE,0.108159268920454,1605,"TRPS1"
"chr7",11383781,11383781,-0.251872106611279,0.0989270750764353,11383781,11383781,-0.257896994437414,0.228497183632457,TRUE,0.108266875047836,1606,""
"chr2",9239737,9239737,-0.269908712899144,0.069363903474006,9239737,9239737,-0.232109907299585,0.326680475994725,TRUE,0.108476277728671,1607,""
"chr16",3709616,3709616,0.236698599482722,0.135444665621703,3709616,3709616,0.280511684467836,0.16736443926085,TRUE,0.108509555739471,1608,"TRAP1;TRAP1"
"chr5",72111910,72111926,-0.187108866989848,0.0322607560686338,72111910,72111910,-0.176410779381372,0.70285012139431,TRUE,0.108531729596902,1609,"TNPO1"
"chr6",134775465,134775465,-0.336154432203634,0.0230363730637884,134775465,134775465,-0.151134358672452,0.985235829190923,TRUE,0.108614203822103,1610,""
"chr9",136238392,136238392,-0.284767342003333,0.0525935847999571,136238392,136238392,-0.211988743750195,0.431562092010939,TRUE,0.108618509353667,1611,"SURF4"
"chr1",92946825,92946825,0.202096366532671,0.292338144932028,92946700,92946825,0.167284105407583,0.0778131173527957,TRUE,0.108809034414879,1612,"GFI1;GFI1;GFI1"
"chr1",191857885,191857885,0.232029356009047,0.149809433276317,191857885,191857885,0.287542612064906,0.151996398586594,TRUE,0.108895100266424,1613,""
"chr3",60064758,60064969,-0.167876718239213,0.0421600939274923,60064969,60064969,-0.19565608222755,0.540652938897257,TRUE,0.108983912789467,1614,"FHIT;FHIT"
"chr3",172046843,172046843,0.235059325054447,0.140290036891572,172046843,172046843,0.282664877945809,0.162485808381437,TRUE,0.108988304185771,1615,"FNDC3B;FNDC3B"
"chr3",39302545,39302545,-0.28085567101398,0.0565308214483667,39302545,39302545,-0.216895234788561,0.403289162081123,TRUE,0.10900012993147,1616,""
"chr12",102874286,102874286,-0.263618382820654,0.0782969980153645,102874286,102874286,-0.240199994403194,0.2919636357703,TRUE,0.109232993224691,1617,"IGF1;IGF1;IGF1;IGF1;IGF1;IGF1"
"chr17",8867338,8867338,0.151262140855382,0.970529951307893,8867338,8867338,0.433354069343623,0.0235685573510573,TRUE,0.109286319107731,1618,"PIK3R5"
"chr9",72198906,72198906,-0.177389728668987,0.521444343788925,72198906,72198906,-0.381860257446074,0.043875420391101,TRUE,0.109303692448961,1619,"APBA1"
"chr2",242088885,242088885,0.224608239938674,0.176046254522049,242088885,242088885,0.298757908310113,0.130488299955569,TRUE,0.109656275285464,1620,"PASK;PPP1R7"
"chr1",28559596,28559620,-0.202618011650501,0.0249144759191604,28559596,28559596,-0.156131751199037,0.922383285098686,TRUE,0.109689177165872,1621,"DNAJC8"
"chr17",2316534,2316534,0.228726679376163,0.160810601410104,2316534,2316534,0.291944405156735,0.143141971527209,TRUE,0.109832713611304,1622,"LOC284009"
"chr10",130338781,130338781,0.200089353870258,0.306243257901293,130338781,130338886,0.172629742105197,0.0751946937050383,TRUE,0.109867112858898,1623,""
"chr4",6417932,6417932,0.159586318925916,0.795832116527305,6417932,6417932,0.414745457544944,0.0293143817499714,TRUE,0.111001963316207,1624,"PPP2R2C"
"chr6",33282156,33282156,-0.219044327001503,0.199195865044788,33282156,33282156,-0.30640012587994,0.11767394230475,TRUE,0.111418227984698,1625,"TAPBP;TAPBP;TAPBP;TAPBP;TAPBP;TAPBP"
"chr15",40856878,40856878,-0.15629009199338,0.860791678834727,40856878,40856878,-0.420896662174628,0.02724982504617,TRUE,0.111479250770824,1626,"C15orf57;C15orf57;C15orf57"
"chr2",31043534,31043534,0.268597069202807,0.0711362187032523,31043534,31043534,0.231357537077408,0.330095713110458,TRUE,0.111574321464347,1627,""
"chr19",21861136,21861136,-0.241513558985802,0.122404478243508,21861136,21861136,-0.270566860967212,0.191855982864563,TRUE,0.111582839730086,1628,""
"chr12",122028839,122028839,-0.213111579800181,0.227687005703592,122028839,122028839,-0.316004157545495,0.10338494963202,TRUE,0.111790521943098,1629,""
"chr17",78992355,78992355,-0.167152674452592,0.66493482886244,78992355,78992374,-0.240184640999878,0.0354196256427913,TRUE,0.111836756477051,1630,""
"chr11",31263585,31263585,0.162212771919289,0.747502071053526,31263585,31263585,0.408726039667341,0.0315195481721,TRUE,0.111871184501557,1631,""
"chr11",18477303,18477379,0.187388070887993,0.0320976047297499,18477303,18477303,0.172726118913436,0.73872496160114,TRUE,0.112434333359682,1632,"LDHAL6A;LDHAL6A; LDHAL6A;LDHAL6A;LDHAL6A;LDHAL6A"
"chr15",51398559,51398559,-0.157048028803681,0.845284106824643,51398559,51398559,-0.417944341068998,0.0282192801789999,TRUE,0.112965272073445,1633,"TNFAIP8L3"
"chr21",34444584,34444584,-0.237483443632464,0.133270059419867,34444584,34444584,-0.275378261497288,0.179574287911407,TRUE,0.113258655884659,1634,"OLIG1;OLIG1"
"chr8",36850538,36850538,0.26028445270504,0.0835729696225617,36850538,36850538,0.241592552615341,0.286379324566556,TRUE,0.113264980890298,1635,""
"chr12",94601815,94601815,-0.228823230229592,0.16049398351501,94601815,94601815,-0.288765312108915,0.149492756080562,TRUE,0.11348556181518,1636,"PLXNC1"
"chr11",77524810,77524810,0.242229190440969,0.120697721543129,77524810,77524810,0.267928158273158,0.198946133920756,TRUE,0.113558875033313,1637,"RSF1"
"chr10",70378989,70378989,0.288036237574457,0.0497082645465436,70378989,70378989,0.203393278027235,0.485975308482308,TRUE,0.114097845268879,1638,"TET1"
"chr10",28273622,28273622,0.200033975292865,0.30663884402434,28273195,28273622,0.164973273215941,0.0787971598039976,TRUE,0.114117506059722,1639,"ARMC4;ARMC4"
"chr12",118813907,118813933,-0.154637993453183,0.0469242620195603,118813907,118813907,-0.199060272809232,0.515894875963806,TRUE,0.114287663076675,1640,"SUDS3"
"chr2",7870747,7870747,-0.183652504587037,0.449281538122285,7870747,7870747,-0.365654137921735,0.0538872834901708,TRUE,0.114297245734172,1641,""
"chr2",177372587,177372587,0.317009789744185,0.0306165779639905,177372587,177372587,0.16713653017847,0.796443784723363,TRUE,0.114943407620984,1642,""
"chr10",106099569,106099647,0.163321883745044,0.0441678238740323,106099647,106099647,0.194108072709511,0.552236171992905,TRUE,0.114968240048602,1643,"ITPRIP"
"chr13",47169346,47169346,-0.193903399205927,0.3535802406594,47169346,47169346,-0.34652738120364,0.0689920381062864,TRUE,0.114979942896328,1644,"LRCH1;LRCH1;LRCH1"
"chr6",109702729,109702729,-0.165151005269872,0.697273063192462,109702729,109702899,-0.241101160096875,0.0349883222501044,TRUE,0.114988087024422,1645,"CD164;CD164;CD164;CD164;CD164"
"chr11",33026801,33027070,-0.177361552987701,0.037338562122666,33026801,33026801,-0.181531592854729,0.655727819587656,TRUE,0.11531291730229,1646,""
"chr7",75405967,75405967,-0.240463018966139,0.125118452341929,75405967,75405967,-0.268925577730033,0.196233494242483,TRUE,0.115566928140183,1647,"CCL26"
"chr10",25171393,25171393,-0.265797159461934,0.0751099595325081,25171393,25171393,-0.231493184558381,0.329475000156024,TRUE,0.116286875004849,1648,"PRTFDC1;PRTFDC1"
"chr9",98269830,98269830,-0.168331038799377,0.64651511720077,98269830,98269830,-0.392488995799565,0.0384169060102233,TRUE,0.116620574776228,1649,"PTCH1;PTCH1;PTCH1;PTCH1;PTCH1;PTCH1;PTCH1"
"chr1",2080081,2080081,0.189190289496076,0.394640739261811,2080081,2080081,0.35353903319961,0.0629733406229823,TRUE,0.116675023125645,1650,"PRKCZ;PRKCZ;PRKCZ"
"chr17",49261324,49261324,0.218547776375394,0.201433049842362,49261324,49261324,0.302719828401707,0.123657675339379,TRUE,0.116885182339164,1651,"MBTD1"
"chr11",1568372,1568549,0.188538860712014,0.0315232226188844,1568372,1568372,0.167705485132566,0.790379445475875,TRUE,0.116909421251804,1652,"HCCA2; "
"chr10",13114379,13114379,0.152273382263127,0.947407905166608,13114379,13114379,0.423929552376457,0.0262996567543833,TRUE,0.116913835332237,1653,"CCDC3"
"chr6",29629986,29629988,-0.195445726232186,0.0281201389840812,29629988,29629988,-0.158459632167232,0.894332811774041,TRUE,0.117770313265294,1654,"MOG;MOG;MOG;MOG;MOG;MOG;MOG;MOG;MOG;MOG;MOG"
"chr1",67241623,67241623,0.171079627797632,0.605360005721472,67241623,67241623,0.386132355856723,0.0415781809207951,TRUE,0.117847664328136,1655,"TCTEX1D1"
"chr6",138323117,138323117,-0.269962074268958,0.0692946200287266,138323117,138323117,-0.224417153446316,0.363342843412732,TRUE,0.117876885914718,1656,""
"chr14",77586411,77586446,0.174162734359318,0.0390922527698478,77586446,77586446,0.182717892400123,0.645256568748415,TRUE,0.118049255810964,1657,""
"chr19",18682249,18682249,-0.199240390151824,0.312375215300169,18682151,18682249,-0.159327383129884,0.0807610715302691,TRUE,0.118061120536173,1658,"UBA52;UBA52"
"chr3",64430000,64430000,0.186705688965672,0.418294703466854,64430000,64430000,0.3568310957178,0.060343788505539,TRUE,0.118111640641274,1659,""
"chr10",1415977,1415977,0.181556146222994,0.472127195465734,1415977,1415977,0.366247260217178,0.0534751541499831,TRUE,0.118132197691468,1660,"ADARB2"
"chr4",87930441,87930441,-0.165638833091459,0.689233948590194,87930441,87930441,-0.396301641605957,0.0366602244356682,TRUE,0.11820722978765,1661,"AFF1;AFF1"
"chr9",5558491,5558491,-0.301235597287269,0.0394535696618968,5558491,5558491,-0.183213197596958,0.640906652967621,TRUE,0.118275579450619,1662,"PDCD1LG2"
"chr14",60524715,60524715,0.184842258721689,0.437057852421792,60524715,60524715,0.359991869989351,0.0579289481799049,TRUE,0.118394145123406,1663,"LRRC9"
"chr4",991593,992020,0.190572918506786,0.0305107903378648,992020,992020,0.164038425194962,0.830219780508982,TRUE,0.118439580182376,1664,"IDUA; IDUA;IDUA"
"chr3",50359363,50359363,0.253502595378006,0.0957139621786887,50359363,50359363,0.24719013549472,0.265042363753131,TRUE,0.11857773483308,1665,"HYAL2;HYAL2"
"chr22",41940355,41940355,0.190903129361401,0.379077293505534,41940355,41940470,0.186646401957492,0.0669635361404196,TRUE,0.118636889900244,1666,"POLR3H;POLR3H;POLR3H;POLR3H;POLR3H"
"chr8",1094826,1094904,0.198098534491069,0.026908796166614,1094826,1094826,0.15438673685841,0.943921648655715,TRUE,0.118693602983788,1667,""
"chr7",129491262,129491725,0.197631388268072,0.0271166465024525,129491262,129491262,0.1549531106283,0.936889734084465,TRUE,0.118713849839561,1668,"UBE2H;UBE2H;UBE2H; UBE2H;UBE2H"
"chr12",73184500,73184500,0.229232003750476,0.159071810428574,73184500,73184500,0.283775565863901,0.160041643034334,TRUE,0.118907741350504,1669,""
"chr7",96339276,96339361,-0.164246380661407,0.0437916073163318,96339361,96339361,-0.190160020781895,0.582900970981538,TRUE,0.119157466961073,1670,"SHFM1"
"chr1",4714171,4714171,0.210749867279584,0.240113326856945,4714171,4714171,0.313909160538055,0.106327452363194,TRUE,0.119173855046686,1671,"AJAP1;AJAP1"
"chr14",24685372,24685372,-0.184607464358031,0.439484262973139,24685372,24685372,-0.359673556655466,0.0581690749903209,TRUE,0.119297640896351,1672,"MDP1"
"chr11",65405760,65405903,-0.184706664719155,0.0334937034012957,65405903,65405903,-0.170221283338846,0.764103812681387,TRUE,0.119401291310208,1673,"SIPA1"
"chr4",39368184,39368184,0.19033408596979,0.384132750061089,39368184,39368212,0.187104909648847,0.0666730304469667,TRUE,0.119469564783868,1674,"RFC1"
"chr3",159557567,159557567,-0.286902552464162,0.0507028172287814,159557567,159557567,-0.200426685069229,0.506257094869377,TRUE,0.119679732525038,1675,"SCHIP1;IQCJ-SCHIP1;IQCJ-SCHIP1;SCHIP1;SCHIP1;SCHIP1"
"chr4",88480717,88480717,-0.158118401612181,0.824145951164856,88480717,88480717,-0.40970643285638,0.0311495265550476,TRUE,0.11969106860353,1676,""
"chr2",118836289,118836289,0.293311731396559,0.0452912586641556,118836289,118836289,0.191980229791266,0.568560885098325,TRUE,0.119980573697417,1677,""
"chr1",19426322,19426535,0.198750864211916,0.0266167627198446,19426535,19426535,0.152267405423571,0.970695656430455,TRUE,0.120294901798737,1678,"UBR4"
"chr7",18336912,18336912,0.166425573146,0.676373302183099,18336912,18336926,0.234475577788221,0.0382356172236528,TRUE,0.120385465227908,1679,"HDAC9"
"chr14",90989532,90989532,0.199896828244803,0.307631906740013,90989532,90989532,0.331352788626365,0.0842434554259298,TRUE,0.120584328123287,1680,""
"chr4",184961220,184961220,-0.268036518096747,0.071916961183391,184961220,184961220,-0.224744354864292,0.361704965771309,TRUE,0.120937555050249,1681,""
"chr1",53393752,53393752,-0.176490983305846,0.532753935001699,53393752,53393825,-0.214924455715887,0.0490617008226721,TRUE,0.121393737357877,1682,"MIR1273F;SCP2;SCP2;SCP2;SCP2;SCP2"
"chr19",40790591,40790591,-0.2426466617814,0.119632395449046,40790591,40790591,-0.261128651585835,0.218521939214043,TRUE,0.121410096104376,1683,"AKT2"
"chr1",215883870,215884009,-0.188357313566651,0.0316126206127934,215883870,215883870,-0.164124747504667,0.829265326252519,TRUE,0.121675828279119,1684,"USH2A"
"chr19",7717065,7717065,-0.172399221556253,0.586807687035503,7717065,7717065,-0.380377569549443,0.0446948291640797,TRUE,0.121719592327151,1685,""
"chr16",24162798,24162798,-0.19690579505623,0.329616363408805,24162798,24162819,-0.16261539283249,0.0797016487354186,TRUE,0.121878659475789,1686,"PRKCB;PRKCB"
"chr8",22395732,22395732,-0.241857917783262,0.121612561014131,22395732,22395732,-0.261850692020131,0.216340984732717,TRUE,0.122019884766901,1687,"PPP3CC;PPP3CC;PPP3CC"
"chr17",34611341,34611341,0.248773650698485,0.105377885320253,34611341,34611341,0.251321070815061,0.250283681986534,TRUE,0.122254749928163,1688,""
"chr10",134904539,134904539,0.16892522793236,0.637425576170071,134904539,134904539,0.385945112554229,0.0416768708968938,TRUE,0.122950367328527,1689,"ADGRA1"
"chr2",190701606,190701606,0.264837109357674,0.0764963734213804,190701606,190701606,0.227578201117546,0.347808402039728,TRUE,0.123096107680864,1690,"PMS1;PMS1;PMS1;PMS1;PMS1;PMS1"
"chr15",27215898,27215898,0.179609487499074,0.494510218190704,27215898,27215898,0.36571201778533,0.0538478450959127,TRUE,0.1231767116261,1691,"GABRG3"
"chr3",48282474,48282488,-0.177513522893996,0.0372744935603645,48282488,48282488,-0.17499704369989,0.716435651917409,TRUE,0.123453852551239,1692,"ZNF589"
"chr22",44987995,44987995,0.201532369890771,0.296219507834244,44987995,44987995,0.326141523863534,0.0902821540777232,TRUE,0.123593521178745,1693,""
"chr2",113388855,113388855,-0.268465363196505,0.0713179946242006,113388855,113388855,-0.222135236470836,0.375016269747488,TRUE,0.123601028632821,1694,""
"chr10",74855561,74855561,-0.212662088735004,0.230033703043704,74855561,74855561,-0.307262524935229,0.116303862263231,TRUE,0.123631446303993,1695,"P4HA1;P4HA1;P4HA1;P4HA1"
"chr2",109746691,109746691,-0.176728587191886,0.529733027790856,109746691,109746735,-0.212363862963754,0.0506113778225991,TRUE,0.123836738687089,1696,"LOC100287216;SH3RF3"
"chr1",9439003,9439003,0.210234870553694,0.242931598614927,9439003,9439003,0.311145670077967,0.110372538305433,TRUE,0.123845636727593,1697,""
"chr12",72629575,72629575,0.28230263754172,0.054992430969849,72629575,72629575,0.202929364850769,0.489087670760916,TRUE,0.124146390875197,1698,""
"chr18",77793182,77793182,-0.281920978680682,0.0553917420093093,77793182,77793182,-0.20332821203636,0.486406386297906,TRUE,0.124315485568584,1699,"C18orf22"
"chr2",234139526,234139526,0.155544976851602,0.876303720744506,234139526,234139526,0.410781434677568,0.0307482249150947,TRUE,0.124322304601787,1700,""
"chr5",156761730,156761730,0.285648227117572,0.0518396617179911,156761730,156761730,0.198451552522939,0.520242122415723,TRUE,0.12441044446594,1701,"CYFIP2;CYFIP2;CYFIP2;CYFIP2"
"chr1",149889364,149889544,-0.169522046802993,0.0413845663303315,149889544,149889544,-0.181981544508372,0.651742361189071,TRUE,0.124420919799491,1702,"SV2A;SV2A; SV2A"
"chr8",29664061,29664061,-0.157962729144696,0.827265941152281,29664061,29664061,-0.405843169455161,0.0326414934165703,TRUE,0.124533339828558,1703,""
"chr12",13349652,13349652,-0.198643597015053,0.316584370846718,13349652,13349652,-0.330390165585277,0.0853273533348527,TRUE,0.124569855761541,1704,"EMP1;EMP1"
"chr7",28278486,28278486,0.270693393975215,0.0683656258753554,28278486,28278486,0.218263412403708,0.39570620027952,TRUE,0.124712101234807,1705,"JAZF1-AS1"
"chr4",116593057,116593057,0.173351520804859,0.573748130091961,116593023,116593057,0.218096370940726,0.0471770418467304,TRUE,0.124766381948497,1706,""
"chr10",30722678,30722678,-0.154726690525417,0.893643206646443,30722678,30722678,-0.411413386020074,0.0305149030135069,TRUE,0.125493637289453,1707,"MAP3K8"
"chr17",68340676,68340676,-0.193869974426754,0.35386109935693,68340676,68340676,-0.338038756130804,0.0771352206064971,TRUE,0.125586261773744,1708,""
"chr21",40759659,40759659,0.285357551933015,0.0520914660675014,40759659,40759659,0.197715114589794,0.525534386482579,TRUE,0.125876756721075,1709,"WRB;WRB"
"chr18",30105947,30105947,0.256431798766152,0.0901697965897645,30105947,30105947,0.237348602586454,0.303750038630076,TRUE,0.125924329455439,1710,""
"chr1",151170780,151170780,-0.248692760015454,0.105577540839984,151170780,151170780,-0.248655842873406,0.259721301011345,TRUE,0.126038200977653,1711,"PIP5K1A;PIP5K1A;PIP5K1A;PIP5K1A"
"chr4",1512248,1512248,0.258078220767584,0.0872449922223745,1512248,1512248,0.234852273897129,0.314468935516007,TRUE,0.126092516135507,1712,""
"chr5",135527376,135527376,0.277872563660877,0.0597133900315277,135527376,135527376,0.207237015558933,0.460861322499818,TRUE,0.126393552919233,1713,"LOC389332"
"chr2",211324930,211324930,0.151080104173007,0.974800940466896,211324894,211324930,0.25659585378187,0.0282932318677565,TRUE,0.12661149034233,1714,"LANCL1;LANCL1;LANCL1;LANCL1-AS1;LANCL1-AS1;LANCL1-AS1"
"chr5",139682831,139682850,-0.170351066833751,0.0409807853911758,139682850,139682850,-0.179600229315543,0.673110639621578,TRUE,0.126627050582492,1715,"PFDN1"
"chr1",156265487,156265487,-0.228328645771222,0.162236499412953,156265487,156265487,-0.279075485535069,0.170693806698331,TRUE,0.127015197795234,1716,"GLMP;GLMP;GLMP;GLMP;GLMP"
"chr2",242878809,242878809,-0.191443996339376,0.374365274243246,242878672,242878809,-0.174247072577265,0.0743396813483013,TRUE,0.127507759894931,1717,""
"chr10",27546458,27546458,-0.22473848869718,0.175531471073789,27546458,27546458,-0.284086292233722,0.159354121665604,TRUE,0.128014088222758,1718,""
"chr9",116037712,116037712,-0.274011955274804,0.0641914845430868,116037712,116037712,-0.211139852305648,0.436671187482156,TRUE,0.128224715800237,1719,"PRPF4;CDC26;CDC26"
"chr10",1108248,1108248,-0.164357628315392,0.710556115120777,1108248,1108248,-0.390185746080063,0.0395261813415716,TRUE,0.128421250283375,1720,"WDR37"
"chr7",30387954,30387954,-0.209188650659148,0.248783442299555,30387954,30387954,-0.309446125423148,0.112925619789968,TRUE,0.128451452905224,1721,"ZNRF2"
"chr7",5463372,5463375,-0.162211505484614,0.0445634099970797,5463375,5463375,-0.18424183114422,0.631985116724488,TRUE,0.128699233036992,1722,"TNRC18"
"chr2",75067716,75067716,-0.298770886092154,0.0412512143227506,75067716,75067716,-0.178365237865618,0.684498710939729,TRUE,0.12895969738286,1723,"HK2"
"chr14",69443362,69443362,0.213453286365298,0.225891595992586,69443362,69443362,0.301848817604373,0.125131257668211,TRUE,0.129065613351145,1724,"ACTN1;ACTN1;ACTN1"
"chr11",13894916,13894939,-0.172698330643527,0.0398342561192927,13894916,13894916,-0.175656021875127,0.710059301960724,TRUE,0.129131881605728,1725,""
"chr4",138950261,138950261,0.315824461645943,0.0311902150915733,138950261,138950261,0.157356204223638,0.907508130362202,TRUE,0.129205641778643,1726,""
"chr15",83350421,83350421,0.186082093708656,0.424492219394597,83350421,83350421,0.349003360272036,0.0667900297633929,TRUE,0.129371270339383,1727,"CPEB1-AS1;AP3B2;AP3B2;AP3B2"
"chr11",34288225,34288225,-0.204002649920529,0.279891709230045,34288225,34288225,-0.317447570293755,0.101407127318641,TRUE,0.129482300443142,1728,"ABTB2"
"chr7",100030314,100030314,-0.313668716036379,0.0322592661020687,100030314,100030314,-0.159497171929102,0.882080291457629,TRUE,0.129739555694396,1729,"MEPCE"
"chr7",131244901,131244901,0.274632823833304,0.0634241517620345,131244901,131244901,0.208973161402486,0.449954331918489,TRUE,0.130033831812464,1730,""
"chr2",75427088,75427088,-0.191921441757852,0.370109184749894,75427032,75427088,-0.168632480981196,0.0771977806522983,TRUE,0.130153438484611,1731,"TACR1;TACR1"
"chr8",143997369,143997369,0.274949707543205,0.0630404853715083,143997369,143997369,0.208417402570898,0.453417015415111,TRUE,0.130196174953574,1732,"CYP11B2"
"chr1",93348522,93348522,-0.176878728822979,0.527829595503877,93348522,93348522,-0.365185320718998,0.054210460265235,TRUE,0.130303718724357,1733,"FAM69A;FAM69A;FAM69A;FAM69A"
"chr12",25866367,25866367,0.183503220639436,0.450909326594711,25866337,25866367,0.191906281703016,0.0635986779077244,TRUE,0.130528791968073,1734,""
"chr21",32013856,32013856,0.223708637289707,0.1795327762845,32013856,32013856,0.283817459370224,0.159947840561813,TRUE,0.13066601188097,1735,"KRTAP20-3"
"chr12",131248611,131248611,0.260449532760942,0.0832734863429665,131248611,131248611,0.22817707859718,0.344933346857933,TRUE,0.130694137980304,1736,""
"chr2",190928567,190928567,0.177990959800714,0.514068264308149,190928567,190928825,0.203910994105852,0.0558798811028283,TRUE,0.130702200501836,1737,"MSTN"
"chr4",89134001,89134001,-0.245176499831182,0.113553331863233,89134001,89134001,-0.250466878505471,0.253274420618408,TRUE,0.130823165604564,1738,"ABCG2"
"chr10",76586143,76586143,-0.245545615558941,0.112710010787358,76586143,76586143,-0.249898312305908,0.25527374794753,TRUE,0.13086487022713,1739,"KAT6B;KAT6B;KAT6B"
"chr2",44172074,44172074,0.159400102263,0.799333537955408,44172074,44172074,0.397775155522714,0.0360045470325597,TRUE,0.13089231599342,1740,"LRPPRC"
"chr1",25605762,25605762,-0.26518198913308,0.0759972346220551,25605762,25605762,-0.221429567742996,0.378701334656919,TRUE,0.130894488195286,1741,"RHD;RHD;RHD;RHD;RHD;RHD;RHD;RHD"
"chr6",31527920,31527920,-0.162898632714755,0.735494430504979,31527920,31528154,-0.232644692725884,0.039176612047185,TRUE,0.131014839123695,1742,""
"chr8",6688074,6688074,0.233497026806691,0.145159992609766,6688074,6688074,0.267985396037564,0.198787741208641,TRUE,0.131163235635234,1743,"XKR5"
"chr2",25585661,25585661,-0.211764578330091,0.234724117790797,25585661,25585661,-0.302759620378862,0.123590566155632,TRUE,0.131707617446628,1744,""
"chr1",184680750,184680750,0.154653916841355,0.895191281907634,184680750,184680911,0.246616558463726,0.0324616332848919,TRUE,0.131883464306103,1745,"EDEM3"
"chr5",177398429,177398429,0.172749150875862,0.581954865932808,177398429,177398433,0.213306642420984,0.0500398782695801,TRUE,0.132101293016109,1746,""
"chr1",85947768,85947768,0.275755761664875,0.0620951015859204,85947768,85947768,0.205784785340385,0.470187092885051,TRUE,0.132367707386247,1747,"DDAH1"
"chr10",98744566,98744566,-0.171440554003882,0.60031423394859,98744464,98744566,-0.215454511692259,0.0487452161678919,TRUE,0.132601323351017,1748,"C10orf12"
"chr1",40204384,40204384,-0.153255133262842,0.925606714385329,40204384,40204393,-0.248550345875669,0.0316168094933065,TRUE,0.132609389277753,1749,"PPIE;PPIE;PPIE"
"chr1",35208607,35208607,-0.153898989160376,0.91180738904219,35208607,35208614,-0.247311917442082,0.0321564650807043,TRUE,0.132806285427906,1750,""
"chr3",70766545,70766545,0.241763157900737,0.121797316868209,70766545,70766545,0.253924344192084,0.241421547709968,TRUE,0.133102620376448,1751,""
"chr2",240081575,240081575,0.15622541666898,0.862128178843667,240081575,240081575,0.402226941502111,0.0341112785310841,TRUE,0.133116013103715,1752,"HDAC4"
"chr8",3101893,3102222,-0.159231967859991,0.0456831198707901,3101893,3101893,-0.182885548968127,0.64379197190693,TRUE,0.133123529314994,1753,"CSMD1"
"chr14",34145087,34145087,0.254513285420848,0.0938053150087312,34145087,34145087,0.234957999616276,0.314004509887533,TRUE,0.133281711336647,1754,"NPAS3;NPAS3;NPAS3;NPAS3"
"chr1",74664419,74664419,-0.207627021215701,0.257731436506565,74664419,74664419,-0.308510369285276,0.114354049104974,TRUE,0.133342832552844,1755,"FPGT;FPGT;FPGT;LRRIQ3;FPGT-TNNI3K;FPGT-TNNI3K"
"chr3",57875387,57875583,0.190413939679517,0.0305830537162746,57875387,57875387,0.152814609102249,0.963713293626252,TRUE,0.133345165909023,1756,"SLMAP;SLMAP;SLMAP;SLMAP;SLMAP"
"chr3",72870430,72870453,-0.178790365630112,0.0366375328537628,72870453,72870453,-0.166326276304331,0.80514523292075,TRUE,0.133434105924495,1757,"SHQ1"
"chr3",81866096,81866096,-0.162897313779202,0.735517524986739,81866096,81866096,-0.388804789480871,0.0402137027103012,TRUE,0.133713575789563,1758,""
"chr5",6746160,6746160,0.192160585027327,0.368077615338312,6745972,6746160,0.160247727087612,0.0804903414282173,TRUE,0.13388538173701,1759,"PAPD7;PAPD7;PAPD7;PAPD7"
"chr11",62190604,62190604,0.169118802497516,0.634472462437943,62190604,62190604,0.376762667569308,0.046783297039233,TRUE,0.134082470255411,1760,"SCGB1A1"
"chr15",79724519,79724519,0.300094052138751,0.0402566616405128,79724519,79724519,0.17283732842985,0.737611813863111,TRUE,0.134121422970175,1761,"KIAA1024"
"chr1",216860692,216860692,-0.184259286334184,0.443053477879956,216860692,216860692,-0.34863171991248,0.0671132817308199,TRUE,0.13426552678294,1762,"ESRRG;ESRRG;ESRRG;ESRRG;ESRRG"
"chr11",2151349,2151349,0.155428255817928,0.878725661396158,2151342,2151349,0.243511892528301,0.0338593841158991,TRUE,0.134329983082298,1763,"IGF2;IGF2;IGF2;IGF2;IGF2;INS-IGF2"
"chr4",141877033,141877033,0.209887338375026,0.244837265851754,141877033,141877033,0.303742558042958,0.121964004964801,TRUE,0.134710173868497,1764,"RNF150"
"chr10",50605613,50605613,0.182145709852222,0.465531858465096,50605613,50605707,0.191024492041276,0.0641733731361599,TRUE,0.134757277525485,1765,""
"chr2",242040840,242040840,0.156399563986963,0.858614837683042,242040840,242040840,0.400580790187603,0.0347992886501715,TRUE,0.134772850550524,1766,"MTERFD2;MTERFD2;MTERFD2;MTERFD2"
"chr16",85878940,85878940,0.2788959143343,0.0585869753082741,85878940,85878940,0.199606291102991,0.512031943520309,TRUE,0.135191136315272,1767,""
"chr6",30432583,30432583,0.295611342133319,0.0435561925990381,30432583,30432583,0.177879838806433,0.689014914630727,TRUE,0.135234838350562,1768,""
"chr19",51330469,51330469,0.181276551896686,0.475212171238877,51330453,51330469,0.19218423563683,0.0634215622972861,TRUE,0.135682770490805,1769,"KLK15;KLK15;KLK15"
"chr21",47859823,47859823,0.182509674697311,0.461663160278683,47859823,47859926,0.188627702959912,0.0657128615709354,TRUE,0.136377285908466,1770,"PCNT"
"chr2",202118126,202118126,-0.169863916217385,0.623200865372581,202118126,202118126,-0.373567193584171,0.0487123571053737,TRUE,0.136448500093753,1771,"CASP8;CASP8;CASP8;CASP8"
"chr2",209056013,209056013,0.182056540780614,0.466529391080464,209056013,209056051,0.189624152997972,0.0650737264876301,TRUE,0.136452773717942,1772,"C2orf80"
"chr18",11917416,11917416,0.193764698596608,0.354690265750437,11917416,11917416,0.33011727353006,0.08564019116004,TRUE,0.136511955289729,1773,""
"chr12",75728104,75728104,-0.187754257746364,0.408051928314729,75728104,75728104,-0.340729574922041,0.0744508156604337,TRUE,0.136526129695321,1774,"GLIPR1L1"
"chr3",194784405,194784405,-0.304880717000491,0.0371821156333252,194784405,194784405,-0.165218932955101,0.817187177025304,TRUE,0.136543421738898,1775,""
"chr5",176423139,176423139,0.190887721463755,0.379212880462962,176423139,176423596,0.160514222142987,0.0804052612697749,TRUE,0.13691345092778,1776,"UIMC1;UIMC1;UIMC1"
"chr1",245132888,245132888,-0.177364204077485,0.521750531918064,245132888,245132888,-0.358904289038638,0.0587470410865357,TRUE,0.137473538605875,1777,"LOC101928068;EFCAB2;EFCAB2;EFCAB2;EFCAB2"
"chr2",65593761,65593908,-0.174908853348385,0.0386825119644315,65593908,65593908,-0.167505817057859,0.792508667611634,TRUE,0.137490705998447,1778,"SPRED2;SPRED2;SPRED2"
"chr12",121688459,121688459,0.169357809916052,0.630806399704391,121688441,121688459,0.215363818080968,0.0488005953430512,TRUE,0.137934774851399,1779,"CAMKK2;CAMKK2;CAMKK2;CAMKK2;CAMKK2;CAMKK2;CAMKK2"
"chr12",27863218,27863218,-0.27421380997744,0.0639314853774681,27863218,27863218,-0.204034615925069,0.481687952747315,TRUE,0.137974100093393,1780,"MRPS35"
"chr14",101514888,101514888,0.162916621137815,0.73517930257645,101514879,101514888,0.227406044828127,0.0419207949216281,TRUE,0.138058575431983,1781,"MIR544A;MIR381HG;MIR655"
"chr20",54978749,54978749,0.170872672467664,0.608405497380639,54978749,54978854,0.212239132439432,0.0506857430693507,TRUE,0.138121843192114,1782,"CSTF1;CSTF1;CSTF1"
"chr1",111764738,111764738,-0.172952590464827,0.579158943673304,111764738,111764738,-0.366476075307959,0.0533206338445487,TRUE,0.138273627388678,1783,""
"chr20",51054978,51054978,-0.213653481033764,0.224921627758673,51054978,51054978,-0.294961012624182,0.137403440787481,TRUE,0.138356675965538,1784,""
"chr9",123074456,123074456,-0.208564487516218,0.252293058543766,123074456,123074456,-0.303015804656349,0.123166969980126,TRUE,0.138944376471933,1785,""
"chr7",2397685,2397685,0.221180130562044,0.18979119608556,2397685,2397685,0.281758738802814,0.164524461316274,TRUE,0.139468613757444,1786,"EIF3B;EIF3B"
"chr9",129087633,129087633,0.248508059775984,0.105988771611965,129087633,129087633,0.239486003573668,0.294865384240869,TRUE,0.139562633487287,1787,"MVB12B;MVB12B"
"chr2",73659423,73659423,0.191497555124065,0.373881035109572,73659423,73659423,0.331904904202003,0.0836287578605156,TRUE,0.139613875597641,1788,"ALMS1;ALMS1"
"chr9",132725318,132725318,-0.184212444063477,0.443516112498436,132725318,132725318,-0.344833124194683,0.0705370907759047,TRUE,0.139673228611375,1789,"FNBP1"
"chr10",45146765,45146765,0.252973687180535,0.0967353342590992,45146765,45146765,0.232610067515534,0.324421998187413,TRUE,0.140015151026422,1790,""
"chr2",85073409,85073409,-0.235458584561119,0.139089123840061,85073409,85073409,-0.25869059870038,0.226007301328807,TRUE,0.140195406585825,1791,"TRABD2A;TRABD2A;TRABD2A"
"chr1",90452985,90452985,-0.297868756750507,0.0419023297117213,90452985,90452985,-0.171174926255176,0.754363356415634,TRUE,0.140798402598635,1792,""
"chr14",71431968,71431968,0.288705905829277,0.0491346274189607,71431968,71431968,0.182847762314455,0.644122329552636,TRUE,0.140933540088647,1793,"PCNX;PCNX"
"chr11",85436702,85436702,0.27910739280752,0.0583441107581546,85436702,85436702,0.195353131576052,0.54289769409837,TRUE,0.141023904495877,1794,"SYTL2;SYTL2;SYTL2;SYTL2"
"chr4",2933715,2933715,0.177950032795443,0.514553248425105,2933715,2933715,0.355215067716633,0.0616113061642774,TRUE,0.141118533938541,1795,"MFSD10;MFSD10"
"chr14",22553440,22553440,0.17174095510196,0.596058144455238,22553340,22553440,0.208127558209678,0.0532123192460191,TRUE,0.141171469164388,1796,""
"chr17",19771612,19771612,0.17430298990649,0.561008170976643,19771612,19771783,0.202819478674003,0.0565798468075917,TRUE,0.141254695623194,1797,"ULK2;ULK2"
"chr17",11410158,11410158,-0.18382970809555,0.447465268879366,11410158,11410161,-0.180077092510104,0.0710021555394627,TRUE,0.141355571486764,1798,"SHISA6;SHISA6;SHISA6"
"chr8",17355443,17355443,-0.15960508210379,0.795478994451364,17355239,17355443,-0.23100847814723,0.0400215110311332,TRUE,0.141580643280484,1799,"SLC7A2"
"chr6",21192084,21192084,-0.271713985612267,0.0670417905822193,21192084,21192084,-0.204986318477525,0.475394351985827,TRUE,0.141701333668701,1800,"CDKAL1"
"chr7",151139071,151139071,0.204849235124819,0.274565078759633,151139071,151139071,0.307322464506973,0.116211187676152,TRUE,0.141826216197552,1801,"CRYGN"
"chr12",127211421,127211421,0.293274570778145,0.0453165880957631,127211421,127211421,0.17592607097327,0.707471256027514,TRUE,0.14235171624835,1802,""
"chr6",26034022,26034056,-0.161287292348003,0.0449418615046278,26034022,26034022,-0.174933949187123,0.717038017935334,TRUE,0.142918365249989,1803,"HIST1H2AB"
"chr4",81957740,81957740,0.185069085555504,0.434733504580157,81957740,81958111,0.173798131711389,0.074579281812178,TRUE,0.143594767732668,1804,"BMP3"
"chr10",80999841,80999841,-0.165197134114635,0.69650573041141,80999807,80999841,-0.218884387054179,0.0467082926573981,TRUE,0.143973409426284,1805,"ZMIZ1"
"chr8",134465720,134465835,-0.164245756334246,0.0437916073163318,134465835,134465835,-0.172209040656551,0.743883007300502,TRUE,0.144121496629153,1806,""
"chr1",248738226,248738226,0.214580256253757,0.220241642777536,248738226,248738226,0.289257558893198,0.148489953134856,TRUE,0.144558989318185,1807,"OR2T34"
"chr7",74074356,74074356,-0.18885384360678,0.397669096305479,74074356,74074356,-0.333143649442802,0.082279618892021,TRUE,0.144615045026909,1808,"GTF2I;GTF2I;GTF2I;GTF2I;GTF2I"
"chr2",58029565,58029565,0.177149756960084,0.524453331267246,58029503,58029565,0.193200504321625,0.0627646818163738,TRUE,0.145288436646354,1809,""
"chr9",139652030,139652030,-0.285610216862913,0.0518776558654024,139652030,139652030,-0.183870883752849,0.635190191186357,TRUE,0.145408007825443,1810,"LCN8"
"chr14",78023855,78023855,-0.169636160095802,0.626577129609212,78023855,78023855,-0.367494144136702,0.0526267963173488,TRUE,0.145485020696312,1811,"SPTLC2"
"chr15",40583709,40583709,0.171560891733333,0.598607477248211,40583422,40583709,0.205119245860463,0.0551136709264895,TRUE,0.145542026217444,1812,"PLCB2;PLCB2;PLCB2"
"chr18",5892337,5892337,0.150155155515087,0.996342132082556,5892294,5892337,0.245026557075816,0.0331660729352384,TRUE,0.145723817534554,1813,"TMEM200C"
"chr17",57401781,57401781,-0.239834297375968,0.126790939811311,57401781,57401781,-0.248310719771261,0.26095362864432,TRUE,0.145866324616932,1814,""
"chr1",117952883,117952883,0.265023512288507,0.0762184946569799,117952883,117952883,0.21147293916864,0.434654904275235,TRUE,0.146010096429497,1815,"MAN1A2"
"chr12",32201102,32201102,0.245638148978823,0.112490985702281,32201102,32201102,0.239352517785198,0.295408949831129,TRUE,0.146357835049717,1816,""
"chr6",49833873,49833873,0.284433600054675,0.0529072227619212,49833873,49833873,0.184693647506099,0.628106694654267,TRUE,0.146359662667288,1817,"CRISP1;CRISP1"
"chr8",54965529,54965529,0.224954668446021,0.174691874914327,54965529,54965529,0.270880437474226,0.191040747267716,TRUE,0.146842375466113,1818,"LYPLA1;LYPLA1;LYPLA1;LYPLA1;LYPLA1;LYPLA1"
"chr11",47737706,47737706,0.151482962216668,0.965370197092777,47737706,47737706,0.401049304660903,0.0345991641767342,TRUE,0.146936665039214,1819,"AGBL2"
"chr14",95658093,95658093,-0.179659243859198,0.493939560996251,95657897,95658093,-0.185378015710341,0.0677697110575558,TRUE,0.147185198188109,1820,"CLMN"
"chr3",171489254,171489625,0.181963654803808,0.0349024667886453,171489625,171489625,0.153140017423886,0.959584105026286,TRUE,0.147245357547458,1821,"PLD1;PLD1"
"chr11",76397657,76397657,-0.167844307282447,0.654122886482427,76397220,76397657,-0.211364198857191,0.0512205111531704,TRUE,0.147288341502254,1822,"GUCY2EP"
"chr16",17331473,17331473,-0.273247627240644,0.0651271835460012,17331473,17331473,-0.199071734855054,0.515813292250231,TRUE,0.14759033278578,1823,"XYLT1"
"chr19",42747827,42747827,-0.288600043655975,0.0492344551788258,42747827,42747827,-0.17848726484329,0.683367892996456,TRUE,0.14776600077726,1824,"GSK3A"
"chr2",109086209,109086209,0.167943622219421,0.652581516070779,109086209,109086607,0.210724990806563,0.0516110602852513,TRUE,0.14788530230419,1825,"GCC2;GCC2"
"chr19",48614116,48614116,-0.174266879734216,0.561498369976578,48614090,48614116,-0.197142423298679,0.0602300976530734,TRUE,0.148355250841901,1826,"PLA2G4C;PLA2G4C;PLA2G4C"
"chr8",144512759,144512759,0.188798670908674,0.398160040288696,144512759,144512759,0.330655617859163,0.0850275237884198,TRUE,0.148475327858114,1827,"MAFA"
"chr8",81143546,81143546,-0.162249309191062,0.746858405497381,81143546,81143807,-0.221276391824354,0.0453322724192233,TRUE,0.148482865664014,1828,""
"chr10",45406764,45406764,-0.177317812588198,0.522286919881518,45406764,45406764,-0.35107609828725,0.0650228964504167,TRUE,0.148834199962653,1829,"TMEM72;TMEM72"
"chr12",114886059,114886059,0.162479902406899,0.742801971523759,114885621,114886059,0.220466110646417,0.0457933895837373,TRUE,0.149019559481012,1830,""
"chr2",118846169,118846289,-0.165223402298928,0.0433729267115246,118846169,118846169,-0.167834236106775,0.789022524097836,TRUE,0.149718097442411,1831,"INSIG2"
"chr8",29316633,29316633,-0.161054812276411,0.768537419020317,29316633,29316865,-0.222402696654623,0.0446840766562077,TRUE,0.15012007073948,1832,""
"chr1",184861111,184861111,0.269515626173806,0.0699010364207427,184861111,184861111,0.202543581130719,0.491710267584806,TRUE,0.150220095501534,1833,"FAM129A"
"chr17",66255048,66255048,0.183333054787993,0.452713676105108,66254884,66255048,0.170840622600412,0.0761218907300073,TRUE,0.150524551193911,1834,"ARSG"
"chr3",194868427,194868438,-0.171500393405267,0.0404004434140498,194868427,194868427,-0.161955222813072,0.853677654702083,TRUE,0.150617275051292,1835,"XXYLT1-AS2;XXYLT1-AS2;XXYLT1;XXYLT1"
"chr15",36945858,36945858,0.205678277021109,0.269451513508037,36945858,36945858,0.300087257490997,0.128154629785515,TRUE,0.150760362002098,1836,"C15orf41;C15orf41;C15orf41;C15orf41"
"chr1",78280850,78280850,0.279172989744781,0.0582725923630274,78280850,78280850,0.188847337000974,0.593477904686612,TRUE,0.150935473539368,1837,"FAM73A"
"chr2",65591401,65591401,0.27926392832,0.0581757445362926,65591401,65591401,0.188463405024769,0.596597598220588,TRUE,0.15135247966002,1838,"SPRED2;SPRED2"
"chr5",65519915,65519915,0.167784766489565,0.655063055385037,65519915,65519915,0.366922539560002,0.0530163303525326,TRUE,0.151424830590543,1839,""
"chr2",233216865,233216865,0.183235761145237,0.453775277282778,233216865,233217079,0.169839017326834,0.0766215063842452,TRUE,0.151558898841374,1840,""
"chr7",92465103,92465103,-0.158909986943275,0.808650298887293,92464980,92465103,-0.225289035185558,0.0430745465355382,TRUE,0.151771466637102,1841,"CDK6"
"chr4",39449130,39449130,0.152978828133515,0.931647038840448,39449130,39449130,0.394616964042641,0.0374244796105757,TRUE,0.151886134524023,1842,"KLB"
"chr1",9714810,9714810,-0.17692974395258,0.52716805034895,9714810,9714810,-0.349560857083793,0.0663090618151151,TRUE,0.15218678220074,1843,"C1orf200;PIK3CD"
"chr4",148511613,148511613,-0.287088790501985,0.0505277461573762,148511613,148511613,-0.177481400783252,0.692737011778808,TRUE,0.152342432015217,1844,""
"chr20",21000992,21000992,0.264724017079724,0.0766639946599598,21000992,21000992,0.207893424354736,0.456696229546643,TRUE,0.152375006732012,1845,""
"chr10",127817454,127817454,0.163425918200019,0.726422769073062,127817454,127817454,0.374367723936075,0.0482205614568611,TRUE,0.152429830801638,1846,"ADAM12;ADAM12"
"chr22",22555928,22555928,-0.243769119347234,0.116848392922063,22555928,22555928,-0.238261705251918,0.299913348321176,TRUE,0.15248304710421,1847,""
"chr1",45196869,45196876,-0.169951280613967,0.0411789509443408,45196869,45196869,-0.162116118046663,0.851848713266933,TRUE,0.152596445425758,1848,""
"chr9",674352,674352,-0.249743704448554,0.103359725607757,674352,674352,-0.229124807537197,0.340442858954993,TRUE,0.152964270549424,1849,"KANK1;KANK1;KANK1"
"chr3",99918916,99918916,0.28083740346014,0.0565472110805834,99918916,99918916,0.185016261128557,0.625354391004647,TRUE,0.153546114627115,1850,""
"chr9",100700763,100700763,-0.304817131575563,0.037210424998063,100700763,100700763,-0.153874864525435,0.950330820078737,TRUE,0.153546672611656,1851,"HEMGN;HEMGN"
"chr11",43701446,43701446,0.183162921877492,0.454567194512155,43701433,43701446,0.166770369992522,0.0780350852076095,TRUE,0.153914053999427,1852,"HSD17B12"
"chr2",225792829,225792829,-0.154155589733005,0.906193940007986,225792563,225792829,-0.23252450176825,0.0392391720929862,TRUE,0.154201472081688,1853,"DOCK10;DOCK10"
"chr1",50568331,50568331,0.290392999579781,0.0476729702185483,50568331,50568331,0.171973271491241,0.746273034146431,TRUE,0.154264035285355,1854,"ELAVL4;ELAVL4"
"chr13",48730248,48730248,-0.181606180937035,0.471561753154259,48730248,48730248,-0.339668116754379,0.0755035087388188,TRUE,0.154355815580742,1855,""
"chr14",68167855,68167855,0.242048598587664,0.121149926395652,68167855,68167855,0.239694603629594,0.294017364773867,TRUE,0.154407893079932,1856,"RDH12"
"chr6",42928056,42928056,-0.157019025583355,0.845869663684747,42928056,42928079,-0.226920011418349,0.0421846825186705,TRUE,0.154616469656672,1857,"GNMT"
"chr20",62131189,62131260,0.173895637194347,0.0392457193260583,62131189,62131189,0.157198996399975,0.90940583521308,TRUE,0.15464161016808,1858,"EEF1A2"
"chr4",159082678,159082678,-0.15960566138472,0.795466329735561,159082678,159082678,-0.380003539784638,0.0449050294141244,TRUE,0.154742092907962,1859,"FAM198B;FAM198B;FAM198B"
"chr3",138479392,138479392,0.213433242020967,0.225993658702299,138479392,138479392,0.284553127936729,0.158337069767159,TRUE,0.154951072126976,1860,"PIK3CB"
"chr5",76146148,76146148,-0.256095186795486,0.0907724880653678,76146148,76146148,-0.218480790668835,0.394522183739606,TRUE,0.155046261723063,1861,"S100Z"
"chr4",106326800,106326800,0.197923853097301,0.321937075732021,106326800,106326800,0.310526630206015,0.11129747955952,TRUE,0.15510959964349,1862,"PPA2;PPA2;PPA2;PPA2"
"chr5",81574714,81574714,-0.205002900393133,0.273598835442133,81574714,81574714,-0.298484630648313,0.130967914441317,TRUE,0.1551158705517,1863,"ATP6AP1L;RPS23"
"chr10",124027408,124027408,-0.197305745841861,0.32656863679979,124027408,124027408,-0.311489661854511,0.10985795937101,TRUE,0.155260635002925,1864,""
"chr3",112400627,112400627,0.228916800187777,0.160152036188308,112400627,112400627,0.259255466839048,0.224243363691247,TRUE,0.155383298601424,1865,""
"chr2",118617841,118617841,0.169092303305765,0.634900827825424,118617841,118617841,0.361723914058145,0.0566541368619806,TRUE,0.155571965305595,1866,""
"chr2",103352342,103352342,0.292978769041535,0.0455274183647319,103352342,103352342,0.167694764774442,0.790495504887767,TRUE,0.155636669935718,1867,"MFSD9"
"chr10",111967167,111967167,-0.16614782909994,0.680878216092831,111967167,111967167,-0.366873457118263,0.0530492270112322,TRUE,0.156071426233222,1868,"MXI1"
"chr5",178411451,178411451,0.163883663260039,0.71864588858626,178411249,178411451,0.212600997642498,0.0504682115639387,TRUE,0.156564971555405,1869,"GRM6"
"chr3",20235591,20235591,0.153439295628144,0.921671712686767,20235490,20235591,0.232056387310188,0.039479900442304,TRUE,0.156958596490304,1870,""
"chr1",564501,564501,0.166476677731595,0.675590324753113,564501,564504,0.207080495438255,0.0538715306901764,TRUE,0.156983703829243,1871,"LOC101928626"
"chr3",76181421,76181421,-0.156900713334446,0.84835865283183,76181421,76181421,-0.383531715061682,0.0429564569298522,TRUE,0.157140714539478,1872,""
"chr3",65342546,65342546,0.152798849109804,0.935675163449332,65342216,65342546,0.233061677313847,0.0389658478544198,TRUE,0.157196664317932,1873,"MAGI1;MAGI1"
"chr15",85365662,85365662,0.253456736561594,0.09580112522275,85365662,85365662,0.220268207743494,0.384834474916317,TRUE,0.158546163986143,1874,"ALPK3"
"chr6",17615976,17615976,0.269128467204522,0.0704046451197635,17615976,17615976,0.197818106339058,0.524780846219362,TRUE,0.158808242684792,1875,"NUP153"
"chr4",165877875,165877875,0.17253667224301,0.584895314949132,165877875,165878037,0.192489482135785,0.0632254230190741,TRUE,0.158917876976174,1876,"C4orf39;TRIM61"
"chr13",114193150,114193155,0.160860281775999,0.0450983079939686,114193150,114193150,0.1645793197249,0.824220144289633,TRUE,0.159546129659067,1877,"TMCO3"
"chr1",227635558,227635558,-0.168489567015975,0.644071572033924,227635558,227635558,-0.360038526187973,0.0578939085388673,TRUE,0.159930763961696,1878,""
"chr16",31224646,31224646,0.160628238109012,0.776362723420486,31224646,31224646,0.374639061147402,0.0480525817184959,TRUE,0.159991319846273,1879,"TRIM72"
"chr10",70385254,70385254,-0.168354716768008,0.646161250141547,70385254,70385254,-0.360236116357175,0.0577492008367707,TRUE,0.160021121955496,1880,"TET1"
"chr19",37178806,37178806,-0.2182918254361,0.202563934465311,37178806,37178806,-0.273285230533116,0.184814180497613,TRUE,0.160420103481044,1881,"ZNF567;LINC01534;LINC01534;ZNF567"
"chr8",57975570,57975570,0.266554939664975,0.0740200489901007,57975570,57975570,0.200175092287852,0.50802001741004,TRUE,0.160968275141903,1882,""
"chr13",99974673,99974673,-0.19764369759689,0.323993974575211,99974673,99974673,-0.307409949739567,0.116071141900546,TRUE,0.160977080390239,1883,"UBAC2;UBAC2;UBAC2"
"chr17",74666659,74666659,-0.169158999382103,0.633854871296688,74666659,74666659,-0.358121537481379,0.059339857674392,TRUE,0.160998427400424,1884,"LOC105274304"
"chr15",99509907,99509907,-0.239561956577491,0.127516553528539,99509907,99509907,-0.239356228821775,0.295392971454047,TRUE,0.161177615550086,1885,""
"chr2",55792613,55792683,0.153595196059733,0.0471067829237912,55792683,55792683,0.166800591148777,0.800044295820891,TRUE,0.161243252724283,1886,"PPP4R3B;PPP4R3B;PPP4R3B"
"chr11",1543206,1543275,-0.174601598392179,0.0388508781862935,1543275,1543275,-0.152189554297225,0.971692669564229,TRUE,0.161451708871106,1887,"HCCA2"
"chr16",84628855,84628855,0.198398765234971,0.318356686075964,84628855,84628855,0.305738453677457,0.118720244032302,TRUE,0.161596743956896,1888,"COTL1"
"chr1",203711066,203711066,0.244121409143123,0.115989427197254,203711066,203711066,0.232031707519392,0.327033353753073,TRUE,0.162045340157552,1889,"ATP2B4;ATP2B4"
"chr8",127568850,127568850,-0.171547647952723,0.598795958018702,127568850,127568854,-0.192194332725621,0.0634149829655462,TRUE,0.162176930060361,1890,"FAM84B"
"chr2",92045973,92045973,-0.286366634836506,0.0511840764293249,92045973,92045973,-0.172408707464966,0.741886386896437,TRUE,0.162177368526751,1891,""
"chr2",39356161,39356161,-0.1567495968253,0.851467468070016,39356161,39356161,-0.380460135723206,0.0446476459564593,TRUE,0.16231880491424,1892,""
"chr1",183773030,183773030,0.196994080413841,0.328968972936247,183773030,183773030,0.307722515319723,0.115578255962773,TRUE,0.162337252738975,1893,"RGL1;RGL1;RGL1;RGL1;RGL1"
"chr1",109254098,109254098,0.195648802527949,0.33940469875856,109254098,109254098,0.309975888027467,0.112115497273788,TRUE,0.162438161039803,1894,"FNDC7"
"chr12",110574194,110574194,0.151198496726069,0.972033327572129,110574194,110574220,0.232621470200851,0.0391884924404982,TRUE,0.162568872357374,1895,"IFT81;IFT81;IFT81"
"chr19",48231499,48231499,0.257376470400573,0.0885144437358826,48231499,48231499,0.212068836254695,0.431081500024475,TRUE,0.162779320557623,1896,"EHD2"
"chr19",56116263,56116263,-0.177231497793794,0.523418549487749,56116263,56116346,-0.176253258493256,0.0732272103415365,TRUE,0.163339196749634,1897,""
"chr18",5640693,5640693,0.202994809333498,0.286277705928279,5640693,5640693,0.296681056320875,0.134219344994817,TRUE,0.163650641642796,1898,""
"chr2",162357826,162357826,-0.282368463877581,0.0549335772905256,162357826,162357826,-0.17646643345626,0.702328699954877,TRUE,0.164163368545765,1899,"AHCTF1P1"
"chr16",73093309,73093470,-0.17324651277616,0.0395720220038262,73093470,73093470,-0.15178685614026,0.976823157262646,TRUE,0.164402343275833,1900,"ZFHX3"
"chr12",81469957,81469957,0.178884002239598,0.503208642998051,81469957,81470331,0.169337732106973,0.0768646408891707,TRUE,0.164480683546542,1901,""
"chr3",183003781,183003781,-0.282549348898316,0.0547354117373606,183003781,183003781,-0.17600586301235,0.70671203874091,TRUE,0.164491165386952,1902,"MCF2L2"
"chr3",186848672,186848672,-0.241878093607304,0.121567117033894,186848672,186848672,-0.233532821895943,0.320280590828502,TRUE,0.165314533684307,1903,"RPL39L"
"chr12",98897752,98897825,-0.167719161475093,0.0422435320551407,98897825,98897825,-0.156181342127085,0.921774715710835,TRUE,0.165325672245789,1904,"LOC643770; "
"chr16",420755,420755,-0.220739885209157,0.191672278874062,420755,420755,-0.266339144953338,0.203356165995562,TRUE,0.165451328796618,1905,"MRPL28"
"chr1",167485873,167485873,-0.208691967789293,0.25161437877334,167485873,167485873,-0.286037083081649,0.155170343410288,TRUE,0.165663318766201,1906,"CD247;CD247"
"chr17",74822890,74822890,0.202185371393068,0.291689264492905,74822890,74822890,0.296841767404599,0.133923350258884,TRUE,0.165731139053484,1907,""
"chr7",155242911,155242911,0.237331730928653,0.133682035175131,155242911,155242911,0.240084881805753,0.292432159382544,TRUE,0.165824911701577,1908,""
"chr16",26806372,26806372,-0.185439976844577,0.430980278802544,26806372,26806372,-0.325686404166477,0.0908312839028265,TRUE,0.165998525507573,1909,""
"chr2",101034825,101034825,0.178447824727658,0.508471949889444,101034613,101034825,0.169031786073386,0.0770099125339879,TRUE,0.166033807010903,1910,"CHST10"
"chr17",16343312,16343312,-0.240587509048081,0.124801089463552,16343312,16343312,-0.234962308695485,0.3139866141052,TRUE,0.166126112650274,1911,"LRRC75A-AS1;LRRC75A-AS1;LRRC75A-AS1;LRRC75A-AS1;LRRC75A-AS1;LRRC75A-AS1;LRRC75A-AS1;LRRC75A-AS1;LRRC75A-AS1;LRRC75A-AS1;LRRC75A-AS1;LRRC75A-AS1;LRRC75A-AS1;LRRC75A-AS1;LRRC75A-AS1;LRRC75A-AS1;LRRC75A-AS1;LRRC75A-AS1;LRRC75A-AS1;LRRC75A-AS1;LRRC75A-AS1;LRRC75A-AS1;SNORD65;SNORD49A;LRRC75A-AS1;LRRC75A-AS1;LRRC75A-AS1;LRRC75A-AS1;LRRC75A-AS1;LRRC75A-AS1;LRRC75A-AS1;LRRC75A-AS1;LRRC75A-AS1;LRRC75A-AS1"
"chr4",147176751,147176751,0.153993004104598,0.909746765282587,147176751,147177156,0.225275121781561,0.0430813514443663,TRUE,0.166149593387966,1912,"SLC10A7;SLC10A7"
"chr9",102729433,102729433,0.178364561612012,0.509459797722139,102729433,102729907,0.168860030087033,0.0770916090361068,TRUE,0.166414982203546,1913,"STX17"
"chr7",12713893,12713893,0.177499275784666,0.520102628897008,12713893,12713893,0.33950608678175,0.0756660746270666,TRUE,0.166670796683946,1914,""
"chr17",72707255,72707255,-0.169494039492593,0.628777065242656,72707255,72707255,-0.35401211360406,0.0625907242851707,TRUE,0.166675609257387,1915,"RAB37;CD300LF"
"chr8",58907821,58907821,-0.170626346039982,0.612006001585324,58907387,58907821,-0.190142335392067,0.064743669611375,TRUE,0.167541395138753,1916,"FAM110B"
"chr10",114746071,114746071,-0.230537789285589,0.154681623944359,114746071,114746071,-0.249570983663837,0.256432199084112,TRUE,0.167676429124209,1917,"TCF7L2;TCF7L2;TCF7L2;TCF7L2;TCF7L2;TCF7L2"
"chr4",26886485,26886485,-0.203444036698326,0.283455709253884,26886485,26886485,-0.293421532935334,0.140301316851368,TRUE,0.168011479228323,1918,"STIM2;STIM2;STIM2"
"chr7",98794180,98794180,0.246519315217174,0.110466121140242,98794180,98794180,0.225052762428591,0.360173936477342,TRUE,0.168068901385867,1919,"KPNA7"
"chr6",32634316,32634316,-0.208550732868211,0.252376496671415,32634316,32634316,-0.284843864290539,0.15770962709626,TRUE,0.168117859732984,1920,"HLA-DQB1"
"chr19",12848279,12848279,-0.211424534749996,0.236529957267759,12848279,12848279,-0.280085077180071,0.168351226233292,TRUE,0.168175578981226,1921,"ASNA1"
"chr13",107923615,107923615,0.189735571188369,0.389628491736645,107923615,107923615,0.316567405531054,0.102609265217976,TRUE,0.1686890190396,1922,"FAM155A"
"chr4",153768250,153768250,-0.17058525186999,0.612553564298017,153768250,153768250,-0.350678350523119,0.0653576528493432,TRUE,0.168867881740772,1923,"ARFIP1;ARFIP1;ARFIP1;ARFIP1;ARFIP1;ARFIP1"
"chr21",42799141,42799141,0.237889380918399,0.132128000047679,42799141,42799141,0.23750216070528,0.303102256425056,TRUE,0.16891045930289,1924,"MX1;MX1"
"chr9",137942560,137942560,0.219916209516233,0.195374845788461,137942560,137942560,0.265697944228927,0.205150819713302,TRUE,0.169016676446136,1925,""
"chr17",76259456,76259456,-0.250335627482515,0.102113368576009,76259456,76259456,-0.218805017552184,0.392750501288684,TRUE,0.169093123939651,1926,""
"chr12",47606375,47606375,0.209095786675468,0.249304930597357,47606375,47606375,0.283360452169577,0.160956508511813,TRUE,0.169164436557228,1927,"PCED1B-AS1;PCED1B;PCED1B"
"chr6",28829340,28829340,0.170181508419672,0.618520135408161,28829332,28829340,0.189874102117845,0.0649148450251567,TRUE,0.169241244637378,1928,""
"chr8",120685787,120685787,0.162672837471693,0.739442841902628,120685787,120686025,0.206123593856206,0.0544794985391252,TRUE,0.169669714232559,1929,""
"chr6",112409035,112409035,-0.267612731426281,0.0725174177091466,112409035,112409035,-0.19357647325128,0.556270956581448,TRUE,0.169845869522431,1930,"TUBE1;C6orf225"
"chr3",151152773,151152773,0.150478907596556,0.9887984313632,151152773,151152773,0.387175669095588,0.0410343521572651,TRUE,0.170600821819798,1931,""
"chr14",88199948,88199948,-0.178930886255706,0.502621596171382,88199948,88199948,-0.33447862810223,0.0808349480266629,TRUE,0.170776037305017,1932,""
"chr20",32700496,32700496,-0.231004884478718,0.153116414067668,32700496,32700496,-0.24704133538675,0.265587433190646,TRUE,0.170892635131239,1933,"EIF2S2"
"chr10",90344020,90344020,0.265074798322005,0.0761492112117004,90344020,90344020,0.196402085935503,0.535131488508765,TRUE,0.171161692485637,1934,"RNLS;RNLS"
"chr15",50400942,50400942,-0.262144682660891,0.0805610022111104,50400942,50400942,-0.200334360391269,0.50690412515077,TRUE,0.171439589848989,1935,"ATP8B4;ATP8B4;ATP8B4;ATP8B4"
"chr2",101130308,101130308,-0.163671808917787,0.72221882840949,101130308,101130308,-0.361708551610956,0.0566648893698527,TRUE,0.171720121551986,1936,""
"chr2",166467280,166467280,-0.21040391735516,0.241972805130253,166467280,166467280,-0.279743927968548,0.169138678252105,TRUE,0.171728144846702,1937,"CSRNP3;CSRNP3"
"chr16",84224564,84224564,0.177857574053883,0.515656568666599,84224564,84224564,0.335837078009245,0.0794041125560493,TRUE,0.171786600690395,1938,"ADAD2;ADAD2"
"chr6",110982724,110982724,0.208869975233118,0.250600456525756,110982724,110982724,0.282005983068356,0.163959465902632,TRUE,0.17224351735182,1939,"CDK19;CDK19;CDK19;CDK19"
"chr17",8897867,8897867,0.185123535622745,0.434174022134943,8897867,8897867,0.322455432967284,0.0948304273114302,TRUE,0.172513447594593,1940,""
"chr12",58334833,58334833,-0.166886015550118,0.669084385746384,58334492,58334833,-0.195080242576127,0.0615585211256327,TRUE,0.172561094330919,1941,"XRCC6BP1"
"chr17",22020822,22020822,0.163647311883729,0.722626334265059,22020806,22020822,0.202083634552347,0.0570541978279483,TRUE,0.172691913508172,1942,""
"chr3",141639452,141639452,0.201539375724949,0.296160654154921,141639452,141639452,0.293574957757417,0.140007051539778,TRUE,0.173442843002507,1943,"ATP1B3"
"chr15",86127551,86127551,-0.271970407790207,0.0667370924196461,86127551,86127551,-0.185017219855281,0.625346458210378,TRUE,0.174298889457802,1944,"AKAP13;AKAP13"
"chr11",95745282,95745282,-0.260056678979012,0.0839663207957613,95745282,95745282,-0.201658208157852,0.497748627870967,TRUE,0.174490438143914,1945,"MAML2"
"chr6",30956221,30956221,0.257239654464852,0.0887483684866112,30956221,30956221,0.205103887703108,0.474621976035743,TRUE,0.175529936875743,1946,"MUC21"
"chr19",36024282,36024282,0.160094353058158,0.786225557098499,36024282,36024282,0.365994067771437,0.0536517058177008,TRUE,0.175721243200186,1947,"GAPDHS"
"chr3",9988889,9989029,-0.15573496480775,0.0466799075028756,9989029,9989029,-0.157527155096254,0.905466206559586,TRUE,0.175989412940696,1948,"PRRT3;PRRT3-AS1"
"chr12",64936808,64936808,-0.184005591567781,0.44564080482034,64936808,64936808,-0.322373172778656,0.0949376892168813,TRUE,0.176119199858714,1949,""
"chr8",103135595,103135595,-0.185729266433652,0.428072609050653,103135595,103135595,-0.319087979791547,0.0991971861814784,TRUE,0.176610694820646,1950,"NCALD;NCALD;NCALD;NCALD;NCALD;NCALD;NCALD"
"chr6",27832932,27832932,-0.178932517265777,0.502605206539165,27832932,27832932,-0.3308113132281,0.0848486787536385,TRUE,0.177184598643887,1951,"HIST1H2AL"
"chr17",76037364,76037364,-0.203615399699017,0.28229428031635,76037364,76037364,-0.28787865150419,0.151303087405933,TRUE,0.177394685428287,1952,"TNRC6C;TNRC6C"
"chr6",85824216,85824216,0.170909681189434,0.607857934667946,85824196,85824216,0.181261898082618,0.0702878280934157,TRUE,0.177435732306111,1953,""
"chr6",16223119,16223119,0.192130318241675,0.36835474911943,16223119,16223119,0.306968905379472,0.11676757356426,TRUE,0.178339283754077,1954,""
"chr5",159592696,159592696,-0.208884294429025,0.250527448164063,159592696,159592696,-0.278595197807907,0.171827444355208,TRUE,0.178451279356489,1955,""
"chr1",43814983,43814983,-0.154151117441606,0.906292277801286,43814983,43815035,-0.217541221440466,0.0475099560327697,TRUE,0.178484038325504,1956,"MPL"
"chr16",66670514,66670514,0.242194863510014,0.12078190465406,66670514,66670514,0.225431105250115,0.358293563466076,TRUE,0.179167487391183,1957,"CMTM4;CMTM4"
"chr6",33268842,33268842,0.258325197209982,0.0868240766677196,33268842,33268842,0.201511500161116,0.498762070536,TRUE,0.179259099062568,1958,"TAPBP;TAPBP"
"chr5",95769172,95769172,0.208958714313528,0.250119942308495,95769172,95769172,0.278044036911477,0.173137445698895,TRUE,0.179260893841908,1959,"PCSK1;PCSK1;LOC101929710"
"chr9",27530602,27530602,0.181872068794646,0.468557980558916,27530602,27530602,0.324017014311113,0.0928682074133203,TRUE,0.179916579484607,1960,"MOBKL2B"
"chr15",29277718,29277718,0.170342854983433,0.616090744923684,29277449,29277718,0.179781994411965,0.0711740828768718,TRUE,0.180967139889526,1961,"APBA2;APBA2"
"chr6",107348498,107348498,0.294289989484484,0.0445373355821895,107348498,107348498,0.151182972841602,0.984611055848902,TRUE,0.18097420455112,1962,"C6orf203;C6orf203;C6orf203"
"chr2",206553344,206553344,0.159898424994626,0.789937808795571,206553344,206553344,0.363216786822777,0.055590240121547,TRUE,0.181164528487087,1963,"NRP2;NRP2;NRP2;NRP2;NRP2;NRP2"
"chr1",85516568,85516568,-0.18147126523031,0.473050974736127,85516568,85516568,-0.324037003514664,0.0928444842228753,TRUE,0.181187473428029,1964,""
"chr1",62248597,62248597,-0.225239890185625,0.173555030425117,62248597,62248597,-0.250378715040922,0.25358876229085,TRUE,0.18147313694017,1965,"INADL"
"chr3",50647374,50647374,0.292895679302149,0.0455996817431417,50647374,50647374,0.152696544908002,0.965216501746004,TRUE,0.181479258374621,1966,"CISH;CISH"
"chr11",124981114,124981114,-0.165056224427581,0.698847212868543,124981114,124981343,-0.192832492307288,0.063005447761873,TRUE,0.181534274998489,1967,""
"chr1",2047101,2047101,0.186277804401473,0.422561222726162,2047101,2047101,0.314970768541085,0.104825936071604,TRUE,0.182358524603698,1968,"PRKCZ;PRKCZ;PRKCZ;PRKCZ"
"chr2",223916592,223916592,0.176574334370545,0.531693823790594,223916592,223916592,0.332168976762091,0.0833356956267295,TRUE,0.182401220388444,1969,"KCNE4"
"chr11",65598258,65598258,0.232826867033002,0.147263080416475,65598258,65598258,0.237583297141676,0.302757349057159,TRUE,0.183260239783969,1970,""
"chr1",26645313,26645313,-0.154879575300872,0.890395824517698,26645313,26645313,-0.371308872820665,0.0501224394838706,TRUE,0.18339654832818,1971,"CD52;UBXN11"
"chr11",120973419,120973419,0.280985096520218,0.0563818247918517,120973419,120973419,0.167534786045855,0.7921928972843,TRUE,0.183509933308632,1972,"TECTA"
"chr17",72999242,72999571,0.158405952189384,0.0459222595044967,72999571,72999571,0.151689819386752,0.978074395774851,TRUE,0.184286700723861,1973,"CDR2L"
"chr7",6654422,6654422,0.258985664503635,0.0857460858578333,6654422,6654422,0.197892825024652,0.524249762561317,TRUE,0.184401430208543,1974,"ZNF853"
"chr2",28857916,28857916,0.164953851025621,0.700553969568923,28857916,28858407,0.19097202281685,0.0642069841223055,TRUE,0.184488568477684,1975,"PLB1;PLB1"
"chr8",103413592,103413592,0.287121748070184,0.0505031617090512,103413592,103413592,0.158578821806646,0.892926413821319,TRUE,0.184845560422945,1976,"UBR5"
"chr4",184320187,184320187,-0.254913315815036,0.0930312773781356,184320187,184320187,-0.203532085326027,0.485043599915574,TRUE,0.184934239578817,1977,""
"chr1",184951580,184951580,-0.287843974495643,0.049886315551079,184951580,184951580,-0.157584521083408,0.904779437114484,TRUE,0.184971067375243,1978,""
"chr20",60118834,60118834,-0.191035751765644,0.377906924768608,60118834,60118834,-0.305229739169198,0.119532735107908,TRUE,0.185083004339297,1979,"CDH4;CDH4"
"chr1",174769548,174769548,-0.193515457893076,0.356779198874777,174769548,174769548,-0.300718999805679,0.127065242834111,TRUE,0.185584432749187,1980,"RABGAP1L"
"chr8",19067050,19067050,-0.198328921688683,0.318884134240028,19067050,19067050,-0.292215888185376,0.142614309121668,TRUE,0.186027238928087,1981,"LOC100128993"
"chr16",80966763,80966860,0.156180892530813,0.0465696499770545,80966860,80966860,0.151787479681049,0.976815262064558,TRUE,0.186065882395578,1982,""
"chr6",8743589,8743589,-0.154914932432789,0.889661271001079,8743589,8743589,-0.369562972356392,0.0512564906987423,TRUE,0.186408673176215,1983,"LOC100506207"
"chr6",31696298,31696298,0.158949967701769,0.807882221122958,31696259,31696298,0.202891012608194,0.0565328515808781,TRUE,0.186627764304614,1984,"DDAH2"
"chr5",80254000,80254000,-0.207399577715376,0.259061231665961,80254000,80254000,-0.276712298064493,0.176325564282966,TRUE,0.186650084134504,1985,"RASGRF2-AS1"
"chr22",37624406,37624406,-0.185664032582646,0.428693925108321,37624406,37624406,-0.313400466714588,0.107066518096584,TRUE,0.187327415765893,1986,"RAC2"
"chr3",40657199,40657199,0.279211104168503,0.0582316182824857,40657199,40657199,0.167628032250049,0.791206185504221,TRUE,0.18786462253619,1987,""
"chr1",44344466,44344466,0.240766206802443,0.124333984945378,44344466,44344466,0.22294532265371,0.37082448350554,TRUE,0.187965766464689,1988,"ST3GAL3;ST3GAL3;ST3GAL3;ST3GAL3;ST3GAL3;ST3GAL3;ST3GAL3;ST3GAL3;ST3GAL3;ST3GAL3"
"chr1",100550935,100550935,0.273376088390003,0.064961052273987,100550935,100550935,0.175563834990436,0.710946797418165,TRUE,0.188204973139131,1989,"SASS6;SASS6"
"chr12",71042870,71042870,0.201636384896804,0.295475269534952,71042870,71042870,0.285363728735878,0.156599035898563,TRUE,0.18847331919606,1990,"PTPRR;PTPRR;PTPRR;PTPRR;PTPRR"
"chr12",28409714,28409714,0.268243964542914,0.0716331225527299,28409714,28409714,0.182595467457529,0.646327270397677,TRUE,0.18855720506533,1991,"CCDC91"
"chr21",39288720,39288720,-0.238295145808371,0.131020954889772,39288720,39288720,-0.226431525106629,0.353381284004336,TRUE,0.18856308208036,1992,"KCNJ6"
"chr15",62416741,62416741,-0.234627449987408,0.141622067000817,62416741,62416741,-0.231981889312197,0.327260472284734,TRUE,0.188707320998048,1993,""
"chr14",102276299,102276299,-0.170128424262424,0.619332167186168,102276267,102276299,-0.17328533039609,0.0748486208555192,TRUE,0.18873451612971,1994,"PPP2R5C;PPP2R5C;PPP2R5C;PPP2R5C;PPP2R5C"
"chr6",108143682,108143682,-0.206538004687949,0.264223220830925,108143682,108143682,-0.277006936362804,0.175612740684174,TRUE,0.188872109830708,1995,"SCML4;SCML4"
"chr3",143013278,143013278,-0.168245395422068,0.64785161720971,143013278,143013278,-0.343630261220135,0.0716551636136938,TRUE,0.188936429690903,1996,"SLC9A9"
"chr3",59320419,59320419,0.234849118481745,0.140948602113369,59320419,59320419,0.231424927933824,0.329787161249947,TRUE,0.189124044501776,1997,""
"chr15",52201998,52201998,0.243209449159221,0.118168503298786,52201998,52201998,0.218677799345113,0.393452234013972,TRUE,0.18915663941342,1998,"TMOD3"
"chr11",85753082,85753082,-0.207889688629383,0.256188576128352,85753082,85753082,-0.274596041488803,0.181521920491144,TRUE,0.189187877262145,1999,"PICALM;PICALM"
"chr9",2570814,2570814,-0.270514596845268,0.0685988056428014,2570814,2570814,-0.178901894380795,0.679543609427408,TRUE,0.189531498581672,2000,"VLDLR-AS1"
"chr4",36287903,36287903,-0.21337642594839,0.226272282449982,36287903,36287903,-0.265350866393141,0.206137080339205,TRUE,0.189614965625572,2001,"DTHD1;DTHD1"
"chr11",66824140,66824140,0.245333695570124,0.11320542467027,66824140,66824140,0.215194293313671,0.412847164078683,TRUE,0.189901259220398,2002,"RHOD"
"chr14",22969695,22969695,0.25324877978929,0.096202671212058,22969695,22969695,0.203082111371097,0.488058136930255,TRUE,0.190562289688411,2003,""
"chr5",31688707,31688707,-0.183067676385043,0.455621345856999,31688707,31688707,-0.316239410673428,0.10306244958822,TRUE,0.190577446441118,2004,""
"chr11",13342948,13342948,0.269705131964317,0.0696365673554285,13342948,13342948,0.179060177686992,0.678067808923875,TRUE,0.191374575122869,2005,"ARNTL;ARNTL;ARNTL;ARNTL;ARNTL;ARNTL"
"chr19",55595022,55595022,0.173135580664969,0.576690814058132,55595022,55595022,0.333160750547929,0.0822610463784238,TRUE,0.192048385305154,2006,"EPS8L1;EPS8L1"
"chr1",78313327,78313327,-0.166792430537102,0.670570627395121,78313327,78313327,-0.344298696504218,0.0710303902716723,TRUE,0.192632369735292,2007,"FAM73A;FAM73A"
"chr5",129242270,129242270,-0.150663278925056,0.984512542538545,129242158,129242270,-0.21600289026353,0.0484205731417542,TRUE,0.192753418443236,2008,"CHSY3"
"chr6",168120744,168120744,0.275823445729787,0.0620340129567492,168120744,168120744,0.169784498674266,0.768616783100787,TRUE,0.192783005483211,2009,""
"chr6",5979967,5979967,-0.263630935713107,0.0782850782828433,5979967,5979967,-0.186943325606958,0.609130698838571,TRUE,0.19279962416056,2010,""
"chr5",54398290,54398290,-0.246084336312108,0.11146663368874,54398290,54398290,-0.212544573839773,0.428237123326679,TRUE,0.192946601038602,2011,"GZMA"
"chr1",214724440,214724440,0.274265131336903,0.0638584770157758,214724440,214724440,0.171691345634722,0.749118200364036,TRUE,0.193261033455699,2012,"PTPN14"
"chr1",183171578,183171578,0.192417844743872,0.365911203952583,183171578,183171578,0.298487160727211,0.130963553284278,TRUE,0.193514747604411,2013,"LAMC2;LAMC2"
"chr20",5571400,5571400,0.218658133277889,0.200927951176776,5571400,5571400,0.254647378558912,0.239015880852588,TRUE,0.193830424893857,2014,"GPCPD1"
"chr2",38265635,38265635,-0.199772372843385,0.308531101562081,38265635,38265635,-0.285573473480326,0.156150363070083,TRUE,0.194292487616643,2015,"FAM82A1"
"chr6",10415667,10415667,0.27654274578465,0.0611966517471348,10415667,10415667,0.167956302320825,0.787730004978486,TRUE,0.194381024150836,2016,"TFAP2A;TFAP2A"
"chr2",45228334,45228334,-0.21619056147165,0.212353014798348,45228334,45228334,-0.258337882182132,0.227112704253474,TRUE,0.194446603083543,2017,""
"chr22",38136648,38136648,0.183969578206605,0.446013296461627,38136648,38136648,0.312598959422461,0.108223916540087,TRUE,0.19457161239298,2018,"TRIOBP"
"chr6",135204198,135204198,0.17448792031948,0.55864359403775,135204198,135204198,0.329233830569199,0.0866574310393923,TRUE,0.194999719568614,2019,""
"chr10",101658367,101658367,0.171386959023277,0.601081566729643,101658107,101658367,0.158610773371376,0.0809596169640888,TRUE,0.195764290273354,2020,"DNMBP"
"chr7",86847564,86847564,-0.212855844381635,0.228998921264207,86847564,86847564,-0.262693095032114,0.213830048567499,TRUE,0.196680825977127,2021,"TMEM243"
"chr14",22975486,22975486,0.18535933469496,0.431767726132226,22975486,22975486,0.30910363907257,0.113443394399808,TRUE,0.196724100154233,2022,""
"chr7",134849633,134849633,0.272667784589516,0.0658520522799468,134849633,134849633,0.172171583201283,0.74426799219774,TRUE,0.196815721336356,2023,"TMEM140"
"chr2",204891938,204891938,-0.233218302821455,0.14599139395312,204891938,204891938,-0.230133284938109,0.335727245118004,TRUE,0.196820889521479,2024,""
"chr5",15112408,15112408,0.158895348094755,0.808949037183606,15111963,15112408,0.196452703477657,0.0606716272070932,TRUE,0.19702279046957,2025,""
"chr7",39649443,39649443,0.265682886034119,0.0752701309382618,39649443,39649443,0.181726929420152,0.653990236873237,TRUE,0.197461686484772,2026,"LOC646999"
"chr3",56889795,56889795,0.222603547649395,0.183937117451084,56889795,56889795,0.246452986336821,0.267745266020428,TRUE,0.197529019913979,2027,"ARHGEF3"
"chr20",55921648,55921648,-0.220387930834352,0.193217374202123,55921648,55921648,-0.249993783157754,0.254933803275575,TRUE,0.197557163598376,2028,""
"chr11",69863374,69863374,-0.259190859326785,0.0853825340159367,69863374,69863374,-0.19070503860943,0.578574477621738,TRUE,0.197986026085049,2029,""
"chr22",29137759,29137759,-0.223458676710672,0.180524349033608,29137759,29137759,-0.244837298626646,0.273810883538083,TRUE,0.198074376017502,2030,"CHEK2;CHEK2;CHEK2;CHEK2;CHEK2;CHEK2;HSCB"
"chr10",3247602,3247602,0.164817317592337,0.702797114232757,3247602,3247867,0.180961978834451,0.0704716734203194,TRUE,0.198368255589934,2031,""
"chr1",65541300,65541300,-0.193675669978582,0.35544642378225,65541300,65541300,-0.293625555810106,0.1399127603169,TRUE,0.198981508223421,2032,""
"chr8",135697767,135697767,-0.180741919480738,0.481271120276061,135697767,135697767,-0.315962904265119,0.103440742365174,TRUE,0.199136194085871,2033,"ZFAT;ZFAT;ZFAT"
"chr12",31470708,31470708,-0.21752248862088,0.20615102897091,31470708,31470708,-0.253873272341414,0.241591444853583,TRUE,0.199200040218983,2034,"FAM60A;FAM60A;FAM60A"
"chr5",131892523,131892523,0.160747569688899,0.774211956683692,131892515,131892523,0.190517394648293,0.0645046706864003,TRUE,0.199607694766943,2035,"RAD50;RAD50"
"chr21",46384969,46384969,0.158361212376515,0.819395192771874,46384969,46385436,0.195654925393173,0.0611903417214675,TRUE,0.200203042478274,2036,"C21orf70"
"chr15",96910011,96910011,0.234356255577546,0.142472837909517,96910011,96910011,0.226651502690314,0.352297536480139,TRUE,0.200363908809112,2037,""
"chr6",105237721,105237721,-0.183369055103114,0.452323304865039,105237721,105237721,-0.310722689672625,0.111006748288979,TRUE,0.200418086862608,2038,"HACE1"
"chr11",100998943,100998943,0.176150344584174,0.537093462622699,100998943,100998943,0.323386227848393,0.0936558098168592,TRUE,0.200690184973127,2039,"PGR"
"chr11",123244734,123244734,0.205086324889988,0.27308032707746,123244734,123244734,0.273471640430601,0.184338814380359,TRUE,0.200801928119632,2040,""
"chr5",71604392,71604392,-0.220961562542474,0.190703800606714,71604392,71604392,-0.247351978033436,0.264448532068377,TRUE,0.201076938011077,2041,"MRPS27"
"chr1",26947893,26947893,-0.207060441520199,0.261087586194566,26947893,26947893,-0.270016098946898,0.193321369225856,TRUE,0.201203782642692,2042,""
"chr6",166236905,166236905,0.278817957712205,0.0586622186198142,166236905,166236905,0.161224696746436,0.862036225725368,TRUE,0.201487833200167,2043,""
"chr5",140552971,140552971,-0.170129535245528,0.619309072704408,140552971,140552992,-0.154646418831453,0.0818146669170071,TRUE,0.201785006920915,2044,"PCDHB7"
"chr17",14203711,14203711,-0.196201053439193,0.335056231338169,14203711,14203711,-0.287856118999421,0.151348278015941,TRUE,0.201909113865686,2045,"HS3ST3B1"
"chr16",50155952,50155952,-0.260129947390043,0.0838352037380281,50155952,50155952,-0.187409805019417,0.605251299267634,TRUE,0.202002078420829,2046,""
"chr10",50342081,50342081,0.241653531624916,0.122054336100698,50342081,50342081,0.214379068904085,0.41753228741258,TRUE,0.202658199613343,2047,"FAM170B"
"chr10",72163983,72163983,0.243578590624368,0.117281228209239,72163983,72163983,0.211454885697565,0.434764271566843,TRUE,0.202741722388553,2048,"EIF4EBP2;EIF4EBP2"
"chr4",83831263,83831263,0.276813826010553,0.0608830137851707,83831263,83831263,0.163253382714362,0.839010594829487,TRUE,0.203014866136594,2049,"THAP9"
"chr5",139672838,139672838,-0.161353793278512,0.76300964306361,139672796,139672838,-0.186595015080365,0.066997936646374,TRUE,0.203129595735366,2050,"PFDN1"
"chr2",120584741,120584741,0.245115445511235,0.113675509121575,120584741,120584741,0.208974221177912,0.449947752586749,TRUE,0.203212753494558,2051,"PTPN4"
"chr6",161695026,161695026,-0.284318082677178,0.0530212052041552,161695026,161695026,-0.152592067233118,0.966553948302093,TRUE,0.203509410394098,2052,"AGPAT4;AGPAT4"
"chr7",150655133,150655133,0.161780711133381,0.755215627961309,150655133,150655133,0.347650053456237,0.0679865282355217,TRUE,0.20379642499506,2053,"KCNH2;KCNH2"
"chr22",19010419,19010419,-0.232729827261881,0.147573738445309,19010419,19010419,-0.227459721490087,0.348366404563635,TRUE,0.203990106058723,2054,"DGCR10"
"chr2",109200857,109200857,0.233552410474432,0.144971511839274,109200857,109200857,0.226125352006652,0.354876747310726,TRUE,0.204100754410947,2055,"LIMS1"
"chr15",26061834,26061834,0.232608564292909,0.147983479250726,26061834,26061834,0.22760068378299,0.347700688980101,TRUE,0.204121343715822,2056,"ATP10A"
"chr4",39471750,39471750,0.267892767275572,0.0721032070040348,39471750,39471750,0.175142455722638,0.715028915599054,TRUE,0.204423647059577,2057,"LIAS;LIAS;LIAS;MIR1273H"
"chr1",153963030,153963030,-0.250948759908639,0.100835722246393,153963030,153963030,-0.199362605405077,0.513754863723993,TRUE,0.205161249775159,2058,"RPS27"
"chr19",44330665,44330665,0.270159710497033,0.0690674001275411,44330665,44330665,0.170972363992845,0.756423063212039,TRUE,0.206459933111251,2059,"ZNF283"
"chr11",14665070,14665070,0.280616086951472,0.0567707060653559,14665070,14665070,0.156246520209253,0.920976172818517,TRUE,0.206578856210228,2060,"PSMA1;PDE3B;PSMA1"
"chr4",40192585,40192585,-0.193810988161777,0.354331928791518,40192585,40192585,-0.289716604218993,0.147563132071701,TRUE,0.206584349878187,2061,"RHOH"
"chr5",113029364,113029364,-0.217764175571978,0.204999284816049,113029364,113029364,-0.249958158090208,0.255061517503692,TRUE,0.206587594415717,2062,""
"chr3",32993165,32993165,-0.247347464509923,0.108564178819827,32993165,32993165,-0.203994113087363,0.481959773138626,TRUE,0.206694226095159,2063,"CCR4;CCR4"
"chr1",6515597,6515597,-0.154589871498109,0.896614199977352,6515597,6515597,-0.359302396176847,0.0584469859630145,TRUE,0.206932638788573,2064,"ESPN"
"chr2",184768131,184768131,0.158789719118756,0.810988801411296,184768131,184768134,0.190280040706707,0.0646544162768005,TRUE,0.207019943355443,2065,""
"chr14",32364560,32364560,0.216812503783366,0.209385746383851,32364560,32364560,0.251246858866057,0.250542682079998,TRUE,0.207096763804249,2066,""
"chr12",51566990,51566990,-0.152848007817946,0.934545768792948,51566990,51567041,-0.203287353264037,0.0562781750482716,TRUE,0.207492951207448,2067,"TFCP2"
"chr1",247569605,247569605,-0.184360649271477,0.441999326535113,247569605,247569605,-0.305487467805724,0.119122673557696,TRUE,0.207662592663689,2068,""
"chr6",22071933,22071933,-0.233259680015441,0.145878901477451,22071933,22071933,-0.22473623176324,0.361745118493013,TRUE,0.20801232645338,2069,"FLJ22536"
"chr15",64444820,64444820,0.243620427584492,0.117186615332352,64444820,64444820,0.208704016344467,0.451630106510734,TRUE,0.208465205999,2070,"SNX22"
"chr9",135688137,135688137,0.2030089218265,0.286183093051392,135688137,135688137,0.273225687054286,0.18496494118491,TRUE,0.208491171466472,2071,"AK8"
"chr4",154073616,154073616,-0.262252220699481,0.0803874211062704,154073616,154073616,-0.180829804321745,0.662000592064664,TRUE,0.209321137340243,2072,"TRIM2"
"chr12",120493814,120493814,0.188441961879495,0.401617507703127,120493814,120493814,0.297616601357678,0.132516613940529,TRUE,0.209334254825564,2073,"CCDC64"
"chr2",242974096,242974096,-0.22163865722171,0.187895213631406,242974096,242974096,-0.24237728434421,0.283299370196289,TRUE,0.209362423824701,2074,""
"chr2",17329920,17329920,-0.172074911229319,0.591262687065302,17329920,17329920,-0.326352712680203,0.0900300716816313,TRUE,0.209364847792755,2075,""
"chr20",52476409,52476409,-0.197123103247102,0.327971440320879,52476409,52476409,-0.282584352964734,0.162668187457267,TRUE,0.209714040699173,2076,""
"chr3",84340213,84340213,0.259022110502496,0.0856790373624016,84340213,84340213,0.185305671803394,0.62288323159932,TRUE,0.209765374788211,2077,""
"chr1",153957490,153957490,0.163088089776607,0.732234383660431,153957455,153957490,0.176780941539981,0.0729274559874663,TRUE,0.209859011069197,2078,"RAB13;RAB13;RAB13;RAB13"
"chr5",32033498,32033498,-0.259232861888794,0.0853072907043966,32033498,32033498,-0.184766899224106,0.627484289871671,TRUE,0.210236800510792,2079,"PDZD2"
"chr2",174016435,174016435,0.260016719341709,0.0840363492243234,174016435,174016435,0.183632401884823,0.637264861262947,TRUE,0.210308307814178,2080,"ZAK;ZAK"
"chr8",74211842,74211842,0.246981179707051,0.109388875313638,74211842,74211842,0.20284401999612,0.489663117912979,TRUE,0.210338412742056,2081,"RDH10"
"chr20",57582918,57582918,-0.160295083049338,0.782478291187146,57582918,57582971,-0.184166360703199,0.0685140778525181,TRUE,0.210476192110956,2082,"CTSZ"
"chr5",115175001,115175001,-0.235280301009276,0.139612847087711,115175001,115175001,-0.220339219646975,0.384454114349387,TRUE,0.210663286399106,2083,"ATG12"
"chr1",237208732,237208732,-0.215077626260548,0.21772285429915,237208732,237208732,-0.25216300740388,0.247380016110716,TRUE,0.211205664282203,2084,"RYR2"
"chr20",11897315,11897315,0.213705849152104,0.224651198827098,11897315,11897315,0.254423527834316,0.23975750312631,TRUE,0.211210126059326,2085,"BTBD3;BTBD3;BTBD3;BTBD3;BTBD3;BTBD3"
"chr17",4938748,4938748,-0.153925690441228,0.911208422482999,4938748,4938939,-0.198780862022373,0.0591820289049969,TRUE,0.211401003443513,2086,"SLC52A1;SLC52A1"
"chr10",42863508,42863508,0.159844098796131,0.790977805458046,42863508,42863508,0.347092286235242,0.0684838129265146,TRUE,0.212107168033233,2087,"LOC441666"
"chr6",21781850,21781850,0.271062034759181,0.0678947964407679,21781850,21781850,0.166789303448265,0.800161934272401,TRUE,0.212566606285167,2088,"CASC15"
"chr11",34272782,34272782,-0.248964680292637,0.104984534147054,34272782,34272782,-0.198589504304244,0.519255410635644,TRUE,0.21311083788028,2089,"ABTB2"
"chr4",151515416,151515416,0.19086659195286,0.379390186484215,151515416,151515416,0.291624470813531,0.143761932558015,TRUE,0.213192520970054,2090,"LRBA;LRBA"
"chr1",48090560,48090560,0.241198266161118,0.123220979921211,48090560,48090560,0.210021391063691,0.44349699978713,TRUE,0.213501529918547,2091,""
"chr6",44492923,44492923,-0.200085745961873,0.3062685873329,44492923,44492923,-0.275713810918972,0.178755142311697,TRUE,0.213789072250947,2092,""
"chr9",134065365,134065365,0.19596168525918,0.336943273992932,134065365,134065365,0.282651964100523,0.162514607056367,TRUE,0.213821371753598,2093,"NUP214"
"chr8",90914750,90914750,-0.171147500504966,0.604425796685122,90914750,90914750,-0.32567565705169,0.0908445177586691,TRUE,0.21425853400415,2094,"OSGIN2;OSGIN2"
"chr1",246950204,246950204,-0.163338537864438,0.727909755705082,246950204,246950204,-0.339686438180027,0.075484673051952,TRUE,0.214366652657511,2095,""
"chr5",112535690,112535690,-0.16647133419589,0.675665568064653,112535690,112535690,-0.333884005261768,0.0814726920512574,TRUE,0.214663263338826,2096,"MCC;MCC"
"chr2",208393332,208393332,-0.175199117071985,0.549301503674258,208393332,208393332,-0.318217517299501,0.100368156846456,TRUE,0.21490701233103,2097,"CREB1;CREB1"
"chr6",157421527,157421527,-0.253060598532623,0.0965669680372372,157421527,157421527,-0.191625872979474,0.57132897914412,TRUE,0.215020391495641,2098,"ARID1B;ARID1B"
"chr5",76010444,76010444,-0.186080720797059,0.424504139127118,76010444,76010444,-0.298980045308813,0.130094893513704,TRUE,0.21517772776585,2099,"F2R"
"chr3",60065489,60065489,-0.153526567205534,0.919751145784289,60065489,60065489,-0.357137539019155,0.0601067445819955,TRUE,0.215344023483709,2100,"FHIT;FHIT"
"chr15",74285128,74285128,0.157944890823534,0.827612358378678,74285128,74285128,0.348893848478666,0.0668866519495162,TRUE,0.215555251743995,2101,"STOML1"
"chr12",54121771,54121771,-0.237971492771299,0.131885135497559,54121771,54121771,-0.213931097491803,0.42013980816774,TRUE,0.21571142947763,2102,"CALCOCO1;CALCOCO1;CALCOCO1"
"chr5",75904722,75904722,0.254336364463975,0.094105543271609,75904722,75904722,0.189415742453641,0.588870868621422,TRUE,0.215728259094351,2103,"IQGAP2;IQGAP2;IQGAP2;IQGAP2"
"chr6",74414608,74414608,-0.187118580188473,0.414251679192319,74414608,74414608,-0.296744726813827,0.134104338276003,TRUE,0.216124225489617,2104,"CD109;CD109;CD109"
"chr17",72596711,72596711,0.188928415409411,0.397015745966661,72596711,72596711,0.293528749954216,0.140096267278171,TRUE,0.216319220565912,2105,""
"chr14",65103518,65103518,-0.181535747727318,0.472350690450506,65103518,65103518,-0.306230110262275,0.117943506925179,TRUE,0.216579964157242,2106,""
"chr13",20751679,20751679,0.165981762517115,0.683633909255076,20751679,20751710,0.152320739450381,0.08209310423624,TRUE,0.217765055040822,2107,""
"chr4",75275962,75275962,0.23080982994545,0.153714635643576,75275962,75275962,0.223965719743892,0.365617186808583,TRUE,0.217992776556079,2108,""
"chr12",93277453,93277453,0.266982962610858,0.0734203374476277,93277453,93277453,0.170060882409741,0.765770037843564,TRUE,0.21805720577962,2109,"EEA1"
"chr4",91236436,91236436,-0.233109050807082,0.146323656497148,91236436,91236436,-0.220377642184015,0.384248688814377,TRUE,0.218061749544931,2110,"CCSER1;CCSER1"
"chr11",57250204,57250204,-0.159640038678434,0.794798824714373,57250204,57250469,-0.180402690414766,0.0708098134755692,TRUE,0.218219699056905,2111,""
"chr7",109958589,109958589,0.269015554523145,0.0705543867595611,109958589,109958589,0.166714519833782,0.800964274379037,TRUE,0.218886745568006,2112,""
"chr8",131349729,131349729,0.186346073343803,0.421808789610761,131349729,131349729,0.29673547271886,0.134120655018718,TRUE,0.219064075454475,2113,"ASAP1"
"chr8",100336302,100336302,0.272592098936675,0.0659503900732468,100336302,100336302,0.161513639335392,0.858718437911749,TRUE,0.219235069780008,2114,"VPS13B;VPS13B"
"chr17",4699345,4699345,-0.23448524099996,0.142063842087384,4699345,4699345,-0.217691028189756,0.398879957122307,TRUE,0.219331540479387,2115,"PSMB6"
"chr19",2860191,2860191,0.224850902419914,0.175080756187831,2860191,2860191,0.232624786142856,0.324356505639465,TRUE,0.219682086881492,2116,""
"chr19",52391480,52391480,-0.151654218420532,0.961455309942845,52391411,52391480,-0.198940935111381,0.0590795041183985,TRUE,0.219721441844178,2117,"ZNF577;ZNF577;ZNF577"
"chr7",4901798,4901798,0.220228083631157,0.193957887585003,4901798,4901798,0.239672723232656,0.294108309936603,TRUE,0.220415952931261,2118,"PAPOLB;RADIL"
"chr8",141841431,141841431,-0.256348881198388,0.0903053835471932,141841431,141841431,-0.184234263239957,0.632051436388427,TRUE,0.220510512546576,2119,"PTK2;PTK2;PTK2"
"chr12",7261841,7261841,-0.173349710114379,0.573771969557003,7261841,7261841,-0.318863637766329,0.099496677362279,TRUE,0.220541312939702,2120,"C1RL;LOC283314"
"chr3",183735012,183735012,-0.245096230847628,0.11372318805166,183735012,183735012,-0.201012529568455,0.5021961433386,TRUE,0.220606994566891,2121,"ABCC5;ABCC5"
"chr5",81652962,81652962,-0.190417240077119,0.383405646377295,81652962,81652962,-0.288692349628823,0.149639230803183,TRUE,0.221354090702343,2122,""
"chr2",8615754,8615754,-0.199337976535514,0.311659286365614,8615754,8615754,-0.273566631762997,0.184094288816723,TRUE,0.221360289123418,2123,""
"chr18",37379468,37379468,-0.181511665569192,0.47260621971643,37379468,37379468,-0.304026677135142,0.121499880105778,TRUE,0.221494329732522,2124,""
"chr3",172021017,172021017,0.193135378017584,0.359886524146398,172021017,172021017,0.283950612949094,0.159656319771463,TRUE,0.221598779249012,2125,"FNDC3B;FNDC3B"
"chr14",96446232,96446232,-0.155806331126063,0.870786374553755,96446052,96446232,-0.188145083880974,0.0660119767899222,TRUE,0.221667826177546,2126,""
"chr20",1471884,1471884,-0.245851985585544,0.112003766635477,1471884,1471884,-0.199249805408892,0.514549383824905,TRUE,0.22209361573337,2127,"SIRPB2;SIRPB2"
"chr20",22778081,22778081,0.193622901044889,0.355894903718361,22778081,22778081,0.282907604110203,0.161955702224107,TRUE,0.222115702579922,2128,""
"chr5",117224492,117224492,0.261346127033261,0.0818706828218775,117224492,117224492,0.175939082730587,0.70734361699176,TRUE,0.222889791798667,2129,"LOC102467224"
"chr12",122963525,122963525,-0.201213599789574,0.298332280423627,122963525,122963525,-0.269592373634604,0.194439517256008,TRUE,0.223165706762289,2130,"ZCCHC8"
"chr2",66017710,66017710,0.21030104652487,0.242586671355095,66017710,66017710,0.254407257326058,0.2398087843177,TRUE,0.223640462841617,2131,""
"chr6",167401611,167401611,-0.230117379091917,0.156068037833231,167401611,167401611,-0.222047414106672,0.375472311427517,TRUE,0.224847212837633,2132,""
"chr6",33231505,33231505,0.15864323961702,0.813834637550733,33231322,33231505,0.178353436870031,0.0720068382942372,TRUE,0.224854113131816,2133,"VPS52"
"chr6",71013875,71013875,0.152876061544319,0.933917747885737,71013875,71014153,0.19306795422409,0.0628541231318551,TRUE,0.22513467056859,2134,"COL9A1"
"chr9",128649813,128649813,0.272338665509099,0.0662617930853632,128649813,128649813,0.159124382983768,0.886475134675161,TRUE,0.225244811688495,2135,"PBX3;PBX3;PBX3;PBX3"
"chr6",36355687,36355687,0.199707381920469,0.308994481163843,36355687,36355687,0.271107700873426,0.190442817599194,TRUE,0.225546173252052,2136,"ETV7;ETV7;ETV7;ETV7;ETV7;ETV7;ETV7;ETV7"
"chr2",105276153,105276153,0.191140225959571,0.376999535130432,105276153,105276153,0.285541087091299,0.15622047994834,TRUE,0.225685722746727,2137,""
"chr5",100067545,100067545,-0.19199757654281,0.369453599461228,100067545,100067545,-0.284032014835867,0.159473978291815,TRUE,0.225751383675491,2138,""
"chr18",3810047,3810047,0.151823704685307,0.957548617609021,3810047,3810343,0.194950544148236,0.0616425485909966,TRUE,0.226055688508656,2139,"DLGAP1;DLGAP1;DLGAP1;DLGAP1;DLGAP1;DLGAP1;DLGAP1;DLGAP1;DLGAP1"
"chr17",72199373,72199373,-0.155298408485508,0.881514133822837,72199366,72199373,-0.18654498360096,0.0670287655150981,TRUE,0.226228463167307,2140,"RPL38;RPL38"
"chr2",192343457,192343457,0.259783664705096,0.084389471300264,192343457,192343457,0.176651162539232,0.700574236555023,TRUE,0.226325437557595,2141,""
"chr7",117878930,117878930,0.260168104919852,0.0837748600921395,117878930,117878930,0.175935464905225,0.707377415958812,TRUE,0.226719391681097,2142,"ANKRD7"
"chr12",110686132,110686132,-0.248811419132831,0.105303386991996,110686132,110686132,-0.192725551678189,0.562805323288436,TRUE,0.226733132578091,2143,""
"chr13",43565399,43565399,0.162834231256539,0.736601475662886,43565399,43565399,0.334627569287942,0.0806790742586992,TRUE,0.227193554742165,2144,"EPSTI1;EPSTI1"
"chr2",175206388,175206388,-0.237234611717624,0.133930114608228,175206388,175206388,-0.209886853050827,0.444326785106167,TRUE,0.227420502457244,2145,""
"chr11",47528955,47528955,0.161351782107223,0.763048382194304,47528955,47528955,0.337021411762845,0.0781738903092308,TRUE,0.227820224784018,2146,"CUGBP1"
"chr1",182914681,182914681,0.195594395570727,0.339862863477344,182914681,182914681,0.276898918851627,0.175872943855442,TRUE,0.228164673815773,2147,"SHCBP1L"
"chr19",10489256,10489256,0.275203809265076,0.0627395121253479,10489256,10489256,0.153591583817557,0.953883358448836,TRUE,0.228371677067442,2148,"TYK2"
"chr1",157789892,157789892,-0.161445027197863,0.761348330343467,157789662,157789892,-0.165187057856011,0.0787076056999721,TRUE,0.228590505949008,2149,"FCRL1;FCRL1;FCRL1;FCRL1;FCRL1;FCRL1"
"chr20",22814795,22814795,0.222303534337059,0.185191669298941,22814795,22814795,0.232535383242771,0.324759311126673,TRUE,0.229206000418445,2150,""
"chr3",150996297,150996297,-0.157995261456165,0.826619295663005,150996297,150996297,-0.342430106969368,0.0727962829106633,TRUE,0.229296206845798,2151,"MED12L;P2RY14"
"chr4",159114620,159114620,-0.15990568016955,0.789788812139056,159114620,159114620,-0.338907652074724,0.0762585152531091,TRUE,0.229446011267945,2152,""
"chr1",232736209,232736209,0.20120444529802,0.298399328919059,232736209,232736209,0.266762131225364,0.202175570708153,TRUE,0.229729508145855,2153,""
"chr1",182585393,182585393,-0.27291497117414,0.0655376693347001,182585393,182585393,-0.156242020787662,0.921033657379833,TRUE,0.229823128786689,2154,""
"chr5",110693521,110693521,0.189609072626354,0.390798115490288,110693521,110693521,0.286330487060538,0.154544479779007,TRUE,0.229916583685848,2155,"CAMK4"
"chr8",23100916,23100916,-0.177926139376408,0.514834852105919,23100916,23100916,-0.306547566927432,0.11743783828574,TRUE,0.230100117281596,2156,"CHMP7"
"chr10",94003008,94003008,-0.248931561290049,0.10504413280966,94003008,94003008,-0.191001782993841,0.576212798296562,TRUE,0.230287172786947,2157,"CPEB3"
"chr11",48103048,48103048,-0.176135357031581,0.537308762791363,48103048,48103048,-0.309617542578419,0.11266075469221,TRUE,0.230303543286998,2158,"PTPRJ;PTPRJ"
"chr6",148689065,148689065,-0.164698357782106,0.704810059062275,148689065,148689065,-0.329898378168013,0.0858936270186612,TRUE,0.230317794745371,2159,"SASH1"
"chr2",56151071,56151071,-0.155566039987458,0.875858965724809,56151071,56151071,-0.34619630272409,0.0692908901520036,TRUE,0.230739274803413,2160,"EFEMP1;EFEMP1;EFEMP1"
"chr17",76704594,76704594,0.222682200673839,0.183605599890338,76704594,76704594,0.231211853978777,0.330760939943634,TRUE,0.230852779552761,2161,"CYTH1;CYTH1"
"chr2",64083493,64083493,-0.189189216038756,0.394650424044484,64083493,64083493,-0.28636113368288,0.154480791847764,TRUE,0.231514411114922,2162,"UGP2;UGP2"
"chr11",5905350,5905350,0.213825791384929,0.224035842635691,5905350,5905350,0.245259152564461,0.272207594383521,TRUE,0.231565735148059,2163,"OR52E4"
"chr14",27250385,27250385,0.160749634975658,0.774173217552998,27250183,27250385,0.164950984298494,0.0788065212531589,TRUE,0.231637449375794,2164,"LOC101927062"
"chr1",12427195,12427195,0.159531367361166,0.796834119042369,12427158,12427195,0.169931850819812,0.0765732704835463,TRUE,0.231655058328078,2165,"VPS13D;VPS13D"
"chr3",13493190,13493190,-0.185975308527011,0.425578405020591,13493190,13493190,-0.291548833242998,0.143907956126459,TRUE,0.23229204880224,2166,""
"chr8",17270834,17270834,0.268299556634204,0.0715496844250815,17270834,17270834,0.161750558427961,0.856017377857338,TRUE,0.232302256166224,2167,"MTMR7;MTMR7"
"chr17",46646043,46646043,-0.159772657969592,0.79231579543355,46646043,46646444,-0.168282287009974,0.0773627526961538,TRUE,0.232436174968213,2168,"HOXB3"
"chr8",58803528,58803528,0.273883497905195,0.0643516559488405,58803528,58803528,0.153650142789442,0.953140758674398,TRUE,0.232549114457,2169,""
"chr12",132383620,132383620,0.221124459788083,0.190031080702549,132383620,132383620,0.232913845646088,0.323046241122508,TRUE,0.232696030800022,2170,"ULK1"
"chr10",114866318,114866318,0.222995145079035,0.182373397540959,114866318,114866318,0.229903392642335,0.336801819173947,TRUE,0.232793314714441,2171,"TCF7L2;TCF7L2;TCF7L2;TCF7L2;TCF7L2;TCF7L2"
"chr1",209921031,209921031,-0.224551791599063,0.17626080970743,209921031,209921031,-0.227372847305185,0.348787068236994,TRUE,0.232943388206504,2172,""
"chr16",57279026,57279026,-0.233017101643151,0.14663952940896,57279026,57279026,-0.21378205284784,0.421001174279129,TRUE,0.233662216911121,2173,"ARL2BP"
"chr6",106335674,106335674,-0.175490324349743,0.545481229401212,106335674,106335674,-0.309081764466647,0.113476967789772,TRUE,0.234119117050295,2174,""
"chr13",20717346,20717346,0.259206245377504,0.0853594395341769,20717346,20717346,0.174084254832867,0.725316584284661,TRUE,0.234155455152756,2175,"GJA3"
"chr13",74289591,74289591,0.20496877988547,0.273810410694384,74289591,74289591,0.258252992520235,0.227381328969369,TRUE,0.235119177372494,2176,"KLF12"
"chr1",38218533,38218533,0.233894958334108,0.143886816179845,38218533,38218533,0.211721071567354,0.433167223378388,TRUE,0.235307043747706,2177,"EPHA10"
"chr6",13267915,13267915,0.235856652411844,0.137894915638093,13267915,13267915,0.208595389126017,0.452302927772547,TRUE,0.235426983760319,2178,"PHACTR1;PHACTR1"
"chr12",79696256,79696256,-0.267307467333209,0.0729644076786917,79696256,79696256,-0.161793999302584,0.855519829993076,TRUE,0.235571864933462,2179,"SYT1;SYT1;SYT1;SYT1"
"chr16",67412431,67412431,0.158002282568657,0.826479983789164,67412431,67412708,0.17196273355545,0.0755415184781848,TRUE,0.235602529512193,2180,"LRRC36;LRRC36"
"chr8",11315529,11315529,-0.217189222777356,0.207691654399275,11315529,11315529,-0.238057138114639,0.300767834331374,TRUE,0.235695205315873,2181,"FAM167A"
"chr2",102690795,102690795,0.217119628812011,0.207997842528414,102690795,102690795,0.23809295075683,0.300617637586797,TRUE,0.23586392248963,2182,"IL1R1"
"chr19",3135979,3135979,-0.157851899128334,0.829426392671748,3135489,3135979,-0.172027961973417,0.0755081330691274,TRUE,0.236142770198338,2183,"GNA15"
"chr2",64653912,64653912,0.246349088400286,0.110855747397028,64653912,64653912,0.192438717621557,0.565008910670947,TRUE,0.236159522365469,2184,""
"chr17",6814501,6814501,-0.202622008068701,0.28876893002521,6814501,6814501,-0.261655887644607,0.216930793626064,TRUE,0.236182760488111,2185,""
"chr5",140871385,140871385,0.186358321510208,0.421690337268832,140871385,140871385,0.289147432233967,0.148712259355302,TRUE,0.236370134129495,2186,"PCDHGA4;PCDHGC3;PCDHGA12;PCDHGA11;PCDHGA11;PCDHGA9;PCDHGA1;PCDHGB1;PCDHGC5;PCDHGB6;PCDHGB3;PCDHGB7;PCDHGA6;PCDHGA8;PCDHGA10;PCDHGA5;PCDHGB4;PCDHGC4;PCDHGA3;PCDHGA2;PCDHGA7;PCDHGB2;PCDHGC5;PCDHGB5;PCDHGC3"
"chr1",32538562,32538562,-0.250992034347919,0.100735894486528,32538562,32538562,-0.185281938516724,0.623082829726218,TRUE,0.236525970302308,2187,"TMEM39B;TMEM39B"
"chr7",146489193,146489193,0.154886269620212,0.890249062811031,146489193,146489513,0.180772095417521,0.0705884471596574,TRUE,0.236732146513894,2188,"CNTNAP2"
"chr3",141131189,141131189,-0.16585239756606,0.685697512947809,141131189,141131189,-0.324880065992868,0.0918161910661999,TRUE,0.237055336914853,2189,"ZBTB38"
"chr3",60066405,60066405,-0.197615072749375,0.324227154342657,60066405,60066405,-0.269612857167323,0.194385641928104,TRUE,0.237240491540234,2190,"FHIT;FHIT"
"chr8",120994586,120994586,-0.271896155504613,0.0668235104804248,120994586,120994586,-0.154067591568979,0.947914438309667,TRUE,0.238118345966493,2191,"DEPTOR;DEPTOR"
"chr1",152290334,152290334,0.205779258141157,0.26884211718289,152290334,152290334,0.255574283729873,0.235966642562502,TRUE,0.238379850174462,2192,"FLG"
"chr14",69259241,69259241,-0.156550870471056,0.855532096859747,69259241,69259241,-0.340765316645177,0.0744168287124744,TRUE,0.239008784248301,2193,"ZFP36L1"
"chr15",53826918,53826918,0.158576093580173,0.81513835829524,53826918,53826918,0.33700166230478,0.0781948313822544,TRUE,0.239211501568304,2194,"WDR72;WDR72;WDR72;WDR72;WDR72"
"chr6",30711141,30711141,-0.211330768284783,0.237008981518455,30711141,30711141,-0.246040798348757,0.269273588389337,TRUE,0.239433482667147,2195,"IER3;FLOT1"
"chr17",34330537,34330537,0.267405522807727,0.0728213708884373,34330537,34330537,0.159881489967388,0.877581983548964,TRUE,0.23967134626144,2196,"CCL15;CCL15-CCL14;CCL15-CCL14"
"chr6",147480438,147480438,0.161362136981535,0.762859156440529,147480438,147480438,0.331605079981038,0.0839606193534765,TRUE,0.240065594309529,2197,"STXBP5-AS1"
"chr11",46781914,46781914,0.212715453546096,0.229755824279303,46781914,46781914,0.243411516005939,0.279289211106544,TRUE,0.240390297532642,2198,"CKAP5;CKAP5"
"chr12",129337910,129337910,0.159166166075643,0.803759483637187,129337910,129337910,0.335104477559913,0.0801755110054174,TRUE,0.241140825780208,2199,"GLT1D1"
"chr1",230327607,230327607,0.257411696942256,0.0884451602906031,230327607,230327607,0.173703716103032,0.729051764903859,TRUE,0.241248499755408,2200,"GALNT2;GALNT2"
"chr6",27870320,27870320,-0.200894087467385,0.30051433645829,27870320,27870320,-0.262335690969433,0.214886388475477,TRUE,0.241509793429407,2201,""
"chr11",59383768,59383768,-0.258343276294923,0.0867905524200037,59383768,59383768,-0.172144620299584,0.744540414127953,TRUE,0.24162659083714,2202,"OSBP"
"chr3",59429821,59429821,-0.241657382836821,0.122042416368177,59429821,59429821,-0.197085503683072,0.530131722732975,TRUE,0.241844264326197,2203,""
"chr4",176733923,176733923,0.232186373284097,0.149320724242948,176733923,176733923,0.211378210533467,0.435220388439234,TRUE,0.242634543463708,2204,"GPM6A;GPM6A;GPM6A;GPM6A;GPM6A;GPM6A"
"chr1",154438777,154438777,-0.15892965555608,0.808271847379745,154438777,154438777,-0.334678935203402,0.0806238830644467,TRUE,0.24312248860058,2205,"IL6R;IL6R"
"chr6",106973959,106973959,-0.244870757670641,0.114264790898092,106973959,106973959,-0.191660302138016,0.571060016062592,TRUE,0.243357387018939,2206,"AIM1"
"chr2",177001667,177001667,-0.224804130499267,0.17527147190817,177001667,177001667,-0.222425281583079,0.37350249710077,TRUE,0.243936457433727,2207,"HOXD-AS2"
"chr2",204579051,204579051,-0.192102878246547,0.368584203970463,204579051,204579051,-0.275995220635775,0.178059800937243,TRUE,0.244387980853556,2208,"CD28;CD28;CD28"
"chr5",38680884,38680884,0.158135755321599,0.823802513871589,38680461,38680884,0.1626195634347,0.0797001072919824,TRUE,0.244461839199796,2209,""
"chr3",54230197,54230197,0.248446256953376,0.106122868602829,54230197,54230197,0.185537498629963,0.620923041895004,TRUE,0.245106797109926,2210,"CACNA2D3"
"chr2",176987367,176987367,-0.215664558919781,0.214914267323841,176987367,176987367,-0.236495316786906,0.307384799848833,TRUE,0.245561441324992,2211,"HOXD9"
"chr18",47696733,47696733,0.250605172458011,0.101536006532013,47696733,47696733,0.181936346243748,0.65214437715647,TRUE,0.245981760593459,2212,"MYO5B"
"chr11",2162211,2162211,0.218868195547024,0.199975117558362,2162211,2162211,0.231084185701715,0.331344658255599,TRUE,0.246102694723807,2213,"IGF2AS;INS-IGF2;IGF2;IGF2;IGF2;IGF2AS"
"chr2",73612528,73612528,-0.154549733116304,0.897490300317661,73612467,73612528,-0.17470405497758,0.0740889148185574,TRUE,0.246735756328157,2214,"ALMS1"
"chr10",101605689,101605689,-0.210111669253348,0.243622943101157,101605689,101605689,-0.244929729641394,0.273458494530094,TRUE,0.247079022185655,2215,"ABCC2"
"chr11",47885166,47885166,-0.179622173507686,0.494359731567624,47885166,47885166,-0.296331508747339,0.134864269890053,TRUE,0.24721633869358,2216,""
"chr5",177761315,177761315,-0.181792200680017,0.469416946283725,177761315,177761315,-0.292443722184661,0.142182892940437,TRUE,0.247410178393265,2217,"COL23A1"
"chr12",57869490,57869490,0.2116105381869,0.235513800070326,57869490,57869490,0.242161890598173,0.284147276874747,TRUE,0.247890541354733,2218,"ARHGAP9;ARHGAP9;ARHGAP9"
"chr12",71897823,71897823,-0.266791927812061,0.0736892764126373,71897823,71897823,-0.156982885144701,0.912014671834588,TRUE,0.248660906101524,2219,"LGR5;LGR5;LGR5;LGR5"
"chr8",25077789,25077789,-0.243583250377313,0.117271543426566,25077789,25077789,-0.191329773388042,0.57364471593566,TRUE,0.248840422946905,2220,"DOCK5"
"chr2",39847649,39847649,-0.20567983265048,0.269442573708646,39847649,39847649,-0.25134517304305,0.250202436638592,TRUE,0.249226194879161,2221,""
"chr12",57504230,57504230,-0.249542520161559,0.103762016580348,57504230,57504230,-0.182017873633805,0.651422417685605,TRUE,0.249705238367824,2222,"STAT6;STAT6;STAT6;STAT6;STAT6;STAT6"
"chr19",39927495,39927495,0.248134962283857,0.106823152888449,39927495,39927495,0.184016621020399,0.633930982283702,TRUE,0.250043526661319,2223,"RPS16"
"chr17",58118862,58118862,0.253933746192416,0.0948728760526614,58118862,58118862,0.175178256614857,0.714674721974359,TRUE,0.250271627482657,2224,""
"chr11",76309832,76309832,-0.1835553188182,0.450349099166215,76309832,76309832,-0.288185351269991,0.15066921578802,TRUE,0.250407509593947,2225,""
"chr15",33307322,33307322,-0.254920785963119,0.0930223375787447,33307322,33307322,-0.173538103493467,0.730686033311871,TRUE,0.250720511291224,2226,"FMN1"
"chr11",73865634,73865634,0.243002535392248,0.118707126212088,73865634,73865634,0.191450373517581,0.57270323236177,TRUE,0.250757699887002,2227,"C2CD3;C2CD3"
"chr7",120964800,120964800,0.162684735991306,0.739211897085029,120964800,120964800,0.324623384091659,0.0921306079310047,TRUE,0.251080444691191,2228,"WNT16"
"chr11",61880123,61880123,-0.163006178922057,0.733602917950521,61880123,61880123,-0.323999906718883,0.0928891484863439,TRUE,0.251187119781563,2229,""
"chr5",86377179,86377179,-0.199843035862802,0.308008123297713,86377179,86377179,-0.260208127645887,0.221299921055538,TRUE,0.251236603957629,2230,""
"chr18",56794320,56794320,-0.210802769158978,0.239838428025675,56794320,56794320,-0.242146956886613,0.284203971916254,TRUE,0.251238915120129,2231,""
"chr3",157147274,157147274,0.157618247608848,0.833977495545,157147268,157147274,0.153273562414254,0.0820016703231459,TRUE,0.251841556769967,2232,"VEPH1;VEPH1;VEPH1"
"chr11",128592094,128592094,0.172789893384845,0.58137675890553,128592094,128592094,0.30641526860368,0.117649316805952,TRUE,0.251871146835152,2233,"FLI1;FLI1"
"chr1",57045451,57045451,-0.184345688693805,0.442165457807127,57045451,57045451,-0.286211569459227,0.154799870639059,TRUE,0.252001433167487,2234,"PPAP2B"
"chr2",173360990,173360990,-0.248524643885554,0.105957482314097,173360990,173360990,-0.182625529250212,0.646061578183929,TRUE,0.25202262499262,2235,"ITGA6;ITGA6"
"chr2",173378632,173378632,-0.254507440684077,0.0938157447746873,173378632,173378632,-0.17359451495244,0.730133369445719,TRUE,0.25213777884229,2236,""
"chr10",73867155,73867155,-0.219028622985574,0.199261423573655,73867155,73867155,-0.228179114998441,0.344924436562948,TRUE,0.25275971078884,2237,"ASCC1;ASCC1;ASCC1;ASCC1"
"chr16",16951653,16951653,-0.168670619664872,0.641316623854961,16951653,16951653,-0.313186484191021,0.107374656399099,TRUE,0.253110395198902,2238,""
"chr6",27198236,27198236,-0.152972629681057,0.93178635071429,27198236,27198646,-0.174773537079656,0.0740500027708386,TRUE,0.253478508522492,2239,""
"chr3",52305444,52305444,-0.170989984800402,0.606639142017653,52305444,52305444,-0.308840790889625,0.113844996809212,TRUE,0.253649725361325,2240,"WDR82"
"chr18",32622702,32622702,-0.191144461259447,0.376960051016455,32622702,32622702,-0.273745571008043,0.183643660986811,TRUE,0.254086505049491,2241,"MAPRE2;MAPRE2;MAPRE2;MAPRE2;MAPRE2"
"chr2",86452841,86452841,-0.248190850545827,0.106717365262324,86452841,86452841,-0.182148689972136,0.650268064532793,TRUE,0.254536446929198,2242,"REEP1;REEP1;REEP1;REEP1"
"chr6",136824960,136824960,0.24123887055847,0.12311966219478,136824960,136824960,0.192445877470242,0.564951914859988,TRUE,0.254967916409251,2243,"MAP7;MAP7;MAP7;MAP7;MAP7;MAP7;MAP7;MAP7;MAP7"
"chr7",30506679,30506679,0.253784524492194,0.095171614348974,30506679,30506679,0.173470669796526,0.731351711299224,TRUE,0.255093808234853,2244,"NOD1"
"chr14",56072109,56072109,0.262973016661834,0.0792811209316463,56072109,56072109,0.159742020692748,0.879219598017117,TRUE,0.255364470818931,2245,"KTN1;KTN1;KTN1;KTN1"
"chr5",36668326,36668326,-0.197752549257903,0.32319535249629,36668326,36668326,-0.262011085150971,0.215865167461287,TRUE,0.255527192043042,2246,"SLC1A3;SLC1A3;SLC1A3;SLC1A3"
"chr1",146848946,146848946,0.198164216978081,0.320149860837123,146848946,146848946,0.261316401109402,0.217954048894435,TRUE,0.255557383758165,2247,""
"chr6",121559670,121559670,0.254239816487645,0.0943014738749263,121559670,121559670,0.172556888528012,0.740412428605791,TRUE,0.255674583321139,2248,"TBC1D32;TBC1D32"
"chr12",121332297,121332297,-0.20088411049541,0.300585854853417,121332297,121332297,-0.256587003721896,0.232682804100661,TRUE,0.2559917058717,2249,"SPPL3"
"chr8",37798156,37798156,0.26832772501456,0.071510200311105,37798156,37798156,0.15141143064485,0.981648965507233,TRUE,0.256674228275529,2250,"GOT1L1"
"chr19",1000471,1000471,-0.183491100028845,0.451048638468553,1000471,1000471,-0.285766540106734,0.155739963154238,TRUE,0.256802741108109,2251,"GRIN3B"
"chr4",57775757,57775757,-0.197916098436557,0.321992204494931,57775757,57775757,-0.261037630473172,0.218800526918001,TRUE,0.257348901737801,2252,"REST"
"chr1",235142204,235142204,-0.227965931299063,0.16351414574257,235142204,235142204,-0.211643516253855,0.433631912180133,TRUE,0.258548879933285,2253,""
"chr12",48498370,48498370,0.225194107016371,0.173765860694086,48498370,48498370,0.215884594526477,0.408940695257159,TRUE,0.258958852603014,2254,"PFKM;SENP1;SENP1;SENP1;SENP1"
"chr5",2018326,2018326,0.190543673517556,0.382279231654042,2018326,2018326,0.272853599260496,0.185919921787912,TRUE,0.258994265445693,2255,""
"chr5",153439314,153439314,0.252442014743056,0.0977879956373779,153439314,153439314,0.173606422146236,0.730013099261513,TRUE,0.259821671992148,2256,""
"chr5",52467184,52467184,0.21192648401161,0.233824922968729,52467184,52467184,0.236943221192634,0.305463221422785,TRUE,0.259923014721638,2257,""
"chr8",3252836,3252836,0.190002044319761,0.387150677338801,3252836,3252836,0.273356622752386,0.184630861517248,TRUE,0.260068273469259,2258,"CSMD1"
"chr19",56098931,56098931,-0.153637272190643,0.91740519342746,56098931,56098931,-0.33710266221193,0.0780911787102149,TRUE,0.260493628702442,2259,""
"chr6",26538194,26538194,-0.152814117244726,0.935339920972173,26538194,26538222,-0.169807105173088,0.0766369208186072,TRUE,0.260599900458733,2260,"HMGN4"
"chr12",131413452,131413452,-0.198154270606851,0.320238513847749,131413452,131413452,-0.259238146256112,0.224297351807696,TRUE,0.260987379921131,2261,""
"chr1",165796659,165796659,0.236392052807884,0.136310336196056,165796659,165796659,0.197512463617239,0.527010149389931,TRUE,0.261009184694032,2262,"UCK2"
"chr5",149462007,149462007,-0.225386481208384,0.173037267043728,149462007,149462007,-0.214790161029242,0.415158464520822,TRUE,0.261011700724743,2263,"CSF1R;CSF1R;CSF1R"
"chr4",57840904,57840904,0.237019266399637,0.134551430665896,57840904,57840904,0.196184387038529,0.536733649777886,TRUE,0.262012404336953,2264,"C4orf14"
"chr12",133346891,133346891,-0.200349193586881,0.304418793842266,133346891,133346891,-0.255179558683745,0.237247281288538,TRUE,0.262023575441645,2265,"GOLGA3"
"chr2",134150468,134150468,0.202368153752513,0.29045259224383,134150468,134150468,0.251612219649264,0.249282646061353,TRUE,0.262502324312417,2266,"MIR7853;NCKAP5;NCKAP5"
"chr7",107844335,107844335,-0.162801805414167,0.737172132857339,107844335,107844335,-0.319789114201746,0.0982722449273916,TRUE,0.262604102968144,2267,"NRCAM;NRCAM;NRCAM;NRCAM;NRCAM"
"chr16",8939382,8939382,0.253947607926406,0.0948415867547932,8939382,8939382,0.170067876152057,0.765697702790607,TRUE,0.263066993925072,2268,"PMM2"
"chr10",1336103,1336103,0.201943855064999,0.293358772029156,1336103,1336103,0.252015399545517,0.247892452062801,TRUE,0.263332951633325,2269,"ADARB2"
"chr15",71507300,71507300,-0.181890066097668,0.46839408423675,71507300,71507300,-0.285833206865505,0.155600481321352,TRUE,0.263754563239045,2270,"THSD4"
"chr7",90390136,90390136,0.242842568276841,0.119143686415677,90390136,90390136,0.186616118407826,0.611861497472446,TRUE,0.263799316893478,2271,"CDK14"
"chr14",60629192,60629192,0.181139135755427,0.476760246500069,60629192,60629192,0.286596505430127,0.153976927825032,TRUE,0.265134742117434,2272,"DHRS7"
"chr19",41349377,41349377,-0.181350631564688,0.474372575079415,41349377,41349377,-0.286190590820693,0.154846001153601,TRUE,0.265251257760032,2273,""
"chr5",179246250,179246250,0.241968608584719,0.121338407166143,179246250,179246250,0.187371145872402,0.605573084983987,TRUE,0.265315426964311,2274,"SQSTM1;SQSTM1"
"chr1",183885116,183885116,-0.153192270059426,0.926967798842594,183885116,183885210,-0.163470699080962,0.0793870438897069,TRUE,0.265602422425136,2275,"RGL1;RGL1;RGL1;RGL1;RGL1"
"chr11",33061907,33061907,0.180522046342844,0.48386589704927,33061907,33061907,0.287424083846801,0.152242615978392,TRUE,0.265800104062054,2276,"TCP11L1;TCP11L1"
"chr6",17116181,17116181,0.247436228723303,0.108369738183075,17116181,17116181,0.178849306384817,0.680025291703132,TRUE,0.265876135607823,2277,""
"chr1",19577645,19577645,-0.166105954548483,0.681570305562343,19577645,19577645,-0.312399777360103,0.108515850888432,TRUE,0.266571992603147,2278,"MRTO4;KIAA0090"
"chr22",40322374,40322374,-0.180028821325037,0.489619402940598,40322374,40322374,-0.287779332933449,0.151512347751444,TRUE,0.26715032506483,2279,"GRAP2;GRAP2;GRAP2;GRAP2"
"chr15",40861311,40861311,-0.181532784555155,0.472377509848679,40861311,40861311,-0.285089635796128,0.157192754794773,TRUE,0.267334813116091,2280,"RPUSD2;RPUSD2"
"chr8",10268916,10268916,0.158665856819118,0.813378707781797,10268916,10268916,0.325281760515343,0.0913255984954911,TRUE,0.267407550660902,2281,"MSRA;MSRA;MSRA"
"chr15",65954293,65954293,0.228608307566097,0.161228537031629,65954293,65954293,0.207177241728058,0.461241495085841,TRUE,0.267623279438237,2282,"DENND4A;DENND4A"
"chr19",1542897,1542897,0.150335178006308,0.99213968138555,1542897,1542897,0.340144587758074,0.0750281050253838,TRUE,0.267813132116798,2283,""
"chr8",68305223,68305223,-0.251034775169806,0.100645006526054,68305223,68305223,-0.172426787720952,0.74170242878099,TRUE,0.268359111835263,2284,""
"chr17",68262697,68262697,0.210952339242093,0.23904725577958,68262697,68262697,0.235291013478998,0.312554462768238,TRUE,0.268532012556877,2285,""
"chr2",88316557,88316557,-0.231189054874581,0.152547991823064,88316557,88316557,-0.202762445627122,0.490220669282709,TRUE,0.268705505301352,2286,""
"chr1",26686587,26686587,0.240956709519752,0.123820691463684,26686587,26686587,0.187457521645697,0.604856238593789,TRUE,0.268994662511604,2287,""
"chr1",155881358,155881358,0.217850155485744,0.204587309060785,155881358,155881358,0.223824569944815,0.366334672333865,TRUE,0.269133835235888,2288,"RIT1"
"chr5",121355586,121355586,0.206801299783078,0.262641621322018,121355586,121355586,0.241279835628294,0.287614998259673,TRUE,0.270665988508962,2289,"SRFBP1"
"chr16",53544020,53544020,-0.194968494715,0.344917575049616,53544020,53544020,-0.260853433283581,0.219354920208496,TRUE,0.270975084519322,2290,""
"chr6",18743004,18743004,0.216820968211193,0.209349242203005,18743004,18743004,0.22479379032713,0.361461530496932,TRUE,0.271006914464273,2291,""
"chr7",114561493,114561493,0.246734747519777,0.109987841872828,114561493,114561493,0.177928829516057,0.68855590285237,TRUE,0.271164559435759,2292,"MDFIC;MDFIC;MDFIC"
"chr9",20417466,20417466,0.231346320819758,0.152036933291217,20417466,20417466,0.20144657383596,0.499211645672834,TRUE,0.271592309421222,2293,"MLLT3;MLLT3"
"chr20",57530543,57530543,0.227338841222718,0.165796029537097,57530543,57530543,0.207556580102304,0.458825978028942,TRUE,0.272037956233901,2294,""
"chr19",1503341,1503341,0.248392896146556,0.106253240677279,1503341,1503341,0.174806596578173,0.718272338165921,TRUE,0.272674460624437,2295,""
"chr6",82959740,82959740,0.177909425596157,0.515003963311063,82959740,82959740,0.289399503305316,0.148203056674815,TRUE,0.272690921218183,2296,""
"chr2",231535949,231535949,-0.206696996783381,0.263236862964795,231535949,231535949,-0.240602548160027,0.290329555343196,TRUE,0.272948850520536,2297,""
"chr7",50518170,50518170,0.155842024786593,0.870036921371484,50518170,50518170,0.32807173870637,0.0880047277949998,TRUE,0.27331366027424,2298,"FIGNL1;FIGNL1"
"chr8",82061315,82061315,0.17097913115627,0.606784413757755,82061315,82061315,0.301156333193534,0.126316176516478,TRUE,0.273517450652583,2299,""
"chr10",104836989,104836989,0.231597781330132,0.151215216730537,104836989,104836989,0.200225000210291,0.507671763982001,TRUE,0.273828171949431,2300,"CNNM2;CNNM2"
"chr18",29711745,29711745,0.223708759132934,0.1795327762845,29711745,29711745,0.212560139412404,0.428144674316688,TRUE,0.274080458265135,2301,""
"chr5",125725074,125725074,0.209827599714613,0.245159098629827,125725074,125725074,0.234931997633371,0.314116471315655,TRUE,0.274445960235337,2302,"GRAMD3"
"chr2",171574548,171574548,-0.201118154683736,0.298977435946337,171574548,171574548,-0.249135627295165,0.25799450840098,TRUE,0.274768966656058,2303,""
"chr10",22900848,22900848,-0.20652035480655,0.264326773507203,22900848,22900848,-0.240156968480473,0.292141578496729,TRUE,0.27499004747773,2304,"PIP4K2A"
"chr20",34729349,34729349,0.193237033916563,0.359005953906394,34729349,34729349,0.262246518033178,0.215156216269176,TRUE,0.275045163681126,2305,"EPB41L1;EPB41L1;EPB41L1;EPB41L1"
"chr3",18799692,18799692,-0.215162861983122,0.217314603460298,18799692,18799692,-0.22565016961497,0.357205529977202,TRUE,0.276026577857016,2306,""
"chr6",30797561,30797561,-0.239806321649335,0.126872887972394,30797561,30797561,-0.186494462991097,0.612879263698338,TRUE,0.276363286767658,2307,"LINC00243"
"chr16",19777742,19777742,0.205532243488042,0.270340278564149,19777742,19777742,0.24082902769969,0.289420592466191,TRUE,0.277598712561486,2308,"IQCK;IQCK;IQCK;IQCK;IQCK"
"chr19",39029649,39029649,-0.183465793121273,0.451316087466997,39029649,39029649,-0.277751353862399,0.173827711588865,TRUE,0.278131461589825,2309,"RYR1;RYR1"
"chr21",43298407,43298407,-0.261375639235262,0.081825983824923,43298407,43298407,-0.152985208398123,0.961544069153514,TRUE,0.278711572857265,2310,"PRDM15;PRDM15;PRDM15;PRDM15;PRDM15"
"chr9",126101872,126101872,-0.251440915362719,0.0997964705672005,126101872,126101872,-0.167767637343288,0.789725873458923,TRUE,0.279048492336858,2311,""
"chr2",71055476,71055476,-0.257312998095074,0.0886217213285734,71055476,71055476,-0.158847543968147,0.889753596883066,TRUE,0.279149196479964,2312,""
"chr1",997858,997858,-0.19863158426079,0.316670043924214,997858,997858,-0.251595923342986,0.24933960427613,TRUE,0.279420640103171,2313,""
"chr3",124369830,124369830,-0.204698243169852,0.275490347996591,124369830,124369830,-0.241438262559758,0.286986578088058,TRUE,0.279683719312738,2314,"KALRN;KALRN"
"chr14",60714940,60714940,-0.261842286361557,0.0810661008766963,60714940,60714940,-0.151856482419768,0.975938105556994,TRUE,0.27981936898416,2315,"PPM1A;PPM1A;PPM1A"
"chr21",30433753,30433753,0.202058808936059,0.292589949281538,30433753,30433753,0.245306271133174,0.272028072617475,TRUE,0.281028472978864,2316,"CCT8;CCT8;CCT8;CCT8;CCT8;CCT8;CCT8;CCT8"
"chr17",48078918,48078918,-0.185966626411299,0.425673762880761,48078918,48078918,-0.272424849179718,0.18701573768633,TRUE,0.281066466476677,2317,""
"chr16",23377300,23377300,-0.220753793700808,0.191608955295043,23377300,23377300,-0.214688975008741,0.415743085141139,TRUE,0.281199068762636,2318,"SCNN1B"
"chr3",63955727,63955727,-0.170430360508668,0.614812353610785,63955727,63955727,-0.299122632078816,0.129847097082288,TRUE,0.281632779874559,2319,"ATXN7;ATXN7"
"chr14",31028000,31028000,-0.195427611568017,0.341217243085065,31028000,31028000,-0.256099457977949,0.234262520449503,TRUE,0.281892605609369,2320,"G2E3"
"chr2",30119103,30119103,0.152154878170833,0.950068240468684,30119103,30119103,0.331401757686222,0.084187625096594,TRUE,0.282017850108899,2321,"ALK"
"chr11",48023430,48023430,-0.161492858263529,0.760443920638421,48023430,48023430,-0.314630145510575,0.105305738538259,TRUE,0.28225805950238,2322,"PTPRJ;PTPRJ"
"chr16",84209087,84209087,-0.186379508381128,0.421475037100167,84209087,84209087,-0.271254245428954,0.190059900491931,TRUE,0.282324695499008,2323,"DNAAF1"
"chr6",24908812,24908812,0.233950728611185,0.143711000125157,24908812,24908812,0.19326829824114,0.558611018102336,TRUE,0.282761344070844,2324,"FAM65B"
"chr12",47613263,47613263,0.21598170607834,0.21334011764776,47613263,47613263,0.221676473316912,0.377407875633035,TRUE,0.28336051310615,2325,"PCED1B;PCED1B"
"chr1",156616804,156616804,0.203909030653347,0.280466836324193,156616804,156616804,0.241128387761829,0.288222138992631,TRUE,0.284167337951361,2326,"BCAN;BCAN"
"chr22",51107084,51107084,0.255718496097995,0.0915003367324437,51107084,51107084,0.15937068337009,0.883567897162112,TRUE,0.284192512285955,2327,""
"chr12",47605047,47605047,0.211634252074885,0.235385662945723,47605047,47605047,0.22820325125602,0.344811384845566,TRUE,0.2849889495159,2328,"PCED1B-AS1;PCED1B;PCED1B"
"chr16",34777881,34777881,0.237748621002528,0.132515391354618,34777881,34777881,0.186438682762039,0.613344591635165,TRUE,0.28527501117736,2329,""
"chr9",35955158,35955158,-0.171218251271142,0.603397719755169,35955158,35955158,-0.296400972009338,0.134735127007044,TRUE,0.28532839317121,2330,""
"chr2",160373210,160373210,-0.173695787993308,0.569188087419318,160373210,160373210,-0.291845642484473,0.143332170608764,TRUE,0.286040870390583,2331,"BAZ2B;BAZ2B"
"chr5",369088,369088,-0.19669228621894,0.331241916931384,369088,369088,-0.252150021757931,0.247424905951272,TRUE,0.286978649913787,2332,"AHRR"
"chr11",127923605,127923605,0.209311906848489,0.24808762791363,127923605,127923605,0.231265696282367,0.330514196205297,TRUE,0.287076158202522,2333,""
"chr5",43533981,43533981,-0.248711257520614,0.105530606893181,43533981,43533981,-0.168882495123318,0.777988308038748,TRUE,0.287338942707435,2334,"PAIP1;PAIP1;PAIP1"
"chr8",134517821,134517821,-0.24379943990855,0.116788049276174,134517821,134517821,-0.176381260995697,0.703133371024758,TRUE,0.28737892911809,2335,"ST3GAL1;ST3GAL1"
"chr8",76714903,76714903,0.252468214277836,0.0977321218911848,76714903,76714903,0.162823928474383,0.843817304213938,TRUE,0.288254245299362,2336,""
"chr6",75284781,75284781,-0.226891116637674,0.167414878210133,75284781,75284781,-0.202095456351308,0.49477014559422,TRUE,0.289161320125181,2337,"LOC101928516"
"chr9",2157798,2157798,-0.169693111365661,0.625722633784098,2157798,2157798,-0.297438537891292,0.13284272321774,TRUE,0.289885213532784,2338,"SMARCA2;SMARCA2;SMARCA2;SMARCA2;SMARCA2;SMARCA2;SMARCA2;SMARCA2"
"chr8",108208344,108208344,0.183238800043007,0.453737283135366,108208344,108208344,0.273487362638691,0.184295653964145,TRUE,0.291125224653002,2339,""
"chr1",1070040,1070040,-0.232051853570708,0.149739404847755,1070040,1070040,-0.193237808231334,0.558845505485546,TRUE,0.291272562226822,2340,""
"chr13",36872048,36872048,0.155583646636923,0.875503608699021,36872048,36872048,0.321858379530557,0.095590246136936,TRUE,0.29129342993655,2341,"C13orf38;C13orf38;C13orf38;C13orf38;C13orf38;C13orf38"
"chr5",86412871,86412871,0.236572308215903,0.1358082174636,86412871,86412871,0.185955399021049,0.617407272590286,TRUE,0.291688632069413,2342,""
"chr5",145419314,145419314,0.186250730181005,0.422845806340106,145419314,145419314,0.268099358692879,0.198473512324743,TRUE,0.291873788321818,2343,"SH3RF2"
"chr8",99738902,99738902,0.181997374850436,0.467180506469435,99738902,99738902,0.275246770851265,0.179900096419167,TRUE,0.29217630859921,2344,"STK3;STK3;STK3"
"chr1",165087522,165087522,0.257532065254107,0.0882171954061351,165087522,165087522,0.153646954543482,0.953181926492999,TRUE,0.292278370735058,2345,""
"chr13",78518703,78518703,0.242395983384619,0.12028723575443,78518703,78518703,0.176765011147069,0.699492782397889,TRUE,0.292409618862921,2346,"EDNRB"
"chr1",248401775,248401775,0.173976950722527,0.565343228697948,248401775,248401775,0.288949045659269,0.149115027246329,TRUE,0.292808274988536,2347,"OR2M4"
"chr1",26453056,26453056,-0.245180658647306,0.113545137047125,26453056,26453056,-0.172307478458497,0.742903401198702,TRUE,0.292936620319382,2348,""
"chr10",130903082,130903082,0.182421779420405,0.462597369315033,130903082,130903082,0.274219601430341,0.182455358482221,TRUE,0.293060985217019,2349,""
"chr8",43146388,43146388,-0.241632664518743,0.122107229913761,43146388,43146388,-0.177558509021754,0.692016180193384,TRUE,0.293300258282328,2350,"POTEA;POTEA"
"chr12",8758877,8758877,0.219667675909701,0.196414842450935,8758877,8758877,0.212204167179473,0.430262429617129,TRUE,0.293324346296421,2351,"AICDA"
"chr2",205130274,205130274,0.253420512869704,0.0958875432835287,205130274,205130274,0.159533131212627,0.881656808070667,TRUE,0.293398413256245,2352,""
"chr9",116860650,116860650,0.2300029618491,0.156464368939561,116860650,116860650,0.1953574176464,0.542865586959479,TRUE,0.294383748227379,2353,"KIF12"
"chr10",34763442,34763442,0.247715223618367,0.107744697208995,34763442,34763442,0.167878753786994,0.788549413751465,TRUE,0.294440203397176,2354,"PARD3"
"chr13",33739888,33739888,0.213216939216273,0.227132738141356,33739888,33739888,0.222210230212465,0.3746233144598,TRUE,0.294753729675723,2355,"STARD13;STARD13;STARD13;STARD13;STARD13;STARD13"
"chr1",227177885,227177885,0.165619853253569,0.689524492070398,227177885,227177885,0.302784505417507,0.12354883439431,TRUE,0.295001869642602,2356,"CDC42BPA;CDC42BPA"
"chr1",3819818,3819818,0.168175013598125,0.648963132267312,3819818,3819818,0.29793527604452,0.131936279284888,TRUE,0.296064328253466,2357,"LINC01134"
"chr16",21652206,21652206,-0.186990018150288,0.415494311307654,21652206,21652206,-0.265301250461808,0.206275960633189,TRUE,0.296272480889844,2358,"METTL9;METTL9;METTL9;METTL9"
"chr14",22998371,22998371,0.207259724617431,0.259880713276794,22998371,22998371,0.231189846155506,0.33086365271114,TRUE,0.296956485437298,2359,""
"chr2",12595966,12595966,0.209710468814366,0.24583703341697,12595966,12595966,0.227061372682432,0.350298697901374,TRUE,0.297278566571001,2360,"LOC100506457"
"chr8",26687088,26687088,0.163897894013267,0.718432823367444,26687088,26687088,0.304884949395359,0.120093482153055,TRUE,0.297677378938808,2361,"ADRA1A;ADRA1A;ADRA1A;ADRA1A"
"chr20",33839345,33839345,-0.162418494052795,0.743952970695338,33839345,33839345,-0.306943706444107,0.116807087150881,TRUE,0.299193967615805,2362,"MMP24"
"chr15",75088803,75088803,-0.233351602848067,0.145595807830072,75088803,75088803,-0.188326065437731,0.597719505868877,TRUE,0.299502854766528,2363,"CSK;CSK"
"chr1",179712158,179712158,0.202138385386995,0.292026741919911,179712158,179712158,0.238708453572482,0.298058879078876,TRUE,0.299541207840096,2364,"FAM163A"
"chr14",79177505,79177505,-0.250612632211848,0.101519616899797,79177505,79177505,-0.161406833765146,0.85994106572993,TRUE,0.300174904648713,2365,"NRXN3;NRXN3"
"chr11",72851269,72851269,0.215038093120372,0.217913570019489,72851269,72851269,0.217345661318289,0.400790595059576,TRUE,0.300264683087336,2366,"FCHSD2"
"chr12",54389264,54389264,0.227974436156354,0.163486581361114,54389264,54389264,0.196346351766068,0.535537564863752,TRUE,0.300789791528545,2367,""
"chr2",36936685,36936685,0.168613975808243,0.642206133894355,36936685,36936685,0.295527124459453,0.136349920593105,TRUE,0.300817920138288,2368,"VIT;VIT;VIT;VIT;VIT"
"chr11",4079556,4079556,-0.166383788839399,0.677057941819786,4079556,4079556,-0.299413623078099,0.129338608729247,TRUE,0.300830040533422,2369,"STIM1"
"chr4",177804777,177804777,0.202699869364383,0.288232542061756,177804777,177804777,0.23724028159966,0.304207546561179,TRUE,0.301104628756384,2370,""
"chr10",30887231,30887231,0.247784192310834,0.107587505736371,30887231,30887231,0.165381926876515,0.815421021213044,TRUE,0.301218040691062,2371,""
"chr5",133735032,133735032,0.184305953182829,0.442596058144455,133735032,133735032,0.268104365923713,0.198461406354341,TRUE,0.301483522248854,2372,""
"chr18",61630206,61630206,0.216820529175575,0.20935073216957,61630206,61630206,0.213973064020186,0.419892011736325,TRUE,0.301645154592033,2373,""
"chr3",159557493,159557493,-0.24093062697934,0.123899659691637,159557493,159557493,-0.175663434944699,0.709991027295354,TRUE,0.301798186787923,2374,"SCHIP1;IQCJ-SCHIP1;IQCJ-SCHIP1;SCHIP1;SCHIP1;SCHIP1"
"chr5",1962501,1962501,-0.238628241066298,0.130064396354946,1962501,1962501,-0.17905009800355,0.678163002455106,TRUE,0.302374485885807,2375,""
"chr19",30862847,30862847,0.168596699128314,0.642443783561497,30862847,30862847,0.294913302503052,0.137495551431839,TRUE,0.302685918773864,2376,"ZNF536"
"chr11",117297095,117297095,-0.168854474743731,0.63853634624439,117297095,117297095,-0.294433985573039,0.138397107861113,TRUE,0.302779145069519,2377,""
"chr5",125827352,125827352,0.248594062450435,0.105812210573995,125827352,125827352,0.163581974923777,0.835316920394522,TRUE,0.302815891779089,2378,"GRAMD3;GRAMD3;GRAMD3;GRAMD3;GRAMD3"
"chr7",155842198,155842198,0.191770659848847,0.371462819374333,155842198,155842198,0.254952397312216,0.23800040799376,TRUE,0.302868225210972,2379,""
"chr3",42977539,42977539,0.227592563821245,0.164860330534183,42977539,42977539,0.19601714620935,0.53796184183091,TRUE,0.303547644079764,2380,"KRBOX1-AS1;KRBOX1"
"chr1",100284116,100284116,0.239946911704286,0.126504121247519,100284116,100284116,0.176589186763903,0.701158744386796,TRUE,0.303574059110394,2381,""
"chr2",238864146,238864146,0.207746194552908,0.257055736669269,238864146,238864146,0.227959275292528,0.345988145322475,TRUE,0.304152150837052,2382,""
"chr8",20350779,20350779,-0.191753804200886,0.371624480746652,20350779,20350779,-0.254391221095975,0.239863975511953,TRUE,0.304638518513852,2383,""
"chr10",6969426,6969426,-0.247398379819383,0.108457646210419,6969426,6969426,-0.16435188565378,0.826738486902581,TRUE,0.305910496478853,2384,""
"chr3",12641300,12641300,0.252564013523632,0.0975317213881721,12641300,12641300,0.156224989907619,0.921243068110069,TRUE,0.306354805325514,2385,"RAF1;RAF1"
"chr22",29950244,29950244,-0.187115600284587,0.414281478523622,29950244,29950244,-0.261667151423455,0.216896242735384,TRUE,0.306368476971112,2386,"THOC5;THOC5;THOC5;THOC5"
"chr11",45396759,45396759,0.199013183433371,0.313938935210294,45396759,45396759,0.241394738416083,0.287159971676541,TRUE,0.307077845839728,2387,"LOC399886"
"chr10",102415086,102415086,-0.154683731444378,0.894555811167597,102415086,102415086,-0.317893703707081,0.10080596437852,TRUE,0.307140081554505,2388,""
"chr18",33709444,33709444,0.252584466427028,0.0974989421237387,33709444,33709444,0.155851789565535,0.925827772043525,TRUE,0.30735817980622,2389,"SLC39A6;SLC39A6;ELP2"
"chr3",196530702,196530702,-0.164148119239507,0.714111920328508,196530702,196530702,-0.301030846076856,0.126534948695875,TRUE,0.307581523095768,2390,"PAK2"
"chr18",60052386,60052386,-0.16122013552377,0.765485222511607,60052386,60052386,-0.306140818628462,0.118083289527516,TRUE,0.307655795028872,2391,"TNFRSF11A"
"chr12",11918931,11918931,-0.205181109403238,0.272499240117052,11918931,11918931,-0.230943642053489,0.331986049109786,TRUE,0.30783587360552,2392,"ETV6"
"chr17",49812046,49812046,0.151996476094144,0.953652355041153,49812046,49812046,0.32238108167628,0.0949279518059063,TRUE,0.307985590352047,2393,"CA10;CA10;CA10"
"chr3",128906561,128906561,0.187687719963578,0.408706768620112,128906561,128906561,0.260002755632592,0.221933867865814,TRUE,0.308412050043903,2394,""
"chr6",125368615,125368615,0.225596510135648,0.172262484429849,125368615,125368615,0.19747466453913,0.527281706607972,TRUE,0.308711939320521,2395,"RNF217;RNF217;RNF217"
"chr12",74677455,74677455,0.151405936108355,0.967100793258199,74677455,74677455,0.322976176160949,0.0941671554796848,TRUE,0.309283188276636,2396,"LOC100507377"
"chr6",170568266,170568266,0.215612334592961,0.215141487225027,170568266,170568266,0.213382382046398,0.423312361932723,TRUE,0.309290185771537,2397,"LOC154449"
"chr10",1462906,1462906,-0.161407246257664,0.762033714963436,1462906,1462906,-0.30512696927736,0.119702895424793,TRUE,0.309638920648671,2398,"ADARB2"
"chr5",140249735,140249735,0.215594247858133,0.215225670335958,140249735,140249735,0.213194889542915,0.42441035840966,TRUE,0.309941407360275,2399,"PCDHA6;PCDHA2;PCDHA1;PCDHA9;PCDHA7;PCDHA1;PCDHA6;PCDHA5;PCDHA11;PCDHA11;PCDHA10;PCDHA3;PCDHA4;PCDHA10;PCDHA8"
"chr15",79973073,79973073,0.220101105408344,0.194524819863042,79973073,79973073,0.205877803709928,0.46958976475543,TRUE,0.30994825287231,2400,""
"chr20",378856,378856,0.224849409113371,0.175088206020657,378856,378856,0.198203978405366,0.52201722611915,TRUE,0.310073145925808,2401,""
"chr5",28927606,28927606,0.21316424682305,0.22742030168843,28927606,28927606,0.217084410354162,0.402233950058586,TRUE,0.310257592592142,2402,""
"chr16",86542923,86542923,0.190986070483404,0.37834720988861,86542923,86542923,0.253763549294975,0.241957894833405,TRUE,0.310420029556922,2403,"FOXF1;FENDRR;FENDRR"
"chr14",72983722,72983722,-0.253298974354096,0.0961177431178444,72983722,72983722,-0.153547654143016,0.954437338181336,TRUE,0.31088430676784,2404,"RGS6"
"chr6",42245978,42245978,-0.196165244089408,0.335330385186156,42245978,42245978,-0.244889115017243,0.273616586472759,TRUE,0.310916775584915,2405,"TRERF1;TRERF1"
"chr6",144904252,144904252,-0.211069723165161,0.238411785039544,144904252,144904252,-0.220225627802527,0.385060653543444,TRUE,0.311038684718499,2406,"UTRN"
"chr8",106330885,106330885,-0.165781658517685,0.686904385865581,106330885,106330885,-0.296959276628681,0.133711608565403,TRUE,0.311143972136605,2407,"ZFPM2"
"chr17",57120,57120,-0.177314746050736,0.522322679079081,57120,57120,-0.27688646580855,0.175904524647793,TRUE,0.311219970168737,2408,""
"chr18",72453774,72453774,0.215210829533877,0.217091108475526,72453774,72453774,0.213389334015386,0.423271419691211,TRUE,0.31124274223614,2409,"ZNF407;ZNF407;ZNF407"
"chr2",175260420,175260420,-0.209821929509418,0.245192622877543,175260420,175260420,-0.222095233407552,0.375224966150278,TRUE,0.311514647643188,2410,"CIR1;CIR1;SCRN3"
"chr4",95397348,95397348,0.197947100626936,0.321769454493441,95397348,95397348,0.241655893951536,0.28612795649791,TRUE,0.311669336011409,2411,"PDLIM5;PDLIM5;PDLIM5;PDLIM5;PDLIM5;PDLIM5;PDLIM5;PDLIM5"
"chr2",87018585,87018585,-0.231412746150379,0.151804498507053,87018585,87018585,-0.18720208321406,0.606975196972034,TRUE,0.311846598005441,2412,"CD8A;CD8A;CD8A;CD8A;CD8A;CD8A"
"chr19",43955029,43955029,0.154964491714915,0.888569870492106,43955029,43955029,0.315579486277655,0.103966261788377,TRUE,0.312417887486291,2413,""
"chr8",125985512,125985512,-0.210276886091463,0.242725238245654,125985512,125985512,-0.220823801516813,0.381887009489201,TRUE,0.313161271593646,2414,"ZNF572"
"chr19",46438838,46438838,0.151399774801114,0.967244575031736,46438838,46438838,0.321625387301096,0.0958892861635601,TRUE,0.313291538852089,2415,""
"chr18",33197023,33197023,-0.253137979053787,0.0964172263974396,33197023,33197023,-0.152873744658651,0.962956557687618,TRUE,0.313522636819434,2416,""
"chr5",90207157,90207157,0.1716588498651,0.597228513192164,90207157,90207157,0.28580436362529,0.155662590212977,TRUE,0.313809052758332,2417,"ADGRV1;ADGRV1"
"chr12",125246406,125246406,-0.235368632135944,0.139371472504157,125246406,125246406,-0.180212217439486,0.667558585941449,TRUE,0.313981215955448,2418,""
"chr12",104917222,104917222,-0.221534646310813,0.188309424336518,104917222,104917222,-0.202120143586439,0.494602992971845,TRUE,0.314218118299799,2419,"CHST11;CHST11"
"chr3",4560725,4560725,-0.204077174533138,0.279400020263545,4560725,4560725,-0.230488864274063,0.334081284297586,TRUE,0.314701916480413,2420,"ITPR1;ITPR1;ITPR1"
"chr10",119590573,119590573,-0.191767496259711,0.371489638772506,119590573,119590573,-0.250982630107959,0.251472322856756,TRUE,0.314884594972019,2421,""
"chr20",50804300,50804300,0.225370193134295,0.173096865706334,50804300,50804300,0.195510862333698,0.541726460260122,TRUE,0.315717906645152,2422,"ZFP64;ZFP64;ZFP64;ZFP64"
"chr7",151108811,151108811,-0.227384697109361,0.16562319341554,151108811,151108811,-0.192287390962439,0.56617619691015,TRUE,0.315719699394344,2423,"WDR86;WDR86;WDR86-AS1;WDR86-AS1;WDR86-AS1"
"chr14",50510848,50510848,-0.235955017635622,0.137634916472474,50510848,50510848,-0.178443217149758,0.683776601084139,TRUE,0.31652294153679,2424,"LINC01599"
"chr12",131422026,131422026,0.23288397442488,0.14706491486331,131422026,131422026,0.183268246999119,0.640429106271848,TRUE,0.316695707781629,2425,""
"chr8",134511683,134511683,-0.238013671723733,0.13178977763739,134511683,134511683,-0.175177101908452,0.714686188809677,TRUE,0.316704406224003,2426,"ST3GAL1;ST3GAL1"
"chr1",1109486,1109486,0.198663587471104,0.316440589073181,1109486,1109486,0.238782975874046,0.297750778372541,TRUE,0.31678023049374,2427,"TTLL10"
"chr18",12622286,12622286,0.242210863820008,0.120747635423061,12622286,12622286,0.168570383461572,0.781264552071952,TRUE,0.317052785119039,2428,"SPIRE1;SPIRE1;SPIRE1"
"chr10",7637525,7637525,0.253234616138478,0.096237685426339,7637525,7637525,0.151505751621096,0.980439120390718,TRUE,0.317098453084949,2429,"ITIH5;ITIH5;ITIH5"
"chr14",58911920,58911920,0.244632905023139,0.114801178861546,58911920,58911920,0.164757956047864,0.822254427946655,TRUE,0.317194255291204,2430,"KIAA0586;KIAA0586;KIAA0586;KIAA0586;KIAA0586;KIAA0586"
"chr8",24192557,24192557,0.186232833197018,0.423003742796012,24192557,24192557,0.259554340621606,0.223317783302077,TRUE,0.317355862210015,2431,"ADAM28;ADAM28;ADAM28;ADAM28;ADAM28;LOC101929294"
"chr8",144923606,144923606,0.245316508477469,0.113238203934704,144923606,144923606,0.163547744002049,0.835704311447368,TRUE,0.317755408538915,2432,"NRBP2"
"chr11",69152387,69152387,-0.238439886663766,0.130608234151226,69152387,69152387,-0.174144792749498,0.724718128269599,TRUE,0.31780373942326,2433,""
"chr17",27851707,27851707,0.244358873834339,0.115456764150212,27851707,27851707,0.164930105364014,0.820359317232292,TRUE,0.31794959632074,2434,"TAOK1;TAOK1"
"chr10",53287690,53287690,0.203192686824404,0.285054443378291,53287690,53287690,0.230855458650833,0.332389230558808,TRUE,0.31802735531562,2435,"PRKG1;PRKG1"
"chr7",6111170,6111170,-0.183070970469202,0.455588566592566,6111170,6111170,-0.264481282225671,0.208618089944052,TRUE,0.318722046241752,2436,""
"chr4",38025402,38025402,0.196129851455243,0.33561794873323,38025402,38025402,0.242242977741432,0.28382977712307,TRUE,0.31922626166359,2437,"TBC1D1;TBC1D1"
"chr6",13178669,13178669,0.205926877344454,0.267925787745323,13178669,13178669,0.225910537789196,0.355929515581474,TRUE,0.319471497229671,2438,"PHACTR1;PHACTR1"
"chr7",135183939,135183939,-0.223348820777379,0.180963144187044,135183939,135183939,-0.197455472836973,0.527419158247065,TRUE,0.319661191881094,2439,"CNOT4;CNOT4"
"chr9",108456125,108456125,-0.227672520591191,0.164592136552456,108456125,108456125,-0.190535003306767,0.579929782363977,TRUE,0.31968104888666,2440,"TMEM38B"
"chr18",56194472,56194472,0.245592695978886,0.112604223161232,56194472,56194472,0.162311782035501,0.8496148985546,TRUE,0.320193717762243,2441,"ALPK2"
"chr18",54605833,54605833,0.21143433046108,0.236476318471414,54605833,54605833,0.216656015215338,0.404601381599511,TRUE,0.32021347675288,2442,"WDR7;WDR7"
"chr15",99975310,99975310,0.222482856867188,0.184445196049801,99975310,99975310,0.198640539189153,0.518885163441503,TRUE,0.320277376399051,2443,""
"chr1",147016901,147016901,-0.205897331317229,0.268100113833446,147016901,147016901,-0.225602240054969,0.357441784380937,TRUE,0.320568979945208,2444,"BCL9"
"chr3",185313097,185313097,0.1926950423877,0.363583876177819,185313097,185313097,0.247585323413815,0.263591940672023,TRUE,0.320586794638831,2445,"SENP2"
"chr10",127622996,127622996,-0.150929239530563,0.978304596844847,127622996,127622996,-0.319946942888141,0.0980689247785378,TRUE,0.320829457383902,2446,"FANK1"
"chr17",37139595,37139595,-0.194497745201576,0.348699110191967,37139595,37139595,-0.244479261373814,0.275178745404901,TRUE,0.320860640698769,2447,""
"chr2",110303853,110303853,-0.208847012988286,0.250715928934555,110303853,110303853,-0.22012450574376,0.385600045957572,TRUE,0.322549021313584,2448,"SEPT10;SEPT10;SEPT10"
"chr1",20171961,20171961,0.197343544514067,0.326289268068825,20171961,20171961,0.239072132810809,0.296558941826902,TRUE,0.322754411524359,2449,""
"chr1",168753307,168753307,0.223168380353242,0.181677583155034,168753307,168753307,0.196551568206477,0.534029394048058,TRUE,0.323354684554743,2450,""
"chr15",49089383,49089383,-0.15632971353145,0.860001996555197,49089383,49089383,-0.309337245673988,0.113090892603275,TRUE,0.32390779661252,2451,"CEP152;CEP152"
"chr1",112806173,112806173,-0.181753126597971,0.46988703073503,112806173,112806173,-0.26493170782228,0.207330345539736,TRUE,0.324288553658919,2452,""
"chr8",126111317,126111317,0.224034358772447,0.178297594001991,126111317,126111317,0.194658903675896,0.548082433086504,TRUE,0.324986561090207,2453,"NSMCE2"
"chr1",244226143,244226143,0.244454604386075,0.115225819332614,244226143,244226143,0.162422869129817,0.848361253886787,TRUE,0.32505944467235,2454,""
"chr5",96519003,96519003,-0.163258905725203,0.729299894510367,96519003,96519003,-0.29676187795277,0.134070351328044,TRUE,0.325116115282448,2455,"RIOK2;RIOK2;RIOK2;RIOK2"
"chr14",37666489,37666489,0.20681768118142,0.262542538545435,37666489,37666489,0.2225001513964,0.373121534994939,TRUE,0.325540923594433,2456,"MIPOL1;MIPOL1;MIPOL1"
"chr6",387171,387171,-0.176276870549946,0.535487278665467,387171,387171,-0.274005636238701,0.182989186661506,TRUE,0.325606216642129,2457,""
"chr1",209145738,209145738,0.189266116232193,0.393909910661605,209145738,209145738,0.251723790263251,0.248894390296335,TRUE,0.325730675987942,2458,""
"chr16",23653689,23653689,-0.171006591342547,0.606400002383947,23653689,23653689,-0.283016516306804,0.161714635509157,TRUE,0.325781273864929,2459,"PALB2;DCTN5;DCTN5;DCTN5;DCTN5"
"chr1",198906494,198906494,-0.152124055818293,0.95080204900202,198906494,198906494,-0.316149156279284,0.103187908045455,TRUE,0.325891608104105,2460,""
"chr12",55371892,55371892,-0.204651601661346,0.275791321242751,55371892,55371892,-0.225833473988218,0.356302206527404,TRUE,0.326248515849984,2461,"KIAA0748;KIAA0748"
"chr6",134840760,134840760,-0.232335842868935,0.14882382039347,134840760,134840760,-0.180854441454536,0.66177915055639,TRUE,0.326766674121012,2462,""
"chr10",81106651,81106651,0.173034758087098,0.578074248013875,81106651,81106651,0.279169140286715,0.1704740946144,TRUE,0.326901513486589,2463,"PPIF"
"chr2",233352439,233352439,-0.177022692145977,0.526005876428133,233352439,233352439,-0.272111956553692,0.187826123375779,TRUE,0.32748272633908,2464,"ECEL1;ECEL1;ECEL1;ECEL1"
"chr8",134508017,134508017,0.235193536718982,0.139886255952416,134508017,134508017,0.175970580900118,0.70704551686967,TRUE,0.327733359736391,2465,"ST3GAL1;ST3GAL1"
"chr1",189629037,189629037,0.173456010387307,0.572370656002479,189629037,189629037,0.277732889677958,0.173873992488133,TRUE,0.329152970978714,2466,""
"chr5",3103718,3103718,0.209963622724627,0.244434974879164,3103718,3103718,0.21618930888386,0.407224655154666,TRUE,0.329198141370654,2467,""
"chr1",146548469,146548469,-0.248836086717694,0.105254218095346,146548469,146548469,-0.154206970205719,0.946160877218165,TRUE,0.329307664125075,2468,""
"chr7",18329562,18329562,-0.195236965021392,0.342755633563583,18329562,18329562,-0.240345485390337,0.2913707063939,TRUE,0.329956672084489,2469,""
"chr4",6918589,6918589,-0.246065921327696,0.111505372819434,6918589,6918589,-0.158223165678416,0.897151585472324,TRUE,0.330344209226606,2470,"TBC1D14;TBC1D14"
"chr13",21723183,21723183,0.191401311697025,0.374729571068425,21723183,21723183,0.246468166348111,0.267692631366509,TRUE,0.330977222789741,2471,"SAP18"
"chr14",64407365,64407365,-0.17098848622705,0.606657766599717,64407365,64407365,-0.281137983188179,0.165934468502408,TRUE,0.331788518736771,2472,"SYNE2;SYNE2"
"chr14",92119484,92119484,-0.215526221717676,0.215549738063878,92119484,92119484,-0.206149709503855,0.467843798092565,TRUE,0.332197440403136,2473,"CATSPERB"
"chr13",111178398,111178398,-0.232474781517742,0.148417059521184,111178398,111178398,-0.178899350259588,0.67956725742549,TRUE,0.332233609190897,2474,"RAB20"
"chr9",79631737,79631737,0.200623856593503,0.302498226939787,79631737,79631737,0.230413698470014,0.334426417242571,TRUE,0.332930591399911,2475,""
"chr6",34624127,34624127,0.206060449021448,0.26712642068312,34624127,34624127,0.221314760027784,0.379303437501574,TRUE,0.333293757056623,2476,"C6orf106;C6orf106"
"chr1",229588136,229588136,0.160194941641024,0.784316164945259,229588136,229588136,0.299273213211107,0.129586480353025,TRUE,0.334013991882349,2477,"NUP133"
"chr2",177423529,177423529,0.206272573016326,0.265821209972048,177423529,177423529,0.220715801431186,0.382452155287568,TRUE,0.334076001790536,2478,""
"chr6",125512360,125512360,0.220680450008816,0.191934512989529,125512360,125512360,0.196756330186201,0.532528103333556,TRUE,0.33532417070811,2479,"TPD52L1;TPD52L1;TPD52L1;TPD52L1"
"chr18",2571648,2571648,-0.154558600497235,0.897277980082127,2571648,2571648,-0.308786122782628,0.11392913706312,TRUE,0.335359711837274,2480,"METTL4;NDC80;NDC80"
"chr6",88635541,88635541,-0.229515778393678,0.158114506910465,88635541,88635541,-0.182553039861118,0.646695863359837,TRUE,0.335418756071781,2481,""
"chr8",144636025,144636025,0.182960395811236,0.4567671301456,144636025,144636025,0.259128362311991,0.224635303882039,TRUE,0.336225433611486,2482,"GSDMD"
"chr7",150054588,150054588,-0.161435432642768,0.761518186531894,150054588,150054588,-0.296239082596617,0.13503258799405,TRUE,0.33673463341801,2483,""
"chr3",72010078,72010078,0.209812749529668,0.245249241607018,72010078,72010078,0.213802357090037,0.42088601717559,TRUE,0.337626027382281,2484,""
"chr3",179674585,179674585,-0.194047589292657,0.352406891989344,179674585,179674585,-0.239911575821992,0.293133591338381,TRUE,0.337808395755448,2485,"PEX5L;PEX5L;PEX5L;PEX5L;PEX5L;PEX5L;PEX5L;PEX5L"
"chr15",93876581,93876581,-0.169856495025475,0.623309632931837,93876581,93876581,-0.281219457190047,0.165750284809872,TRUE,0.337834390717023,2486,""
"chr18",45428160,45428160,-0.227672289987045,0.164592881535738,45428160,45428160,-0.184607582893364,0.628844670098396,TRUE,0.33826462208712,2487,"SMAD2;SMAD2;SMAD2"
"chr2",161420987,161420987,-0.239264121374309,0.128336780122654,161420987,161420987,-0.166121983957912,0.807342240971521,TRUE,0.338510313627073,2488,""
"chr17",14222235,14222235,-0.196649102821211,0.331565239676022,14222235,14222235,-0.235281105978773,0.312598563088986,TRUE,0.338589914416091,2489,"HS3ST3B1"
"chr3",153342124,153342124,-0.213798508716878,0.224181859359076,153342124,153342124,-0.206950265780056,0.462691880570767,TRUE,0.338771924135454,2490,""
"chr7",101083882,101083882,-0.17991841366654,0.490923123685104,101083882,101083882,-0.263532744049665,0.211375995424695,TRUE,0.338867626149192,2491,"COL26A1;COL26A1"
"chr20",22664660,22664660,-0.169052744543456,0.635485639702245,22664660,22664660,-0.282042143540024,0.163880889883567,TRUE,0.339715612075353,2492,""
"chr19",2549886,2549886,0.158436716450952,0.817891816507638,2549886,2549886,0.300048414829208,0.128220385506732,TRUE,0.341356304744039,2493,"GNG7"
"chr5",162991542,162991542,-0.186174118710972,0.423566950157638,162991542,162991542,-0.251933161056136,0.248174385826901,TRUE,0.341915402648695,2494,""
"chr12",55378638,55378638,-0.245559590425976,0.112676486539642,55378638,55378638,-0.155211236427779,0.933702668193473,TRUE,0.342113304234629,2495,"KIAA0748"
"chr2",16126293,16126293,0.202120732684723,0.292157858977645,16126293,16126293,0.224939737102172,0.360737804005542,TRUE,0.342532089398661,2496,""
"chr22",22093503,22093503,-0.197853704225108,0.322443664364172,22093503,22093503,-0.232030977092933,0.327037414140661,TRUE,0.342664281726467,2497,""
"chr14",54150560,54150560,0.207464056220883,0.258654470793675,54150560,54150560,0.215995021189228,0.40831791451275,TRUE,0.343028829109882,2498,""
"chr1",243561318,243561318,0.21251025458487,0.230871064253318,243561318,243561318,0.207593370447804,0.458594949494418,TRUE,0.343619830574677,2499,"SDCCAG8"
"chr1",23928846,23928846,-0.242026061759321,0.12121027004154,23928846,23928846,-0.159798232325003,0.878550912335255,TRUE,0.344994740956321,2500,""
"chr8",110347041,110347041,-0.150544985791871,0.987281645399877,110347041,110347041,-0.312757341718231,0.107995895700072,TRUE,0.34529247728725,2501,"NUDCD1;ENY2;ENY2;ENY2;ENY2"
"chr20",61282847,61282847,-0.189783187068462,0.389172561967709,61282847,61282847,-0.244725769657922,0.274235645195212,TRUE,0.345522145645491,2502,"SLCO4A1"
"chr18",75576620,75576620,-0.202670407456475,0.288444117314007,75576620,75576620,-0.223070371991561,0.370183431016985,TRUE,0.345639029659011,2503,""
"chr1",17763961,17763961,-0.154358125624636,0.901858882286682,17763961,17763961,-0.305932000300416,0.118411804960335,TRUE,0.345669239782591,2504,"RCC2;RCC2"
"chr9",96052287,96052287,-0.159410290984517,0.799155486950873,96052287,96052287,-0.296865541842657,0.133880716189209,TRUE,0.346118152331138,2505,"WNK2"
"chr5",90076860,90076860,0.24771405989907,0.10774618717556,90076860,90076860,0.150469871083032,0.993858626176883,TRUE,0.346325897362005,2506,"GPR98;GPR98"
"chr5",112670796,112670796,-0.208012106649178,0.255461472444558,112670796,112670796,-0.214043481282352,0.419478942491603,TRUE,0.346496180184653,2507,"MCC"
"chr3",122605348,122605348,0.206114849561353,0.266769573690766,122605348,122605348,0.217161074933441,0.401812196095967,TRUE,0.346564429198226,2508,"LOC100129550"
"chr10",135020541,135020541,0.231111099517117,0.152793091323031,135020541,135020541,0.176533989283009,0.701688624967038,TRUE,0.346613345909169,2509,"KNDC1"
"chr17",4167489,4167489,-0.229634141639926,0.157674966773746,4167489,4167489,-0.178792541276293,0.680547277085285,TRUE,0.346818948949562,2510,"ANKFY1;ANKFY1"
"chr13",98021524,98021524,-0.190804443693755,0.379937749196908,98021524,98021524,-0.242475471244815,0.282920814246065,TRUE,0.347236247189571,2511,"MBNL2;MBNL2;MBNL2"
"chr1",204807013,204807013,0.21827416352001,0.202646627609676,204807013,204807013,0.197024060975267,0.530577688636396,TRUE,0.347297537598037,2512,"NFASC;NFASC;NFASC;NFASC;NFASC"
"chr2",108599824,108599824,0.221524374484571,0.188349653433777,108599824,108599824,0.191647468998398,0.571161600944657,TRUE,0.347427558462053,2513,""
"chr6",6292977,6292977,-0.162558138531934,0.741440887066494,6292977,6292977,-0.290843800892069,0.145298450894462,TRUE,0.347766614402092,2514,"F13A1"
"chr20",9597606,9597606,-0.17475871294354,0.555109393345213,9597606,9597606,-0.269542969529318,0.194573660431139,TRUE,0.348388911391946,2515,"PAK7;PAK7"
"chr14",65380736,65380736,0.17478196076567,0.554789795516989,65380736,65380736,0.269431569711506,0.194875670556092,TRUE,0.348623357504158,2516,"CHURC1"
"chr2",66298242,66298242,0.173052182356617,0.577851498012385,66298242,66298242,0.272354567422528,0.18719894387815,TRUE,0.348752714965091,2517,""
"chr6",30484334,30484334,-0.181390143447672,0.473927075076435,30484334,30484334,-0.257958656062326,0.228303149740402,TRUE,0.348810211379513,2518,""
"chr7",36639726,36639726,0.246652132348123,0.110160677994386,36639726,36639726,0.151296730891546,0.983131608515776,TRUE,0.349040102379518,2519,"AOAH-IT1;AOAH;AOAH;AOAH"
"chr19",58867669,58867669,0.204848001519949,0.274573273575741,58867669,58867669,0.218420088193028,0.394854007636386,TRUE,0.349293251247212,2520,"ZNF497"
"chr1",150186289,150186289,-0.152020158707833,0.953072758047309,150186289,150186289,-0.308891071879342,0.113765518481794,TRUE,0.349316488320859,2521,""
"chr3",73291080,73291080,0.197229148426096,0.327169838308828,73291080,73291080,0.231058654980098,0.331459364204961,TRUE,0.349353567145567,2522,""
"chr2",163175241,163175241,-0.227429481142417,0.165445887394287,163175241,163175241,-0.181486672484138,0.656130925844314,TRUE,0.349599337390472,2523,"IFIH1"
"chr9",74896043,74896043,-0.185416301514746,0.431206008737164,74896043,74896043,-0.250889975331624,0.251795612420365,TRUE,0.349647337640437,2524,""
"chr12",108056424,108056424,-0.192102074334393,0.368589418853441,108056424,108056424,-0.23948775181935,0.294858052985501,TRUE,0.349882144301052,2525,""
"chr6",111200500,111200500,-0.215624540884315,0.215073693746312,111200500,111200500,-0.200496684801908,0.505770149128261,TRUE,0.350095814037875,2526,"AMD1;AMD1"
"chr6",144282669,144282669,0.177064817172683,0.525497052846134,144282669,144282669,0.26500391498989,0.207118227884441,TRUE,0.350233704258598,2527,"PLAGL1;PLAGL1;PLAGL1;PLAGL1;PLAGL1;PLAGL1;PLAGL1;PLAGL1;PLAGL1;PLAGL1;PLAGL1;PLAGL1;PLAGL1;PLAGL1;PLAGL1;PLAGL1;PLAGL1;PLAGL1;PLAGL1;PLAGL1;PLAGL1"
"chr8",124070768,124070768,0.191366752898326,0.375011919732521,124070768,124070768,0.240618121518206,0.29026440116088,TRUE,0.350261630950478,2528,""
"chr1",198626733,198626733,-0.228381923579603,0.162048018642462,198626733,198626733,-0.179719856142731,0.672018207379484,TRUE,0.350364987881453,2529,"PTPRC;PTPRC;PTPRC;PTPRC"
"chr6",131642853,131642853,0.21263432532219,0.230176739833958,131642853,131642853,0.205041126249093,0.475033353452303,TRUE,0.351345059615298,2530,""
"chr1",43389725,43389725,-0.201534647677802,0.296198648302332,43389725,43389725,-0.223198059318213,0.369523317264475,TRUE,0.351589965872999,2531,""
"chr7",25702848,25702848,-0.227733127949716,0.164370876517531,25702848,25702848,-0.180241967392343,0.667293232093334,TRUE,0.352101344518572,2532,""
"chr10",128080679,128080679,0.193430531203238,0.35745117379566,128080679,128080679,0.236551735386668,0.307139785534839,TRUE,0.35233093802004,2533,""
"chr5",74906150,74906150,0.24606591030841,0.111505372819434,74906150,74906150,0.151158398868052,0.984926187041153,TRUE,0.352412859883613,2534,""
"chr4",123839717,123839717,0.199920728799222,0.307462795534868,123839717,123839717,0.225625128318077,0.357328958240643,TRUE,0.352502971464567,2535,"NUDT6;NUDT6"
"chr7",32910980,32910980,0.211613114549241,0.23550039037124,32910980,32910980,0.206325930390312,0.466714108034733,TRUE,0.35260454003042,2536,"KBTBD2"
"chr7",26167121,26167121,-0.168968558814073,0.636754346232471,26167121,26167121,-0.278041891401274,0.173142182817748,TRUE,0.353349652817404,2537,""
"chr21",43540480,43540480,-0.224517341699965,0.17641129633051,43540480,43540480,-0.185038421060477,0.625165282212352,TRUE,0.35343162989983,2538,"UMODL1;UMODL1;UMODL1;UMODL1"
"chr2",27435835,27435835,-0.194096727403764,0.352036635297904,27435835,27435835,-0.234918473334268,0.314176324436398,TRUE,0.354126442402235,2539,"SLC5A6;C2orf28;SLC5A6;C2orf28;C2orf28"
"chr1",51794136,51794136,0.15630777499413,0.860448986524742,51794136,51794136,0.299796150374534,0.128655034959561,TRUE,0.354345519113885,2540,"TTC39A"
"chr10",76266380,76266380,0.217277349139129,0.207261799045229,76266380,76266380,0.196522922818625,0.534238165643211,TRUE,0.354402891621179,2541,"ADK;ADK;ADK;ADK;LOC102723439"
"chr14",46939278,46939278,0.167857620976453,0.653916526113154,46939278,46939278,0.279659305070084,0.169335419069219,TRUE,0.354411838778764,2542,"LINC00871;LINC00871;LINC00871;LINC00871"
"chr16",70285978,70285978,-0.15552369628006,0.876759650513443,70285978,70285978,-0.301149385389866,0.126328282486879,TRUE,0.354474139543153,2543,"EXOSC6"
"chr14",61679927,61679927,0.214082650546057,0.222773840955009,61679927,61679927,0.201715777754307,0.49735243931168,TRUE,0.3545568072678,2544,""
"chr10",79039322,79039322,-0.166912442673305,0.668686564673489,79039322,79039322,-0.281112741131154,0.16599101315919,TRUE,0.354994103501293,2545,"KCNMA1;KCNMA1;KCNMA1;KCNMA1;KCNMA1;KCNMA1"
"chr16",68303445,68303445,-0.164547867793475,0.707307988008749,68303445,68303445,-0.285195273834709,0.156962064625881,TRUE,0.35504809397249,2546,"SLC7A6;SLC7A6"
"chr2",9940288,9940288,-0.151734764214267,0.959604026485646,9940288,9940288,-0.307630701429668,0.115722174145061,TRUE,0.355107310608614,2547,""
"chr10",103892833,103892833,-0.156687476967383,0.852751819249176,103892833,103892833,-0.29876825323006,0.130469840230516,TRUE,0.35557069042262,2548,"PPRC1"
"chr9",139237366,139237366,0.153155766020044,0.927748541322733,139237366,139237366,0.304951811523644,0.119984641207986,TRUE,0.355696242224117,2549,"GPSM1"
"chr2",85154309,85154309,-0.190415001561613,0.38342427095936,85154309,85154309,-0.240546802149688,0.290552011948367,TRUE,0.355891853869633,2550,""
"chr6",18197326,18197326,0.174292985977278,0.561134818134681,18197326,18197326,0.267984885885917,0.198789019478807,TRUE,0.356205032855593,2551,"KDM1B"
"chr8",29999374,29999374,-0.237578329358981,0.133016765103791,29999374,29999374,-0.163189279125755,0.839729396221118,TRUE,0.356535347257382,2552,"MBOAT4;MIR548O2"
"chr12",67170774,67170774,-0.197949287098436,0.321751574894659,67170774,67170774,-0.227642935398145,0.347498083158693,TRUE,0.356776337428007,2553,""
"chr12",122229918,122229918,0.152221855682462,0.948578273903534,122229918,122229918,0.306268405525273,0.117881398033554,TRUE,0.356801921983678,2554,"RHOF"
"chr10",4891959,4891959,-0.189578465328409,0.391078974187819,4891959,4891959,-0.241623948653126,0.286256685822924,TRUE,0.35708499056994,2555,""
"chr5",143191663,143191663,-0.160479180638022,0.779102771933798,143191663,143191663,-0.291462896528034,0.144078981155516,TRUE,0.357748856564265,2556,"HMHB1"
"chr16",2653280,2653280,-0.16358995705006,0.723568738117517,2653280,2653280,-0.285949915411481,0.155355467007358,TRUE,0.358094348371981,2557,"LOC652276"
"chr20",26189240,26189240,0.236762019196849,0.135275554416559,26189240,26189240,0.163814095411981,0.8327153774322,TRUE,0.358609192864714,2558,"MIR663"
"chr14",88471404,88471404,-0.244771213499039,0.114483815983169,88471404,88471404,-0.1510810247999,0.985926959793065,TRUE,0.359103848262482,2559,"GPR65"
"chr10",116310860,116310860,0.215389379501412,0.21623586766713,116310860,116310860,0.198011408230384,0.523393847896227,TRUE,0.359766269842498,2560,"ABLIM1;ABLIM1;ABLIM1"
"chr2",166810761,166810761,-0.204016169113373,0.279803056219418,166810761,166810761,-0.216635162576575,0.40472089986009,TRUE,0.359909228170308,2561,"TTC21B"
"chr19",33182179,33182179,0.154414104300877,0.900564101341566,33182179,33182179,0.301467426865665,0.1257770848718,TRUE,0.35997061300058,2562,"NUDT19"
"chr16",84834288,84834288,0.208550594043635,0.252377241654697,84834288,84834288,0.209149967846068,0.448851523130336,TRUE,0.359991481791852,2563,""
"chr9",117848368,117848368,-0.188197124191638,0.403914291163306,117848368,117848368,-0.243097226349169,0.280501086416853,TRUE,0.360031745548558,2564,"TNC"
"chr15",81935129,81935129,0.183741934604163,0.448371168550978,81935129,81935129,0.25060321540192,0.252793527862492,TRUE,0.360133941064145,2565,""
"chr1",98188692,98188692,0.197861258491395,0.322393005500957,98188692,98188692,0.226533568646487,0.352882119504275,TRUE,0.361050674485014,2566,"DPYD;DPYD"
"chr7",56016941,56016941,0.174552378837605,0.557795803062179,56016941,56016941,0.266111872089471,0.203993759635431,TRUE,0.361094440158398,2567,""
"chr9",119843558,119843558,-0.242887842634324,0.119020764174052,119843558,119843558,-0.153243220380261,0.95828072061052,TRUE,0.361677560316045,2568,"ASTN2"
"chr10",112408813,112408813,0.175152235311599,0.549897490300318,112408813,112408813,0.264836117865538,0.207599910160165,TRUE,0.361901928335144,2569,"RBM20"
"chr7",152855213,152855213,-0.173129704338854,0.576782447001889,152855213,152855213,-0.268167424871376,0.198289817382564,TRUE,0.362360541584775,2570,""
"chr14",79760047,79760047,-0.194123823048394,0.351789300848089,79760047,79760047,-0.232340291426081,0.325636693211325,TRUE,0.362762437320491,2571,"NRXN3;NRXN3;NRXN3"
"chr10",43135020,43135020,0.175634100613706,0.543661980225164,43135020,43135020,0.263563142150815,0.211288659495371,TRUE,0.363442580070863,2572,"ZNF33B;ZNF33B;ZNF33B;ZNF33B;ZNF33B;ZNF33B;ZNF33B;ZNF33B;ZNF33B;ZNF33B;ZNF33B;ZNF33B"
"chr15",34013525,34013525,0.23897130413631,0.129155516750204,34013525,34013525,0.158868792090481,0.88949948429318,TRUE,0.363473208985629,2573,"RYR3;RYR3"
"chr16",3355458,3355458,-0.227109807511346,0.166602101448843,3355458,3355458,-0.177678250337967,0.690899686395213,TRUE,0.363952445110768,2574,"ZNF75A;ZNF75A;ZNF75A;TIGD7;ZNF75A"
"chr11",82782646,82782646,-0.235035700518265,0.140361555286699,82782646,82782646,-0.164855017868023,0.821184966971379,TRUE,0.364292750342663,2575,"RAB30-AS1;RAB30;RAB30;RAB30"
"chr11",64460432,64460432,-0.199500162437954,0.310474017963037,64460432,64460432,-0.222795401548137,0.371595994743452,TRUE,0.364526259293999,2576,"NRXN2;NRXN2"
"chr16",79123059,79123059,0.201199621357944,0.298433598150057,79123059,79123059,0.219800964344744,0.387335109727839,TRUE,0.365007438928322,2577,"WWOX;WWOX"
"chr11",116663700,116663700,-0.164171099963978,0.713711864305765,116663700,116663700,-0.282885921102236,0.162002622258458,TRUE,0.365070834243979,2578,"APOA5;APOA5"
"chr19",57678903,57678903,0.186038599841745,0.42489525535047,57678903,57678903,0.245031124284191,0.27307087790016,TRUE,0.365940276469448,2579,"DUXA"
"chr17",15790283,15790283,-0.163286809652697,0.728821615242954,15790283,15790283,-0.284044884431081,0.159444878847433,TRUE,0.366328606891873,2580,""
"chr9",97675930,97675930,0.239134919545156,0.128693627115008,97675930,97675930,0.157553524572921,0.905155135754923,TRUE,0.366932707392182,2581,"C9orf3;C9orf3;C9orf3"
"chr7",3458230,3458230,-0.237738004265493,0.132542210752791,3458230,3458230,-0.159579262658391,0.881114257577304,TRUE,0.367571158044867,2582,"SDK1"
"chr11",82430349,82430349,0.224077448254558,0.17809495854913,82430349,82430349,0.181084501444958,0.65972177472323,TRUE,0.369090013169011,2583,""
"chr12",129467222,129467222,0.175652135214013,0.543431780390848,129467222,129467222,0.261867641337266,0.216290342676411,TRUE,0.369188344463064,2584,"GLT1D1"
"chr15",83240693,83240693,-0.153400489846668,0.922477039615231,83240693,83240693,-0.300488222577042,0.127463461587192,TRUE,0.369280550286579,2585,"CPEB1;CPEB1;CPEB1;CPEB1"
"chr6",14118415,14118415,-0.192741185658274,0.363217344402792,14118415,14118415,-0.232707049752925,0.323983325943177,TRUE,0.369482258472674,2586,"CD83;CD83"
"chr9",80149485,80149485,-0.202128547272644,0.292092300448778,80149485,80149485,-0.216882677055343,0.403357850304488,TRUE,0.369784656264995,2587,"GNA14"
"chr1",28582867,28582867,-0.188720044924862,0.398912473404097,28582867,28582867,-0.239341327982194,0.295455569096029,TRUE,0.369877014022548,2588,""
"chr7",26707213,26707213,-0.18880516973589,0.39809746169296,26707213,26707213,-0.239155970003608,0.296215688690986,TRUE,0.370009145807892,2589,"SKAP2"
"chr21",45759228,45759228,0.228735319465293,0.160778567128954,45759228,45759228,0.173251508102283,0.733497889312782,TRUE,0.370026302610895,2590,"C21orf2;C21orf2"
"chr3",19930780,19930780,-0.229782580844256,0.157165398208464,19930780,19930780,-0.171547027816906,0.750585052976403,TRUE,0.370101669239607,2591,"EFHB"
"chr8",29210800,29210800,0.161173874167044,0.766321093754656,29210800,29210800,0.286493102760739,0.15419682788987,TRUE,0.370525304746143,2592,""
"chr12",79410093,79410093,0.242913420389932,0.118952970695338,79410093,79410093,0.150485017263715,0.993663915553563,TRUE,0.370600033022657,2593,"SYT1;SYT1;SYT1"
"chr2",201175660,201175660,0.181040807895644,0.477870271591106,201175660,201175660,0.252160673276844,0.24738862563625,TRUE,0.370643582605444,2594,"SPATS2L;SPATS2L;SPATS2L;SPATS2L"
"chr1",245703827,245703827,0.188242343825227,0.403489650692238,245703827,245703827,0.23987471127776,0.293283900871502,TRUE,0.370894089221078,2595,"KIF26B"
"chr15",26328049,26328049,-0.152282943135587,0.947197074897639,26328049,26328049,-0.301690505942689,0.125399882384106,TRUE,0.371835275063203,2596,""
"chr6",47790246,47790246,0.196066654459305,0.336098462950491,47790246,47790246,0.226421434246514,0.353430459809569,TRUE,0.371854518454381,2597,"OPN5;OPN5"
"chr14",36225113,36225113,0.199508679525507,0.310415164283713,36225113,36225113,0.220651490197631,0.382791423228259,TRUE,0.371932972322103,2598,"RALGAPA1P;RALGAPA1;RALGAPA1;RALGAPA1;RALGAPA1"
"chr11",17230092,17230092,-0.182975667394856,0.456608448706411,17230092,17230092,-0.24845229555073,0.260442546154764,TRUE,0.372137433553651,2599,""
"chr10",77946906,77946906,0.242586692454038,0.119797781737778,77946906,77946906,0.150534409192496,0.993021584794841,TRUE,0.372225826622395,2600,"C10orf11"
"chr1",110178134,110178134,0.239356825801609,0.128090190656122,110178134,110178134,0.15523560738649,0.933401109222697,TRUE,0.3734968940694,2601,""
"chr18",39535226,39535226,-0.197178136006749,0.327544564899964,39535226,39535226,-0.223953529820192,0.365681814644359,TRUE,0.37395879107911,2602,"PIK3C3;PIK3C3"
"chr2",9315427,9315427,-0.162091245924619,0.749650602840472,9315427,9315427,-0.283817718629977,0.159947163830549,TRUE,0.374229075263209,2603,""
"chr15",67329786,67329786,0.16880282717767,0.639321558624224,67329786,67329786,0.27208758127744,0.187890262461198,TRUE,0.374690860624702,2604,""
"chr10",8096064,8096064,-0.226171736749584,0.170075958495491,8096064,8096064,-0.175829038676112,0.708400784015728,TRUE,0.375452502622906,2605,"FLJ45983;GATA3;GATA3;FLJ45983"
"chr21",46221845,46221845,-0.167489514344808,0.659643212606309,46221845,46221845,-0.273912719725727,0.183225704238511,TRUE,0.376259567308141,2606,"LINC01424;UBE2G2;UBE2G2;UBE2G2"
"chr6",101841615,101841615,0.217721113256136,0.205201175285627,101841615,101841615,0.189361898194501,0.589310743943462,TRUE,0.376394080779958,2607,""
"chr4",140224053,140224053,-0.169950488109376,0.621944823558159,140224053,140224053,-0.26958754450277,0.19445327745839,TRUE,0.376419329734591,2608,"NDUFC1;NDUFC1;NDUFC1;NDUFC1;NAA15"
"chr2",120516537,120516537,0.206279004315101,0.265782470841354,120516537,120516537,0.207989040537422,0.456093186797454,TRUE,0.37701548672032,2609,"PTPN4"
"chr4",174450083,174450083,-0.172049846138781,0.591619534057656,174450083,174450083,-0.265724913267003,0.205075702542923,TRUE,0.377237464146725,2610,"HAND2"
"chr6",33395430,33395430,-0.209997419167582,0.244266608657302,33395430,33395430,-0.201705158461783,0.497428797156044,TRUE,0.377613739676534,2611,"SYNGAP1"
"chr2",158987549,158987549,0.180320408913577,0.486196204757165,158987549,158987549,0.25138319489433,0.250071113177063,TRUE,0.377778925316692,2612,"UPP2;UPP2"
"chr5",83429,83429,0.161448691764834,0.761270852082079,83429,83429,0.283908188077251,0.159747753684557,TRUE,0.377837253258167,2613,""
"chr12",46612026,46612026,-0.17997625227205,0.490237739065135,46612026,46612026,-0.251878057175537,0.248361276444496,TRUE,0.378142170002048,2614,"SLC38A1;SLC38A1;SLC38A1;SLC38A1;SLC38A1;SLC38A1"
"chr11",34663681,34663681,0.179067185463327,0.50099231773239,34663681,34663681,0.253244815566621,0.243692206680044,TRUE,0.378840512449889,2615,"EHF;EHF;EHF"
"chr8",142737158,142737158,-0.209200203814224,0.248711178921145,142737158,142737158,-0.202655285371972,0.490951463856197,TRUE,0.378876670313093,2616,""
"chr2",242755134,242755134,-0.177736946778012,0.517130145599533,242755134,242755134,-0.255279091637723,0.236923089416577,TRUE,0.379748562341705,2617,"NEU4;NEU4;NEU4;NEU4;NEU4"
"chr5",64778097,64778097,-0.212662834494692,0.230032958060421,64778097,64778097,-0.196723845210907,0.53276627514254,TRUE,0.37981937422302,2618,"ADAMTS6"
"chr2",66673316,66673316,0.191254992383557,0.375993807698955,66673316,66673316,0.232261051230821,0.32599333058781,TRUE,0.379856468898023,2619,"MEIS1"
"chr13",31772717,31772717,0.236634597049789,0.13563165642563,31772717,31772717,0.157478709567368,0.906044473425252,TRUE,0.380521124277105,2620,"B3GLCT"
"chr12",57674183,57674183,-0.225567270718466,0.172377211855366,57674183,57674183,-0.175354542048047,0.712962479086184,TRUE,0.380542448356194,2621,"R3HDM2"
"chr7",151330833,151330833,0.163456516270211,0.725919160374041,151330833,151330833,0.279565255387403,0.169554304037161,TRUE,0.380928537283034,2622,"PRKAG2;PRKAG2;PRKAG2;PRKAG2;PRKAG2"
"chr16",55847064,55847064,-0.240165153166868,0.125926759203523,55847064,55847064,-0.151544837943931,0.979932549442926,TRUE,0.381592237739293,2623,"CES1;CES1;CES1"
"chr19",41310517,41310517,0.184884667750097,0.436616822318507,41310517,41310517,0.242446553529729,0.283031234230752,TRUE,0.381961340094374,2624,"EGLN2;EGLN2"
"chr18",29317077,29317077,0.156103931410705,0.864591838559143,29317077,29317077,0.291731317758133,0.143554852791024,TRUE,0.383089572029304,2625,""
"chr7",157004540,157004540,-0.175470762850958,0.545740483583548,157004540,157004540,-0.258235911948296,0.227434865931641,TRUE,0.383098042481678,2626,"UBE3C"
"chr16",22252504,22252504,-0.174019560063449,0.564785236219299,22252504,22252504,-0.260702121377015,0.219811187465614,TRUE,0.383151662365006,2627,"EEF2K"
"chr7",116555414,116555414,0.175101049195976,0.550521041307833,116555414,116555414,0.258730068418086,0.225882970757013,TRUE,0.383583801031559,2628,"CAPZA2"
"chr15",60872858,60872858,-0.240518295996275,0.124974670568392,60872858,60872858,-0.150309013160021,0.995958748868261,TRUE,0.38382616448792,2629,"RORA;RORA;RORA;RORA"
"chr7",73253049,73253049,-0.177114437506215,0.52491447591916,73253049,73253049,-0.25521476814582,0.237135357456597,TRUE,0.383839011018525,2630,"WBSCR27"
"chr9",99018625,99018625,0.212313336838591,0.231909570949228,99018625,99018625,0.196175416590738,0.536800533384544,TRUE,0.383866930089221,2631,"HSD17B3"
"chr21",43823809,43823809,-0.207553517118222,0.258139687345416,43823809,43823809,-0.20369233151956,0.483967522012376,TRUE,0.384787159815108,2632,"UBASH3A;UBASH3A"
"chr7",93954346,93954346,0.198487091683134,0.317726430218906,93954346,93954346,0.218432951811741,0.394785958548105,TRUE,0.385831779338773,2633,""
"chr22",43623494,43623494,0.217917874475645,0.204269946182408,43623494,43623494,0.186008985267992,0.616952358795698,TRUE,0.387057067022685,2634,"SCUBE1"
"chr11",85862606,85862606,-0.16951345137562,0.628476836979778,85862606,85862606,-0.267319573724822,0.20061720899033,TRUE,0.387178106779714,2635,""
"chr20",3190202,3190202,-0.197026362814474,0.328723128452998,3190202,3190202,-0.220442121680913,0.383905849236455,TRUE,0.38741715585084,2636,"ITPA;ITPA"
"chr10",99496695,99496695,-0.16767538748226,0.656725858071745,99496695,99496695,-0.270398220820042,0.192305858770847,TRUE,0.387610653153491,2637,"ZFYVE27;ZFYVE27;ZFYVE27"
"chr11",985589,985589,-0.213856891106295,0.223885356012611,985589,985589,-0.19232779110128,0.565864411778041,TRUE,0.388430504055381,2638,"AP2A2"
"chr8",82021210,82021210,-0.162463847365328,0.743078360321594,82021210,82021210,-0.279058913231436,0.170731252494977,TRUE,0.388798015094613,2639,"PAG1"
"chr6",34625425,34625425,-0.192226468906785,0.367535267508597,34625425,34625425,-0.228039523981917,0.345594814072973,TRUE,0.389110886196065,2640,"C6orf106;C6orf106"
"chr10",34476091,34476091,0.233407147752474,0.14542744160821,34476091,34476091,0.16012014801894,0.87480103160914,TRUE,0.389527111593984,2641,"PARD3"
"chr18",13730665,13730665,-0.191830498690575,0.370918236594771,13730665,13730665,-0.228564227807076,0.34309500637744,TRUE,0.389609823701694,2642,"RNMT"
"chr13",100013640,100013640,-0.156098524847353,0.864703586051529,100013640,100013640,-0.289814436754945,0.147367707120935,TRUE,0.389958500243781,2643,"UBAC2;UBAC2;UBAC2;MIR548AN"
"chr13",20394297,20394297,0.224575468405285,0.176172901680086,20394297,20394297,0.174274557448916,0.723460160040929,TRUE,0.390009365722138,2644,""
"chr5",167181519,167181519,0.215928111406584,0.213619486378726,167181519,167181519,0.188368701445164,0.597372605903367,TRUE,0.390331358155851,2645,"ODZ2"
"chr6",20280167,20280167,-0.211246353560464,0.237498435535107,20280167,20280167,-0.195924550974447,0.53865210772088,TRUE,0.390986893370234,2646,""
"chr4",185254803,185254803,0.204353957399333,0.277638134800255,185254803,185254803,0.207209449652885,0.46103798695608,TRUE,0.391136351681771,2647,""
"chr19",54605703,54605703,-0.155365841253578,0.880043536823034,54605703,54605703,-0.290721633917063,0.145534893279104,TRUE,0.391291156350559,2648,"NDUFA3"
"chr4",148555806,148555806,0.151490252923102,0.965207790737176,148555806,148555806,0.297424822150795,0.132868589390523,TRUE,0.391637858401361,2649,"TMEM184C"
"chr8",52913152,52913152,0.228641584570207,0.161114554589395,52913152,52913152,0.167059088971768,0.797271840618057,TRUE,0.39206139257456,2650,""
"chr8",67091449,67091449,0.227999726123816,0.163402398250183,67091449,67091449,0.168084736799082,0.786384550435766,TRUE,0.392153782903237,2651,"CRH"
"chr10",43905515,43905515,-0.217949250170302,0.204126909392153,43905515,43905515,-0.184513559215731,0.629646183089042,TRUE,0.392216581991939,2652,"HNRNPF;HNRNPF;HNRNPF"
"chr7",29218151,29218151,-0.190704545006023,0.380839923952107,29218151,29218151,-0.229656595820172,0.33794549501125,TRUE,0.392576329739116,2653,"CHN2"
"chr1",10188799,10188799,0.20614487663778,0.266589287736383,10188799,10188799,0.203771210240912,0.483442566531894,TRUE,0.392940070581862,2654,"UBE4B;UBE4B"
"chr3",51894883,51894883,-0.167245910122961,0.663443372330725,51894883,51894883,-0.269621485524078,0.194362257103291,TRUE,0.39307884691117,2655,"IQCF2"
"chr15",27837681,27837681,0.203086617212713,0.285700343884283,27837681,27837681,0.208713766235524,0.451568749542736,TRUE,0.393211964094167,2656,""
"chr10",35689206,35689206,0.20040708860958,0.304030657552045,35689206,35689206,0.213040053927821,0.425313681859459,TRUE,0.393815844705002,2657,"CCNY;CCNY"
"chr7",27833973,27833973,0.172695355598606,0.582699849215384,27833973,27833973,0.26000295109186,0.221933303923094,TRUE,0.393840604294081,2658,"TAX1BP1;TAX1BP1;TAX1BP1;TAX1BP1"
"chr22",29686496,29686496,0.229986812404954,0.156519497702472,29686496,29686496,0.164361726015389,0.826626901436272,TRUE,0.393968889975036,2659,"EWSR1;EWSR1;EWSR1;EWSR1;EWSR1"
"chr2",161760916,161760916,0.211020541648355,0.23866805928875,161760916,161760916,0.195337009086524,0.543020934380903,TRUE,0.394415584362448,2660,""
"chr12",113909755,113909755,0.233657970717681,0.144625094612877,113909755,113909755,0.158142747398716,0.898108182711125,TRUE,0.395002156804272,2661,"LHX5;LHX5;LHX5-AS1"
"chr1",172501306,172501306,-0.235319290345555,0.139515254277694,172501306,172501306,-0.155131909260241,0.934686297086679,TRUE,0.396050285379312,2662,"SUCO;SUCO;SUCO;SUCO"
"chr10",47638040,47638040,0.168511520059782,0.64373781952333,47638040,47638040,0.266465132269011,0.203004679295926,TRUE,0.396617924339577,2663,"ANTXRLP1;ANTXRLP1"
"chr10",104536121,104536121,-0.188670815242623,0.399356483440512,104536121,104536121,-0.231708927745317,0.328493815014607,TRUE,0.397643289793481,2664,"C10orf26;C10orf26;C10orf26"
"chr15",79673534,79673534,-0.215820720059202,0.214152894409049,79673534,79673534,-0.186471559833128,0.613068222105908,TRUE,0.397854891869569,2665,"TMED3"
"chr6",10837647,10837647,-0.159289713149688,0.801393416731729,10837647,10837647,-0.282044853816656,0.163874836898366,TRUE,0.397931798325719,2666,""
"chr10",42972782,42972782,-0.203897361453353,0.280530904886494,42972782,42972782,-0.206087824305567,0.46823720453443,TRUE,0.397986183282902,2667,"LOC84856"
"chr12",72667398,72667398,0.237245373241777,0.133901060260208,72667398,72667398,0.151250714822599,0.983725891354705,TRUE,0.398730491151077,2668,"LOC283392;LOC283392;TRHDE"
"chr14",105651786,105651786,0.175460172378859,0.545876070540977,105651786,105651786,0.253954631132095,0.24132067715535,TRUE,0.398749227221261,2669,""
"chr6",32381449,32381449,-0.163611067595084,0.72323424062364,32381449,32381449,-0.27419607669476,0.182513557370983,TRUE,0.399293952530871,2670,""
"chr15",44307971,44307971,0.208785367814104,0.25106756104393,44307971,44307971,0.1976675291461,0.525877940387946,TRUE,0.399356394086319,2671,"FRMD5;FRMD5;FRMD5;FRMD5"
"chr8",23564193,23564193,-0.227935095884387,0.163616208452282,23564193,23564193,-0.166140824329538,0.80714091342028,TRUE,0.399418031214739,2672,"NKX2-6"
"chr20",30305208,30305208,-0.161615476616161,0.758196306074892,30305208,30305208,-0.277559877525689,0.174287287309943,TRUE,0.399585312140588,2673,"BCL2L1;BCL2L1"
"chr1",227557617,227557617,0.174778499527162,0.554839709396921,227557617,227557617,0.254553371220647,0.239330786467751,TRUE,0.400891649162687,2674,""
"chr12",9106586,9106586,-0.219485670521623,0.197235069045051,9106586,9106586,-0.179579371994099,0.673300049183324,TRUE,0.400908119133211,2675,""
"chr7",111033643,111033643,0.231119632761224,0.152763291991728,111033643,111033643,0.160583443430756,0.869406881890769,TRUE,0.400938554896228,2676,"IMMP2L;IMMP2L"
"chr19",44260537,44260537,0.223021196901414,0.182262395031855,44260537,44260537,0.173669324302467,0.72938828832331,TRUE,0.401194073828237,2677,"C19orf61"
"chr6",37882086,37882086,0.176733418052932,0.529657784479316,37882086,37882086,0.251100649903186,0.251054666877907,TRUE,0.401260663660384,2678,"ZFAND3"
"chr6",128842659,128842659,0.23139235979881,0.151863352186377,128842659,128842659,0.159953758763773,0.876731745907261,TRUE,0.401604280975306,2679,"PTPRK;PTPRK;PTPRK;PTPRK;PTPRK;PTPRK"
"chr1",166890380,166890380,0.155268910186148,0.882148859579591,166890380,166890380,0.288013341651642,0.151025665183598,TRUE,0.401773014114842,2680,"ILDR2"
"chr6",76702942,76702942,0.152970054192011,0.931845204393613,76702942,76702942,0.291987897051263,0.143059673486188,TRUE,0.401938986338324,2681,"IMPG1"
"chr2",27635915,27635915,0.173466624758932,0.572248478744137,27635915,27635915,0.256475847105378,0.2330447801349,TRUE,0.402039832264359,2682,""
"chr11",132511149,132511149,0.208445304872576,0.253001537645495,132511149,132511149,0.197441037632992,0.527520216782589,TRUE,0.402249130037853,2683,"OPCML;OPCML"
"chr6",27618754,27618754,-0.158730506995657,0.812124155933941,27618754,27618754,-0.28178664035177,0.164459833480497,TRUE,0.402447218901567,2684,""
"chr11",8644587,8644587,0.182960482856864,0.456766385162317,8644587,8644587,0.239591285564627,0.294433554501643,TRUE,0.404307322062582,2685,"TRIM66"
"chr22",38610795,38610795,0.162386524488889,0.744530332739333,38610795,38610795,0.274948432811627,0.180637583112938,TRUE,0.404312958691516,2686,"MAFF;MAFF;MAFF;MAFF"
"chr10",95721632,95721632,0.211847678459364,0.234265953072013,95721632,95721632,0.191154446437193,0.575018066844958,TRUE,0.404748134246639,2687,"PIPSL"
"chr1",28495978,28495978,-0.176835599824303,0.528372688316874,28495978,28495978,-0.249936866846399,0.255138852848772,TRUE,0.404951059433807,2688,"PTAFR;PTAFR;PTAFR;PTAFR"
"chr12",89413433,89413433,-0.197232648219204,0.327139293994243,89413433,89413433,-0.215288084142202,0.412315892439731,TRUE,0.40510399233087,2689,""
"chr17",19675785,19675785,-0.195635449484148,0.339517191234229,19675785,19675785,-0.217926233410829,0.397573301838762,TRUE,0.405300765758264,2690,"ULK2;ULK2"
"chr7",7984512,7984512,-0.174141625617039,0.563169367479394,7984512,7984512,-0.254402082764876,0.23982604096495,TRUE,0.405460368092603,2691,""
"chr4",139792229,139792229,-0.187059770029965,0.414829041236315,139792229,139792229,-0.2323216514825,0.325721359811772,TRUE,0.405572468608885,2692,""
"chr1",46395155,46395155,-0.190932753354137,0.378826234139306,46395155,46395155,-0.225382074187404,0.358540006434962,TRUE,0.406983121433136,2693,"MAST2"
"chr11",5263432,5263432,0.232930388251826,0.146912193290383,5263432,5263432,0.155955499763934,0.924556569959012,TRUE,0.406991652126936,2694,"HBBP1"
"chr11",82445072,82445072,-0.151454511085114,0.965992258133727,82445072,82445072,-0.293246819620165,0.140633967864138,TRUE,0.407036949013088,2695,"FAM181B"
"chr12",3399460,3399460,0.204916077485007,0.274149378087956,3399460,3399460,0.201895361308811,0.496123984085386,TRUE,0.407357757132357,2696,""
"chr8",141348919,141348919,0.222734386807566,0.183408179320456,141348919,141348919,0.172437301659743,0.741597761012053,TRUE,0.407363768954234,2697,"TRAPPC9;TRAPPC9"
"chr6",117003752,117003752,-0.17780444601273,0.516331523520612,117003752,117003752,-0.247544985307657,0.263736648374119,TRUE,0.407683771058015,2698,"KPNA5"
"chr22",18629557,18629557,0.223644615901046,0.179784580634011,18629557,18629557,0.170861571166851,0.757548768074646,TRUE,0.407723729761298,2699,""
"chr15",100879413,100879413,-0.182650353756355,0.460141904415665,100879413,100879413,-0.239169564665999,0.296160535092915,TRUE,0.407883767463497,2700,"ADAMTS17"
"chr5",177503187,177503187,-0.197631688615291,0.324099017218054,177503187,177503187,-0.213831964798439,0.420715969647249,TRUE,0.408038726037558,2701,""
"chr4",129189735,129189735,0.231294226583004,0.152205299513079,129189735,129189735,0.158125471998329,0.898312405168332,TRUE,0.408783959869368,2702,""
"chr11",16213327,16213327,-0.169206460037813,0.633151607077937,16213327,16213327,-0.261893070745338,0.216217330892188,TRUE,0.409122992457973,2703,"SOX6;SOX6;SOX6;SOX6"
"chr6",3258005,3258005,0.214137422158468,0.222488512357783,3258005,3258005,0.186194831830832,0.615395388136585,TRUE,0.409162868474056,2704,"PSMG4;PSMG4;PSMG4"
"chr3",50388823,50388823,0.219813797717027,0.195802466192659,50388823,50388823,0.176780157209068,0.699352059891018,TRUE,0.409195583421985,2705,"CYB561D2;CYB561D2;NPRL2;CYB561D2;CYB561D2;CYB561D2"
"chr13",44716727,44716727,-0.192278235515353,0.367094982388595,44716727,44716727,-0.222373704377195,0.373770445085401,TRUE,0.409740878289322,2706,"SMIM2-AS1;SMIM2-AS1"
"chr8",23056297,23056297,0.228417295226692,0.161918391551294,23056297,23056297,0.162447436398835,0.848074695792378,TRUE,0.409958598205311,2707,"TNFRSF10A"
"chr10",101914678,101914678,0.156094899055406,0.864777339396504,101914678,101914678,0.284296464665809,0.158890560749301,TRUE,0.410129450374795,2708,"ERLIN1;ERLIN1;ERLIN1;ERLIN1"
"chr19",19708827,19708827,-0.177041910373752,0.525790576259469,19708827,19708827,-0.247937743788518,0.262305474537873,TRUE,0.411146292466362,2709,"PBX4;PBX4"
"chr7",6660095,6660095,0.15547822672373,0.877729618747355,6660095,6660095,0.285111320402191,0.157146022741329,TRUE,0.411173971687234,2710,"ZNF853"
"chr2",65259253,65259253,-0.213668266305293,0.224841169564155,65259253,65259253,-0.186369521503746,0.613931392834002,TRUE,0.411382597305293,2711,""
"chr15",76224942,76224942,0.156809994438793,0.85018684180727,76224942,76224942,0.282640367863868,0.162541037171871,TRUE,0.41168588138715,2712,"FBXO22;FBXO22"
"chr8",9577609,9577609,0.171489151480894,0.599631829261751,9577609,9577609,0.257212229152926,0.230673062629298,TRUE,0.411940454503995,2713,"TNKS"
"chr13",30476853,30476853,-0.16653991905039,0.674564482773007,30476853,30476853,-0.265625884348707,0.20535699717194,TRUE,0.412351023265497,2714,""
"chr4",166125552,166125552,-0.180351155003025,0.485823713115878,166125552,166125552,-0.241553210882466,0.286532942563637,TRUE,0.413689488976257,2715,""
"chr15",78617501,78617501,0.211222712779777,0.237624337709862,78617501,78617501,0.189676589053973,0.586778641128132,TRUE,0.414139639536217,2716,""
"chr22",24878039,24878039,0.184447473813274,0.4411276960945,24878039,24878039,0.234420532537408,0.316335510728709,TRUE,0.414359208201327,2717,"ADORA2A-AS1;ADORA2A-AS1"
"chr1",75199496,75199496,-0.171562647806244,0.598580657850038,75199496,75199496,-0.256365678276293,0.233400590395394,TRUE,0.414683513781146,2718,"CRYZ;CRYZ;TYW3;CRYZ;TYW3;CRYZ;TYW3"
"chr12",106751322,106751322,-0.190330837529952,0.384164784342239,106751322,106751322,-0.224323361270546,0.363810351928079,TRUE,0.414789877171505,2719,"POLR3B;POLR3B"
"chr3",170432102,170432102,0.205475845785146,0.270668816191765,170432102,170432102,0.198709717168631,0.518380697879869,TRUE,0.415863949995666,2720,""
"chr12",70189789,70189789,0.233958331341072,0.143678965844006,70189789,70189789,0.151803630049261,0.9766085206632,TRUE,0.415880863764992,2721,"RAB3IP;RAB3IP;RAB3IP;RAB3IP;RAB3IP;RAB3IP;RAB3IP;RAB3IP"
"chr19",57874413,57874413,0.169796086475415,0.624200632937797,57874413,57874413,0.259044572435061,0.224895807822758,TRUE,0.41600261484102,2722,"ZNF547;TRAPPC2B"
"chr14",56683993,56683993,0.191406404147261,0.374690831937731,56683993,56683993,0.222108484711914,0.375158496101614,TRUE,0.416372282312285,2723,"PELI2"
"chr4",140093191,140093191,0.20952253120064,0.246874795129597,140093191,140093191,0.191723074034256,0.570563821660859,TRUE,0.416939761018325,2724,""
"chr9",100864335,100864335,-0.21565403097732,0.214956731370948,100864335,100864335,-0.181569834976597,0.655388664435509,TRUE,0.416983621202511,2725,"TRIM14;TRIM14;TRIM14;TRIM14"
"chr19",1614334,1614334,0.157382822520623,0.838603841729792,1614334,1614334,0.280172306824988,0.168149109162242,TRUE,0.417238897162461,2726,"TCF3;TCF3"
"chr15",80748339,80748339,-0.167476708374996,0.659831693376801,80748339,80748339,-0.262685196127403,0.213854034931214,TRUE,0.417429233735864,2727,"ARNT2"
"chr8",142368332,142368332,0.20881915787533,0.250873120407178,142368332,142368332,0.192747787441881,0.562630989795419,TRUE,0.417510145836817,2728,"GPR20"
"chr7",1694786,1694786,0.188382510380956,0.402177735131624,1694786,1694786,0.226892650777084,0.351120588022323,TRUE,0.417635225687234,2729,""
"chr1",52889575,52889575,-0.220498843299224,0.192736115001579,52889575,52889575,-0.173309076603149,0.732927254471934,TRUE,0.417730485746489,2730,"ZCCHC11;ZCCHC11;ZCCHC11"
"chr8",15397731,15397731,0.186577821977306,0.419534355649059,15397731,15397731,0.229836896611198,0.337109130360473,TRUE,0.41805783651357,2731,"TUSC3;TUSC3;TUSC3;TUSC3"
"chr7",69063404,69063404,0.20836798842823,0.253460447347562,69063404,69063404,0.193218151463741,0.558995100691221,TRUE,0.41855498186733,2732,"AUTS2;AUTS2;AUTS2"
"chr2",128432243,128432243,0.168012374504189,0.651463296163634,128432243,128432243,0.26137127834449,0.21778441492409,TRUE,0.418936699268654,2733,"LIMS2;LIMS2;LIMS2"
"chr3",195087778,195087778,-0.159613066572091,0.795322547962024,195087778,195087778,-0.275625342222983,0.178970342853864,TRUE,0.419835397427187,2734,"ACAP2"
"chr16",57317679,57317679,0.181025280384647,0.478048322595641,57317679,57317679,0.238758711932688,0.29785138575389,TRUE,0.419929369415916,2735,"PLLP"
"chr14",22987097,22987097,0.232464693315087,0.148446113869205,22987097,22987097,0.153132162003723,0.959686629812885,TRUE,0.420074361773076,2736,""
"chr7",83824617,83824617,-0.222747104656333,0.183363480323502,83824617,83824617,-0.168956704900253,0.777216796800836,TRUE,0.42017456559252,2737,"SEMA3A"
"chr7",21293933,21293933,-0.192505731263609,0.365190805118333,21293933,21293933,-0.219246166964521,0.390342014717702,TRUE,0.420244969037039,2738,""
"chr1",46154277,46154277,-0.185016160186762,0.435272127493459,46154277,46154277,-0.231881090988329,0.327718920120371,TRUE,0.42043506106723,2739,"TMEM69"
"chr11",2886232,2886232,0.158731915892915,0.812105531351876,2886232,2886232,0.276907041807999,0.175853168264041,TRUE,0.420755153228432,2740,""
"chr10",28854135,28854135,0.178912134362219,0.502861480788371,28854135,28854135,0.242196365056008,0.284014524758326,TRUE,0.420771956398729,2741,"WAC;WAC;WAC"
"chr9",136445943,136445943,0.228443964325433,0.16183346345708,136445943,136445943,0.159453221328416,0.882596562220214,TRUE,0.420798606627436,2742,"FAM163B"
"chr3",113683598,113683598,0.163444526082349,0.726125520743314,113683598,113683598,0.268684905382776,0.196883983372562,TRUE,0.421049254430418,2743,"KIAA1407"
"chr14",66975372,66975372,-0.212263745407393,0.232195644529737,66975372,66975372,-0.186100186753702,0.616183404098119,TRUE,0.421268271018208,2744,"GPHN;GPHN"
"chr7",33663100,33663100,0.195770321411988,0.338458569989689,33663100,33663100,0.21347088722513,0.422801505020256,TRUE,0.421318220202498,2745,""
"chr1",112912467,112912467,-0.218737366071919,0.200574084117552,112912467,112912467,-0.174993537233343,0.716468999730285,TRUE,0.422491869806862,2746,""
"chr18",9073757,9073757,-0.221669134838841,0.187765586540238,9073757,9073757,-0.169848701869378,0.76795565425138,TRUE,0.423442658634326,2747,""
"chr5",80716263,80716263,-0.209373026729408,0.247709921389364,80716263,80716263,-0.190220418647669,0.582422822746863,TRUE,0.423590337451872,2748,"RNU5E;SSBP2;RNU5D"
"chr2",102292024,102292024,0.208541225078322,0.25243311540089,102292024,102292024,0.191441228909767,0.572777071261983,TRUE,0.424201763685075,2749,""
"chr11",3941523,3941523,-0.198339330153428,0.318805910995357,3941523,3941523,-0.208165258428783,0.454982257234126,TRUE,0.425096659652183,2750,"STIM1;STIM1;STIM1"
"chr8",32095135,32095135,-0.163954329921276,0.717445720518032,32095135,32095135,-0.26669756830101,0.202352423145322,TRUE,0.425339574092635,2751,"NRG1"
"chr14",100141888,100141888,0.230659851347776,0.154256983473291,100141888,100141888,0.154578088500288,0.941543314222192,TRUE,0.425460658411977,2752,"HHIPL1"
"chr6",37482321,37482321,-0.229901743496227,0.156786201717633,37482321,37482321,-0.155784486878707,0.926651278800273,TRUE,0.425550372200822,2753,"LOC100505530"
"chr6",49523800,49523800,0.173531909722652,0.571375358336959,49523800,49523800,0.250165855871637,0.254331738027101,TRUE,0.425613551907139,2754,""
"chr19",53698351,53698351,-0.166277807728553,0.678807907550555,53698351,53698351,-0.262585023245859,0.214146721203186,TRUE,0.425701498730871,2755,""
"chr12",122244660,122244660,0.176859771230251,0.528050855538802,122244660,122244660,0.244397405934796,0.275486094187608,TRUE,0.425906229249759,2756,"SETD1B"
"chr10",103453901,103453901,-0.158860537190402,0.809610582338532,103453901,103453901,-0.275229101285811,0.179942542507934,TRUE,0.426316149216173,2757,"FBXW4"
"chr1",41311012,41311012,-0.172401299252669,0.586775652754352,41311012,41311012,-0.251474601831884,0.249757899390062,TRUE,0.427986512306621,2758,""
"chr14",61749686,61749686,0.206163466255884,0.266482755126975,61749686,61749686,0.19440541279892,0.54999818410444,TRUE,0.428011816450295,2759,"TMEM30B"
"chr6",148501411,148501411,0.214255570784423,0.221877626066071,148501411,148501411,0.180913961445746,0.661248969206697,TRUE,0.428302316260905,2760,""
"chr3",126937396,126937396,-0.231057072569527,0.152933893163437,126937396,126937396,-0.153109220877366,0.959976270794166,TRUE,0.428487601745549,2761,""
"chr14",36256581,36256581,0.220049680541338,0.194760979563619,36256581,36256581,0.171209253156629,0.754013899909792,TRUE,0.428563529296979,2762,"RALGAPA1P;RALGAPA1;RALGAPA1;RALGAPA1;RALGAPA1"
"chr16",82691552,82691552,-0.177190992074911,0.523924393136618,82691552,82691552,-0.243104640164277,0.280471498222114,TRUE,0.428742620969843,2763,"CDH13;CDH13;CDH13;CDH13;CDH13;CDH13"
"chr1",108442921,108442921,-0.160577141849451,0.777323751855008,108442921,108442921,-0.271446385650513,0.189559119356071,TRUE,0.42951479563576,2764,"VAV3"
"chr7",94022682,94022682,0.17608637114157,0.537948703431095,94022682,94022682,0.244778452928,0.274037099761392,TRUE,0.429647096256859,2765,"COL1A2"
"chr6",101403850,101403850,0.16018719505918,0.784465906585056,101403850,101403850,0.271761128379073,0.188737943562568,TRUE,0.430872085602554,2766,""
"chr18",45827238,45827238,0.202365929245819,0.290468236892764,45827238,45827238,0.19987472154805,0.510138938192103,TRUE,0.431102545340743,2767,""
"chr2",242952828,242952828,0.186447788223165,0.420796357329742,242952828,242952828,0.226618971156101,0.352460403137837,TRUE,0.431360044981744,2768,""
"chr2",88751158,88751158,-0.185137145195502,0.434038435177515,88751158,88751158,-0.228830062421635,0.341829142950682,TRUE,0.431461053268286,2769,"FOXI3"
"chr13",40761585,40761585,-0.232063009295015,0.149708115549887,40761585,40761585,-0.150557087632773,0.992730627947212,TRUE,0.431943283486081,2770,"LINC00332"
"chr5",130540986,130540986,0.168066204608747,0.650614015221498,130540986,130540986,0.257907767355475,0.228461241683067,TRUE,0.431981894006768,2771,"LYRM7"
"chr3",170321376,170321376,0.216371237003875,0.211469464625214,170321376,170321376,0.176362005638027,0.703319396930182,TRUE,0.432154362046156,2772,""
"chr6",117622480,117622480,0.186576338513757,0.419548510331428,117622480,117622480,0.22611462025308,0.354928630041018,TRUE,0.43249574422295,2773,"ROS1"
"chr19",15543952,15543952,-0.208994994905441,0.249903152173265,15543952,15543952,-0.188544408483839,0.595945718031798,TRUE,0.432531803972897,2774,"WIZ"
"chr6",29521356,29521356,0.174597823794918,0.557197581486271,29521356,29521356,0.246507054584029,0.267548600395677,TRUE,0.432814934639989,2775,""
"chr10",31288991,31288991,0.201084210583316,0.299209870730501,31288991,31288991,0.201541427269363,0.498551907882137,TRUE,0.432994230592887,2776,"ZNF438;ZNF438;ZNF438;ZNF438;ZNF438;ZNF438;ZNF438;ZNF438"
"chr12",11721610,11721610,0.193805575315604,0.354369922938929,11721610,11721610,0.213646929584674,0.421780693503673,TRUE,0.433554728802068,2777,""
"chr14",24550231,24550231,-0.193503151706617,0.356873066768382,24550231,24550231,-0.214131194076232,0.418973875391066,TRUE,0.433657545911332,2778,"NRL"
"chr5",15824580,15824580,-0.173504685976738,0.571764984593746,15824580,15824580,-0.248156489610186,0.261511067225506,TRUE,0.433662067739809,2779,"FBXL7;FBXL7"
"chr8",135700190,135700190,-0.179120864185054,0.500385901340374,135700190,135700190,-0.238375638424515,0.299437531049746,TRUE,0.434253589214526,2780,"ZFAT;ZFAT;ZFAT;ZFAT;ZFAT;ZFAT;ZFAT"
"chr8",73163868,73163868,0.172099272197894,0.590930424521274,73163868,73163868,0.250285999781479,0.253907765889782,TRUE,0.434647336833551,2781,""
"chr12",92772941,92772941,-0.228677098203507,0.160984927498227,92772941,92772941,-0.155284248532652,0.932800698206203,TRUE,0.434884444694219,2782,""
"chr4",81110459,81110459,0.227328958568364,0.165835513651074,81110459,81110459,0.157457175097512,0.906297194956427,TRUE,0.435129747728936,2783,"PRDM8"
"chr14",91777998,91777998,0.228059403026652,0.163216152429539,91777998,91777998,0.15607143846394,0.923124305833506,TRUE,0.435835297914038,2784,"CCDC88C"
"chr1",213123520,213123520,-0.178062565587004,0.513193653934406,213123520,213123520,-0.239727138234584,0.293883823137637,TRUE,0.43612009933599,2785,"VASH2;VASH2;VASH2"
"chr18",47824399,47824399,-0.189889212944201,0.38820929858334,47824399,47824399,-0.219244788222464,0.390349571550157,TRUE,0.437476652396504,2786,""
"chr6",31907392,31907392,0.214374168893017,0.221289089272837,31907392,31907392,0.178328760038431,0.684835159166817,TRUE,0.437494040680692,2787,"C2;C2"
"chr15",89336004,89336004,0.185971800537471,0.42561863411785,89336004,89336004,0.22574580761114,0.356736404826056,TRUE,0.438035511027396,2788,""
"chr11",79172384,79172384,-0.221422956989532,0.188764609122171,79172384,79172384,-0.166302423848218,0.805401187723523,TRUE,0.438407813003282,2789,""
"chr15",74592786,74592786,0.21590830952318,0.213723039055004,74592786,74592786,0.175328442726319,0.713210689075595,TRUE,0.439157586461702,2790,"CCDC33"
"chr2",104425974,104425974,0.179226084947216,0.49905685116426,104425974,104425974,0.236705696518904,0.306478957454883,TRUE,0.440136476770774,2791,""
"chr4",174290565,174290565,-0.182521606684007,0.461523848404842,174290565,174290565,-0.230989095484889,0.331777879053536,TRUE,0.44046117359685,2792,""
"chr6",151186502,151186502,-0.158200966165641,0.822564351655949,151186502,151186502,-0.272758192514802,0.18616722946897,TRUE,0.44048204534715,2793,"MTHFD1L"
"chr14",56274130,56274130,-0.169387380714829,0.630338550202934,56274130,56274130,-0.253371493522278,0.243260376940818,TRUE,0.440860703200173,2794,""
"chr5",56204891,56204891,-0.15011318634353,0.997339664697924,56204891,56204891,-0.28643302921378,0.154321760000565,TRUE,0.441937482464363,2795,"C5orf35"
"chr8",62415183,62415183,0.215307101155428,0.216647843422394,62415183,62415183,0.175538335690907,0.711194819426669,TRUE,0.44225105595161,2796,"ASPH;ASPH"
"chr18",11948154,11948154,0.185640699395754,0.428921145009506,11948154,11948154,0.22521458252147,0.359376258297195,TRUE,0.442373082953583,2797,""
"chr3",52683739,52683739,0.227830082338776,0.164031164140677,52683739,52683739,0.154689386059042,0.940148420700969,TRUE,0.442503142191988,2798,"PBRM1;PBRM1;PBRM1"
"chr12",70300410,70300410,-0.168728492897311,0.640422643915871,70300410,70300410,-0.254032824882441,0.241061413888616,TRUE,0.442816268397331,2799,"MYRFL"
"chr3",98312845,98312845,-0.182190526949212,0.465040169498596,98312845,98312845,-0.230843661474027,0.33244468492633,TRUE,0.44322517408459,2800,"CPOX"
"chr12",54892547,54892547,-0.199946923231583,0.30725792513216,54892547,54892547,-0.200788668184923,0.503749053610124,TRUE,0.44356252492994,2801,"NCKAP1L;NCKAP1L"
"chr12",11324535,11324535,-0.19763626813776,0.324054318221099,11324535,11324535,-0.20454838798237,0.478283204966185,TRUE,0.443952042841051,2802,"PRH1;PRR4"
"chr22",40728497,40728497,-0.189084974578899,0.395588357997247,40728497,40728497,-0.218973202652196,0.391837891582087,TRUE,0.443983308290018,2803,"TNRC6B;TNRC6B;TNRC6B"
"chr19",54808568,54808568,-0.196590549374063,0.332005524796024,54808568,54808568,-0.20624926412934,0.467206618010691,TRUE,0.444185862903246,2804,""
"chr3",176353563,176353563,0.202329579317984,0.290729726024948,176353563,176353563,0.196543156174498,0.534090111880972,TRUE,0.444485246067926,2805,"LINC01208"
"chr3",101378820,101378820,0.22597672005954,0.17080753207898,101378820,101378820,0.157152899766221,0.90995515301909,TRUE,0.444767017607365,2806,"ZBTB11"
"chr8",24931606,24931606,-0.196279924069057,0.334427465447675,24931606,24931606,-0.206546794660993,0.465288536029511,TRUE,0.445098410190035,2807,""
"chr15",93622486,93622486,0.197325060042064,0.326422620076405,93622486,93622486,0.204766780514754,0.476839586793905,TRUE,0.445183911632594,2808,"RGMA;RGMA"
"chr7",98509723,98509723,0.220331386598619,0.193490783066828,98509723,98509723,0.166334460043232,0.805056543528896,TRUE,0.445406698379439,2809,"TRRAP"
"chr4",40553381,40553381,-0.194680094180982,0.3472098886101,40553381,40553381,-0.209054767863099,0.449441858370222,TRUE,0.445926394849873,2810,"RBM47"
"chr6",106428957,106428957,-0.180212792720306,0.487414252424176,106428957,106428957,-0.23350607089601,0.320401800917242,TRUE,0.44614507369509,2811,""
"chr12",3036898,3036898,0.219858447036108,0.195607280572624,3036898,3036898,0.166892676841097,0.799059689426969,TRUE,0.446392880997586,2812,"TULP3;TULP3"
"chr8",127975558,127975558,0.228068983096136,0.163188588048084,127975558,127975558,0.153273435416776,0.95789705157963,TRUE,0.446422528269509,2813,""
"chr16",11085972,11085972,0.163641003745328,0.722729886941337,11085972,11085972,0.261819115494053,0.216435200763233,TRUE,0.446619809102099,2814,"CLEC16A"
"chr12",102872603,102872603,-0.163214023299718,0.730034448026986,102872603,102872603,-0.262495992835057,0.214410345626959,TRUE,0.446810395764854,2815,"IGF1;IGF1;IGF1;IGF1"
"chr3",187637018,187637018,-0.217264273747926,0.207322142691118,187637018,187637018,-0.170968221373595,0.75646340391465,TRUE,0.447375128323466,2816,""
"chr22",37099472,37099472,-0.201822061543893,0.294207307988009,37099472,37099472,-0.196579740556605,0.533822727839062,TRUE,0.447787973469604,2817,"CACNG2"
"chr21",33664211,33664211,0.224758051396179,0.175440583113315,33664211,33664211,0.158331951505921,0.895852299040327,TRUE,0.447999523465365,2818,"MRAP;MRAP"
"chr5",153961993,153961993,-0.209375595750898,0.247696511690278,153961993,153961993,-0.183795353046844,0.635849778592328,TRUE,0.448607828883306,2819,""
"chr3",42568448,42568448,0.190907592692419,0.379037064408275,42568448,42568448,0.214722337263181,0.415548675287271,TRUE,0.448627380094831,2820,"VIPR1;VIPR1;VIPR1;VIPR1;VIPR1"
"chr3",159278262,159278262,-0.204727898842757,0.275299632276252,159278262,159278262,-0.191332407164851,0.573624301209176,TRUE,0.449385026518626,2821,"IQCJ-SCHIP1;IQCJ-SCHIP1;SCHIP1;SCHIP1;SCHIP1"
"chr8",74658322,74658322,-0.223941347776641,0.178634326445715,74658322,74658322,-0.159305825360273,0.884333731376638,TRUE,0.449484317058546,2822,"STAU2;STAU2;STAU2;STAU2;STAU2;STAU2;STAU2"
"chr10",81065938,81065938,0.195217247341275,0.342916549952619,81065938,81065938,0.207251050756643,0.460769587817273,TRUE,0.449545499210006,2823,"ZMIZ1"
"chr10",64539441,64539441,-0.196450826473685,0.333061911090715,64539441,64539441,-0.205049602022103,0.474979440528217,TRUE,0.449899725610464,2824,""
"chr6",28474513,28474513,0.18671054955077,0.418252239419747,28474513,28474513,0.221198857605117,0.379914488237396,TRUE,0.451193561907538,2825,"GPX6"
"chr1",25946258,25946258,0.159179300340115,0.803524813903176,25946258,25946258,0.26814508449654,0.198351211946743,TRUE,0.452075852488089,2826,"MAN1C1"
"chr19",41726897,41726897,0.152265982253617,0.9475792513216,41726897,41726897,0.280143695930614,0.168218210943602,TRUE,0.452112517543927,2827,"AXL;AXL"
"chr1",153958889,153958889,-0.185739995768806,0.427954156708723,153958889,153958889,-0.222588609573381,0.372661884081499,TRUE,0.452263289042421,2828,"RAB13;RAB13;RAB13"
"chr11",485437,485437,0.219191544242467,0.198541024739405,485437,485437,0.166413566992268,0.80419634289913,TRUE,0.452600540776638,2829,"PTDSS2"
"chr2",112483666,112483666,-0.189466327624823,0.392080976702883,112483666,112483666,-0.21612549924171,0.407588059843797,TRUE,0.452860191524469,2830,""
"chr5",87345279,87345279,0.206535651332669,0.264239610463141,87345279,87345279,0.187432630195535,0.605063318360779,TRUE,0.452996187907987,2831,""
"chr12",111015746,111015746,-0.200701558284039,0.301937254528008,111015746,111015746,-0.196934686106109,0.531227087477216,TRUE,0.453940531377545,2832,"PPTC7"
"chr7",150780211,150780211,-0.200478596616261,0.303527793836306,150780211,150780211,-0.19729625872293,0.528582008136866,TRUE,0.454017541054631,2833,"TMUB1;TMUB1;TMUB1"
"chr2",120123985,120123985,-0.177554623490013,0.519424694109864,120123985,120123985,-0.235923557826625,0.309832724814074,TRUE,0.454923347983607,2834,"DBI;DBI;DBI;DBI;DBI;DBI;DBI;DBI;DBI;DBI;DBI;DBI;C2orf76;C2orf76"
"chr2",61021317,61021317,0.18399991672101,0.445695188599968,61021317,61021317,0.224765859710211,0.361598079827671,TRUE,0.455339241710858,2835,"PAPOLG;PAPOLG"
"chr16",10603590,10603590,-0.214888363082074,0.218657063335499,10603590,10603590,-0.172836465244369,0.737620348196282,TRUE,0.455564395710589,2836,""
"chr12",30997654,30997654,-0.209496599746058,0.247011872053591,30997654,30997654,-0.181741825099727,0.653858048699537,TRUE,0.455974406652895,2837,""
"chr2",10760591,10760591,0.224248604569365,0.177425963561378,10760591,10760591,0.157091235458568,0.910702489912381,TRUE,0.456104869003029,2838,"NOL10"
"chr10",123240145,123240145,0.158693512346026,0.812815500420171,123240145,123240145,0.267968509727949,0.198833082203374,TRUE,0.456163821263791,2839,"FGFR2;FGFR2;FGFR2;FGFR2;FGFR2;FGFR2;FGFR2;FGFR2;FGFR2"
"chr15",60813131,60813131,-0.187580591067686,0.409734100566783,60813131,60813131,-0.218465461045582,0.394605459281343,TRUE,0.456289018356985,2840,"RORA-AS1;RORA-AS1;RORA-AS1;RORA-AS1;RORA;RORA;RORA;RORA"
"chr5",3601762,3601762,-0.211571200393979,0.235740274988229,3601762,3601762,-0.178134207963429,0.686644776164743,TRUE,0.45662876348635,2841,""
"chr10",79789416,79789416,-0.222864758998351,0.182893395872197,79789416,79789416,-0.159238438058845,0.885123852724328,TRUE,0.456653307391209,2842,"POLR3A"
"chr18",3845667,3845667,0.219041637773196,0.199205549827462,3845667,3845667,0.165585512482719,0.813193673043906,TRUE,0.456852448375178,2843,"DLGAP1;DLGAP1"
"chr8",62366671,62366671,-0.182314494614533,0.463746878520046,62366671,62366671,-0.227144225442197,0.349894426163092,TRUE,0.457343233386707,2844,"CLVS1"
"chr3",40423601,40423601,0.189623629071609,0.390658058633164,40423601,40423601,0.214657778646752,0.415920727098117,TRUE,0.457743773457249,2845,""
"chr8",90847772,90847772,0.191238861657142,0.376138334455775,90847772,90847772,0.211908650225115,0.432043210343943,TRUE,0.457789618592116,2846,""
"chr3",186504202,186504202,0.163537946785317,0.724502202170583,186504202,186504202,0.259210408669239,0.224382544754682,TRUE,0.457894331420248,2847,"SNORA63;MIR1248;EIF4A2;SNORA81;SNORA4"
"chr11",130431435,130431435,-0.154709108939893,0.894011228388035,130431435,130431435,-0.274428720530992,0.181937358295293,TRUE,0.458054889285295,2848,""
"chr14",105943871,105943871,0.196591521620088,0.332000309913046,105943871,105943871,0.202737090969338,0.490392446235393,TRUE,0.458338862168442,2849,"CRIP2;CRIP2;CRIP2;CRIP2;CRIP2;CRIP2;CRIP2;CRIP2"
"chr8",61652962,61652962,0.158002452258096,0.826474768906186,61652962,61652962,0.268641053182761,0.197000456342449,TRUE,0.458348777437273,2850,"CHD7"
"chr19",15240823,15240823,-0.164385249320461,0.710103165284971,15240823,15240823,-0.257577237827182,0.229508896873148,TRUE,0.458637465050487,2851,""
"chr17",58256027,58256027,-0.18943616925037,0.392368540249957,58256027,58256027,-0.214681551772349,0.415786884692437,TRUE,0.458939797999715,2852,"USP32"
"chr6",159070959,159070959,-0.192272097188168,0.36714564125181,159070959,159070959,-0.209732660258088,0.445266990409891,TRUE,0.459548922652196,2853,"SYTL3"
"chr5",167997991,167997991,0.164594764335244,0.706492976297612,167997991,167997991,0.256974939951081,0.231431490396093,TRUE,0.459597616225809,2854,"PANK3"
"chr21",34396944,34396944,0.158820213990016,0.810366740370346,34396944,34396944,0.266869107552367,0.201873786160289,TRUE,0.459755286652807,2855,"OLIG2"
"chr7",112090452,112090452,-0.176720945828935,0.529828385651026,112090452,112090452,-0.236096558474026,0.309087418114577,TRUE,0.460065651265154,2856,"IFRD1;IFRD1"
"chr9",27284225,27284225,0.157903605095965,0.828390865908969,27284225,27284225,0.268139662971763,0.198364821764399,TRUE,0.461078497052281,2857,"LINC00032"
"chr13",101579071,101579071,0.184693845005638,0.438627532198177,101579071,101579071,0.222120243805838,0.375095560093999,TRUE,0.461446116060288,2858,"NALCN-AS1"
"chr9",35490515,35490515,0.200254001264137,0.305055754548868,35490515,35490515,0.195500138773431,0.541802968489212,TRUE,0.462803091220038,2859,"RUSC2"
"chr6",159084370,159084370,-0.192008550892292,0.369363456484037,159084370,159084370,-0.209230225738624,0.448362396810701,TRUE,0.46339423045712,2860,"SYTL3"
"chr6",32097420,32097420,0.152670185744354,0.938545584037094,32097420,32097420,0.27664862313215,0.176478655933508,TRUE,0.463438424019806,2861,"ATF6B;ATF6B;FKBPL"
"chr8",29413052,29413052,-0.196316178730452,0.334112337519146,29413052,29413052,-0.201842404055039,0.496482313290032,TRUE,0.463883424133294,2862,""
"chr8",143953602,143953602,0.172943523364326,0.579285590831342,143953602,143953602,0.24145204874493,0.286931762855619,TRUE,0.464484136266819,2863,""
"chr3",196869838,196869838,0.218098384669624,0.203456424437836,196869838,196869838,0.165216935907416,0.817209584349401,TRUE,0.464575833524803,2864,"DLG1;DLG1;DLG1;DLG1;DLG1;DLG1"
"chr14",20183470,20183470,0.164751975332544,0.703877339992491,20183470,20183470,0.25549854281355,0.236216807553344,TRUE,0.464577839600132,2865,"OR11H2"
"chr19",52932269,52932269,-0.167995556449797,0.651718080446275,52932269,52932269,-0.24978932296076,0.255665161791783,TRUE,0.465212505347316,2866,""
"chr12",3490682,3490682,-0.219079791649747,0.199021538956666,3490682,3490682,-0.163385021286241,0.837534719133591,TRUE,0.465330480037359,2867,"PRMT8"
"chr20",57752991,57752991,-0.209868255472613,0.244938583578185,57752991,57752991,-0.178738159429276,0.681049938030214,TRUE,0.465559685720033,2868,""
"chr1",183017940,183017940,-0.215798490716693,0.214244527352806,183017940,183017940,-0.168689261405697,0.780006771824189,TRUE,0.466090906555519,2869,"LAMC1"
"chr15",86250370,86250370,-0.195270605043059,0.342490419514986,86250370,86250370,-0.203001712024357,0.488604183868486,TRUE,0.46650236372825,2870,"AKAP13;AKAP13;AKAP13"
"chr9",14720244,14720244,0.194423481391656,0.349278707185811,14720244,14720244,0.204351372264913,0.479577904664054,TRUE,0.466795644731561,2871,"CER1"
"chr1",33552177,33552177,-0.184274906239307,0.442900756307028,33552177,33552177,-0.221435360815835,0.378670580980558,TRUE,0.46716561395681,2872,"AZIN2;AZIN2;AZIN2;AZIN2;AZIN2;AZIN2;AZIN2"
"chr17",32905966,32905966,0.179300623049516,0.498134561860432,32905966,32905966,0.229793857665075,0.337310984258253,TRUE,0.467723777484663,2873,"C17orf102"
"chr1",26496823,26496823,-0.171860104833617,0.594325313339969,26496823,26496823,-0.242482128057187,0.282895624804547,TRUE,0.467912401950926,2874,"ZNF593"
"chr9",133026410,133026410,0.198151230258253,0.320262353312792,133026410,133026410,0.197495398626855,0.527130156400866,TRUE,0.469137550328462,2875,""
"chr11",123295670,123295670,0.182441071197166,0.462391008945759,123295670,123295670,0.223995114185926,0.365471539201952,TRUE,0.469441320571317,2876,""
"chr5",39062214,39062214,0.18035786980632,0.485750704754185,39062214,39062214,0.227558035502814,0.347902580474062,TRUE,0.469446956339923,2877,"RICTOR"
"chr17",56709337,56709337,-0.171608689547394,0.597916132761981,56709337,56709337,-0.242481633278925,0.28289761740216,TRUE,0.469722682009695,2878,"TEX14;TEX14;TEX14"
"chr15",75649230,75649230,0.177165180317638,0.524252185780951,75649230,75649230,0.23300379152434,0.322650466121216,TRUE,0.469724748170257,2879,"MAN2C1;MAN2C1;MAN2C1;MAN2C1;MAN2C1;MAN2C1;MAN2C1;MAN2C1"
"chr1",247711035,247711035,0.202867129649307,0.287125496903849,247711035,247711035,0.189311744715736,0.589716707509905,TRUE,0.470031170495483,2880,"GCSAML;GCSAML;GCSAML;GCSAML;GCSAML;GCSAML;GCSAML"
"chr14",75761871,75761871,-0.164303364146926,0.711491069140408,75761871,75761871,-0.254932509367141,0.23806402073264,TRUE,0.470133671906971,2881,""
"chr14",101413379,101413379,0.210570827913441,0.241082550107576,101413379,101413379,0.176341947961707,0.703511964571163,TRUE,0.470531320059111,2882,""
"chr18",13242401,13242401,0.153570112673211,0.918863125711459,13242401,13242401,0.273126099767807,0.185217888293173,TRUE,0.471569030058455,2883,"LDLRAD4"
"chr17",29576111,29576111,0.209594067876398,0.246485913856093,29576111,29576111,0.177620640407553,0.691439191597885,TRUE,0.471994098392845,2884,"NF1;NF1"
"chr7",80445462,80445462,0.215253826999296,0.216896667838774,80445462,80445462,0.16809138784259,0.786312102594264,TRUE,0.47220365321165,2885,"SEMA3C"
"chr6",107382577,107382577,-0.175891158467145,0.540413853113136,107382577,107382577,-0.23429629370376,0.316885843631617,TRUE,0.47344214206478,2886,""
"chr10",106068573,106068573,-0.163300265031494,0.728571300860009,106068573,106068573,-0.25580271943653,0.235230095773264,TRUE,0.473675723329828,2887,""
"chr15",49256258,49256258,-0.163292863388357,0.728713592666981,49256258,49256258,-0.255795725841641,0.235252540693543,TRUE,0.473763604396659,2888,"SHC4"
"chr19",46721259,46721259,0.161447124292578,0.761296181513687,46721259,46721259,0.258935846724823,0.225240376825022,TRUE,0.473839282088468,2889,"RNU6-66P"
"chr17",77093406,77093406,0.195997223240118,0.336657945395705,77093406,77093406,0.199855826909196,0.510268682614014,TRUE,0.474388040055614,2890,"HRNBP3"
"chr9",1052046,1052046,-0.152232108683635,0.948341369219675,1052046,1052046,-0.274695418478248,0.181268710209611,TRUE,0.474596932277352,2891,"DMRT2;DMRT2;DMRT2"
"chr5",146615139,146615139,0.201631508631725,0.295505813849537,146615139,146615139,0.190200290369704,0.58258125305516,TRUE,0.475039647119034,2892,"STK32A;STK32A;STK32A"
"chr5",170653408,170653408,0.208668755703394,0.251739535964813,170653408,170653408,0.178416001551501,0.684023081649206,TRUE,0.47510914733034,2893,"RANBP17"
"chr6",167062180,167062180,0.211458279657415,0.23634520141368,167062180,167062180,0.173679611247648,0.729286628248883,TRUE,0.475404144407244,2894,"RPS6KA2"
"chr7",20687223,20687223,0.221535379217132,0.18830718938667,20687223,20687223,0.156619055191276,0.916432072760943,TRUE,0.475768577192495,2895,"ABCB5;ABCB5;ABCB5;ABCB5;ABCB5;ABCB5;ABCB5"
"chr9",73013111,73013111,-0.197509126651682,0.32502652140486,73013111,73013111,-0.196878136761338,0.531641284607379,TRUE,0.476166850455635,2896,"KLF9"
"chr3",183701484,183701484,0.221221807010175,0.189636984546067,183701484,183701484,0.156974781631282,0.912110692481809,TRUE,0.4764694428043,2897,"ABCC5"
"chr3",178984841,178984841,-0.160419182374656,0.780255261071942,178984841,178984841,-0.259916238248152,0.222198018636126,TRUE,0.477173029143112,2898,"KCNMB3;KCNMB3"
"chr4",1546631,1546631,0.155262084701614,0.882288916436715,1546631,1546631,0.268820176785915,0.196515954353123,TRUE,0.477195240021927,2899,""
"chr12",90674723,90674723,-0.187254458494012,0.412915924166662,90674723,90674723,-0.213948600871601,0.420034238090451,TRUE,0.477291564914986,2900,""
"chr5",60274091,60274091,0.174516790670945,0.558256202730811,60274091,60274091,0.235699369766262,0.310788570129247,TRUE,0.477398109124372,2901,"NDUFAF2"
"chr2",16004916,16004916,0.17538631319137,0.546813259510457,16004916,16004916,0.234155995563494,0.317511368897266,TRUE,0.47760787121025,2902,""
"chr3",193339109,193339109,0.153555054262736,0.919172293773728,193339109,193339109,0.271384435042387,0.189722061206132,TRUE,0.47895057120831,2903,"OPA1;OPA1;OPA1;OPA1;OPA1;OPA1;OPA1;OPA1"
"chr4",190962249,190962249,0.201300289197732,0.297763858179022,190962249,190962249,0.189594131218832,0.587444281519304,TRUE,0.479879607211807,2904,""
"chr7",44105166,44105166,-0.166419363667739,0.67648355970892,44105166,44105166,-0.24895188073179,0.258652403978789,TRUE,0.479974481769618,2905,"PGAM2;PGAM2"
"chr6",158975760,158975760,0.224363288279213,0.177031122421613,158975760,158975760,0.150888878133344,0.988412932093852,TRUE,0.479984507761298,2906,"TMEM181"
"chr14",92721383,92721383,-0.167026757812478,0.66688743004607,92721383,92721383,-0.247906423126753,0.262423000200839,TRUE,0.480031132187486,2907,""
"chr17",70767937,70767937,0.173473970363062,0.572168765532901,70767937,70767937,0.236828525922585,0.305948512931921,TRUE,0.480114059235822,2908,"SLC39A11;SLC39A11"
"chr2",69941900,69941900,-0.17274621203727,0.581990625130372,69941900,69941900,-0.238022273969342,0.300914271457814,TRUE,0.480244920351597,2909,""
"chr10",64134160,64134160,-0.167617285688549,0.657683906573136,64134160,64134160,-0.24674261791147,0.266681482068539,TRUE,0.480702640678629,2910,"ZNF365;ZNF365;ZNF365;ZNF365;ZNF365;ZNF365"
"chr6",119031399,119031399,-0.220003621925039,0.194962125049914,119031399,119031399,-0.15799525738204,0.899868924673269,TRUE,0.480786604971197,2911,""
"chr11",129145299,129145299,0.157472300491936,0.836789062453439,129145299,129145299,0.264100818117932,0.209723568061081,TRUE,0.480880633621781,2912,""
"chr4",71063375,71063375,-0.205564133304676,0.270138388094571,71063375,71063375,-0.182196861346037,0.649846084993086,TRUE,0.480974568990719,2913,"ODAM"
"chr10",128975183,128975183,0.163541594158046,0.724434408691869,128975183,128975183,0.253648037612003,0.242340623959761,TRUE,0.480994598895175,2914,"FAM196A;DOCK1"
"chr5",82768488,82768488,0.154047819556911,0.908551812097336,82768488,82768488,0.269948510870851,0.193498409643932,TRUE,0.481417968157548,2915,"VCAN;VCAN;VCAN;VCAN"
"chr2",26074926,26074926,-0.196754431643293,0.330789712078861,26074926,26074926,-0.196844865457668,0.531888742673162,TRUE,0.481661275341786,2916,"ASXL2"
"chr1",203738697,203738697,-0.172833575900602,0.5807837522126,203738697,203738697,-0.23751501606424,0.303049020232235,TRUE,0.481770077555991,2917,"LAX1;LAX1;LAX1"
"chr11",368366,368366,-0.158882752622659,0.809180726984487,368366,368366,-0.261323918894532,0.217932619071054,TRUE,0.482362020582233,2918,"B4GALNT4"
"chr2",71115370,71115370,0.17738450771297,0.521511392284357,71115370,71115370,0.22951454053242,0.338613428769485,TRUE,0.482785067181058,2919,""
"chr8",28751142,28751142,0.202462440712897,0.289811161637533,28751142,28751142,0.186703544353296,0.611119198467459,TRUE,0.483683178442492,2920,"HMBOX1;HMBOX1"
"chr3",53926080,53926080,-0.165274961317849,0.695205734583316,53926080,53926080,-0.249895491350557,0.255283974108863,TRUE,0.484315854838903,2921,"SELK"
"chr8",142541031,142541031,0.164268091816798,0.71207886095036,142541031,142541031,0.251592602278654,0.24935058236109,TRUE,0.484458292173972,2922,""
"chr11",46692773,46692773,-0.195531903048694,0.34036796214293,46692773,46692773,-0.19822744529601,0.521845486762648,TRUE,0.484565802363815,2923,"ATG13;ATG13;ATG13;ATG13;ATG13;ATG13"
"chr6",42947252,42947252,-0.213798665459732,0.224179624409228,42947252,42947252,-0.167405020323319,0.793576887912925,TRUE,0.485056849138329,2924,"PEX6"
"chr7",102775759,102775759,0.178159792189536,0.511982311116938,102775759,102775759,0.227615795354489,0.347627564407334,TRUE,0.485187003852473,2925,"NAPEPLD;NAPEPLD"
"chr6",31587888,31587888,-0.19853010787729,0.317425456972746,31587888,31587888,-0.192978515618211,0.560846374258105,TRUE,0.485269423032142,2926,"BAT2"
"chr2",236177475,236177475,-0.161759520822982,0.755601529301682,236177475,236177475,-0.255549545095514,0.236047211179179,TRUE,0.485839874421491,2927,""
"chr8",1897969,1897969,0.193878209587342,0.353802245677607,1897969,1897969,0.200589911768723,0.505127480003907,TRUE,0.486456011110725,2928,"ARHGEF10"
"chr14",56470083,56470083,-0.222643431050664,0.183770241195788,56470083,56470083,-0.152108578368849,0.972736339559086,TRUE,0.48653307183278,2929,""
"chr15",55513621,55513621,-0.18026174687007,0.486877864460722,55513621,55513621,-0.223647866783513,0.367232845106816,TRUE,0.486597720976273,2930,"RAB27A;RAB27A;RAB27A;RAB27A"
"chr9",125572818,125572818,-0.211407157291886,0.236623080178081,125572818,125572818,-0.170918527589318,0.756969185342632,TRUE,0.487146314871816,2931,""
"chr2",158936453,158936453,0.216084275731415,0.212849918647826,158936453,158936453,0.163007384697149,0.841766658097244,TRUE,0.487238457100388,2932,"UPP2"
"chr5",147763209,147763209,-0.202477656840802,0.289714313810798,147763209,147763209,-0.185791009744743,0.618788593890034,TRUE,0.487413719875678,2933,"FBXO38;FBXO38"
"chr8",90913629,90913629,0.204377199166086,0.2775122326255,90913629,90913629,0.182613658819114,0.646165945183414,TRUE,0.487494570581506,2934,"OSGIN2;OSGIN2"
"chr2",55086721,55086721,0.198069253187623,0.320880689437329,55086721,55086721,0.193201395042585,0.5591267249222,TRUE,0.487656118899536,2935,"EML6"
"chr2",28844643,28844643,-0.212641206970638,0.230144705552807,28844643,28844643,-0.168535628292221,0.781632581091392,TRUE,0.488472654419704,2936,"PLB1;PLB1"
"chr9",129376721,129376721,-0.150219639025722,0.994831305985494,129376721,129376721,-0.274825806145176,0.180945007088008,TRUE,0.488680449302844,2937,"LMX1B;LMX1B;LMX1B;LMX1B;LMX1B;LMX1B"
"chr3",195271831,195271831,0.197159494010128,0.327686856706935,195271831,195271831,0.194251458605239,0.551157236779923,TRUE,0.48970354738297,2938,""
"chr1",167469123,167469123,-0.17683168401047,0.528424092163372,167469123,167469123,-0.228834776287832,0.341806547645678,TRUE,0.489723796938306,2939,"CD247;CD247"
"chr2",54087008,54087008,0.179716217918731,0.49328248574102,54087008,54087008,0.223742558102455,0.366751350811999,TRUE,0.490225337451915,2940,"GPR75;LOC100302652;GPR75"
"chr7",44194466,44194466,-0.193917752711498,0.353450613568232,44194466,44194466,-0.199595313990481,0.512109692423384,TRUE,0.490385118037227,2941,"GCK;GCK;GCK"
"chr3",118892330,118892330,0.214263967460646,0.221829947135986,118892330,118892330,0.165243914026322,0.816908438936621,TRUE,0.490742688647366,2942,"UPK1B"
"chr20",37908586,37908586,0.207974740988013,0.255690927295592,37908586,37908586,0.175774708449719,0.708920212857548,TRUE,0.490827591443489,2943,""
"chr1",165831369,165831369,-0.193753011247216,0.354796798359845,165831369,165831369,-0.199731986380598,0.51113820709676,TRUE,0.490973985479677,2944,"UCK2"
"chr14",34034105,34034105,-0.155647053737776,0.87417828343932,34034105,34034105,-0.264869424853438,0.20750708518836,TRUE,0.491055910487196,2945,"NPAS3;NPAS3;NPAS3;NPAS3"
"chr7",157567895,157567895,-0.181920721939343,0.46805288189333,157567895,157567895,-0.21967083969197,0.388034699470789,TRUE,0.491435717629513,2946,"PTPRN2;PTPRN2;PTPRN2"
"chr3",69482381,69482381,0.218000063161432,0.203895219591272,69482381,69482381,0.158647587288023,0.892113621976261,TRUE,0.491907926352401,2947,""
"chr13",37392314,37392314,0.22059247372381,0.192324139246315,37392314,37392314,0.154119760500621,0.947253910999161,TRUE,0.49238847715748,2948,"RFXAP"
"chr18",9712032,9712032,0.186031190868811,0.42496751872888,9712032,9712032,0.212441133588848,0.428845053579446,TRUE,0.492499869002479,2949,"RAB31"
"chr4",176828379,176828379,0.208964848346584,0.250076733278105,176828379,176828379,0.173460051718175,0.731453559354558,TRUE,0.493646550025033,2950,"GPM6A;GPM6A;GPM6A;GPM6A"
"chr3",151046450,151046450,-0.163080245016801,0.732360285835186,151046450,151046450,-0.251315652756384,0.25030248007722,TRUE,0.494312158575278,2951,"P2RY13;MED12L"
"chr3",149959957,149959957,0.19580806664871,0.338177711292159,149959957,149959957,0.19543278229616,0.542304388760155,TRUE,0.494454076322773,2952,""
"chr4",95459114,95459114,0.168147466749451,0.649374363039293,95459114,95459114,0.242391236970405,0.283246171599649,TRUE,0.495365026024512,2953,"PDLIM5;PDLIM5;PDLIM5;PDLIM5;PDLIM5"
"chr20",25062754,25062754,0.151489055284179,0.965227160302523,25062754,25062754,0.270979933104761,0.190780130538453,TRUE,0.495726162560307,2954,"VSX1;VSX1;VSX1;VSX1"
"chr1",19972300,19972300,-0.187844573800141,0.407209352222136,19972300,19972300,-0.208506058564467,0.452864050779508,TRUE,0.49617319749313,2955,"NBL1;NBL1;MINOS1-NBL1;MINOS1-NBL1;NBL1;NBL1;NBL1;NBL1;NBL1;NBL1"
"chr1",119608487,119608487,0.177351383920788,0.521898783591296,119608487,119608487,0.226247368102809,0.354278704853659,TRUE,0.496996123316661,2956,"WARS2;WARS2"
"chr19",47803550,47803550,-0.18102195275242,0.478090041659465,47803550,47803550,-0.219891145819434,0.3868486151409,TRUE,0.497081940993221,2957,""
"chr17",76103164,76103164,0.20887538454248,0.250575872077431,76103164,76103164,0.172748869129392,0.738497091145851,TRUE,0.497252507434957,2958,"TNRC6C;TNRC6C"
"chr3",13323866,13323866,0.17326285343051,0.574955003009732,13323866,13323866,0.233118571765678,0.322134533724263,TRUE,0.497527959456127,2959,""
"chr4",84457667,84457667,-0.207661319552282,0.257545935669204,84457667,84457667,-0.174693567363461,0.719369131565055,TRUE,0.497625304849084,2960,"AGPAT9;AGPAT9"
"chr13",95812980,95812980,0.168541787387929,0.643270715005155,95812980,95812980,0.241072569304754,0.288444370020715,TRUE,0.498092473343291,2961,"ABCC4;ABCC4;ABCC4;ABCC4"
"chr8",61821703,61821703,-0.195219066392949,0.34290239527025,61821703,61821703,-0.195540781085293,0.541502462211514,TRUE,0.498319277123056,2962,""
"chr7",137125473,137125473,0.176578754977885,0.531645399877227,137125473,137125473,0.227270479982212,0.34928115725257,TRUE,0.498338183545997,2963,"DGKI"
"chr8",136510544,136510544,0.203567380609907,0.282616858077705,136510544,136510544,0.181086425344211,0.659705006826339,TRUE,0.499599473540651,2964,"KHDRBS3"
"chr20",31316276,31316276,0.152336942891546,0.945973812347651,31316276,31316276,0.268604212749822,0.197100988531435,TRUE,0.499613947097719,2965,"COMMD7;COMMD7"
"chr14",93800155,93800155,-0.186560775134695,0.419703466854204,93800155,93800155,-0.20988642803903,0.444329191261775,TRUE,0.499671265431779,2966,"BTBD7;BTBD7;BTBD7;UNC79"
"chr19",19932565,19932565,-0.171466085478414,0.599940252340737,19932565,19932565,-0.235667812332345,0.310922713304379,TRUE,0.499752792265865,2967,"ZNF506;ZNF506"
"chr7",132351049,132351049,-0.216748280378149,0.209709814111771,132351049,132351049,-0.158699553670654,0.891490540462402,TRUE,0.500456323510738,2968,"FLJ40288"
"chr1",12123735,12123735,0.190126166708942,0.386032457431655,12123735,12123735,0.20363490611434,0.484358447106271,TRUE,0.500496175144901,2969,"TNFRSF8"
"chr3",50036847,50036847,0.216942842211355,0.208812109256268,50036847,50036847,0.158265044753937,0.896654714339326,TRUE,0.500922370779902,2970,"RBM6;RBM6"
"chr3",62359924,62359924,-0.173619361034592,0.570204244616751,62359924,62359924,-0.231707163551624,0.328501371847062,TRUE,0.501057247710677,2971,"FEZF2"
"chr7",47521938,47521938,-0.188768191945459,0.398446113869205,47521938,47521938,-0.205758722305679,0.470356651663033,TRUE,0.501222882315763,2972,"TNS3"
"chr10",14367541,14367541,-0.206376989590916,0.265211068663619,14367541,14367541,-0.175996332310446,0.706800314574769,TRUE,0.501288996665967,2973,"FRMD4A"
"chr6",30460576,30460576,-0.172096145257051,0.590973633551663,30460576,30460576,-0.234173226291877,0.317434785475813,TRUE,0.501530569977209,2974,"HLA-E"
"chr21",37924139,37924139,-0.203387972018197,0.283805851396695,37924139,37924139,-0.180887144086543,0.661490148710192,TRUE,0.501763441929487,2975,"CLDN14"
"chr6",4154091,4154091,0.202440611291998,0.28995494341107,4154091,4154091,0.182455499130033,0.647563132071701,TRUE,0.501812544937635,2976,"LOC100507506"
"chr8",65489065,65489065,-0.157084823226049,0.844566687923523,65489065,65489065,-0.259771770123546,0.22263857068943,TRUE,0.502262254836224,2977,"LOC401463"
"chr19",5366667,5366667,-0.182844048764961,0.458017212093761,5366667,5366667,-0.215550460506601,0.410830392121404,TRUE,0.502486591482882,2978,""
"chr2",27273871,27273871,-0.207582055565075,0.257983985839358,27273871,27273871,-0.173610211588576,0.729975841445775,TRUE,0.502744919523851,2979,"AGBL5;AGBL5;AGBL5;AGBL5-AS1"
"chr16",78768643,78768643,0.206859710491371,0.262284774329664,78768643,78768643,0.174730546732363,0.719012193419119,TRUE,0.503185298776733,2980,"WWOX;WWOX"
"chr14",90866143,90866143,-0.209160470734487,0.248931693972787,90866143,90866143,-0.170588483350548,0.76034945800969,TRUE,0.504333645008125,2981,"CALM1"
"chr6",154560711,154560711,-0.215957931440133,0.213449630190299,154560711,154560711,-0.1589625422283,0.888389005884028,TRUE,0.504917954231361,2982,"OPRM1;IPCEF1;IPCEF1;IPCEF1"
"chr2",131862113,131862113,-0.17678088823058,0.529065522769669,131862113,131862113,-0.225392205882395,0.358489326782474,TRUE,0.504981196713721,2983,"PLEKHB2;PLEKHB2;PLEKHB2;PLEKHB2;PLEKHB2;PLEKHB2;PLEKHB2;PLEKHB2;PLEKHB2;PLEKHB2;PLEKHB2;PLEKHB2;PLEKHB2"
"chr5",140705845,140705845,-0.151448216940152,0.966138274857112,140705845,140705845,-0.268709196313203,0.196818039670438,TRUE,0.50579369212281,2984,""
"chr3",9488803,9488803,0.167266210046695,0.663120049586087,9488803,9488803,0.241454692097349,0.286921123136291,TRUE,0.505975767572656,2985,"SETD5;SETD5"
"chr15",26046085,26046085,-0.181495806874289,0.472772350988444,26046085,26046085,-0.216874826892456,0.403400070816167,TRUE,0.506727328006836,2986,"ATP10A"
"chr1",235147744,235147744,-0.174107293511827,0.563626787214895,235147744,235147744,-0.229506552856553,0.33865196485539,TRUE,0.506987273305467,2987,""
"chr3",58188878,58188878,-0.178984048418223,0.501992830280888,58188878,58188878,-0.221126911639124,0.380286540048242,TRUE,0.507033308181574,2988,"DNASE1L3;DNASE1L3"
"chr17",56199386,56199386,-0.186538906181755,0.419932921705237,56199386,56199386,-0.20813853497581,0.455149522645045,TRUE,0.507415956433025,2989,""
"chr22",48534775,48534775,-0.193606565919477,0.356040920441745,48534775,48534775,-0.196098027299663,0.537374927843529,TRUE,0.507738863571097,2990,""
"chr16",56548466,56548466,0.177732540999078,0.517169629713509,56548466,56548466,0.222998273264835,0.370552136767689,TRUE,0.508252680988897,2991,"BBS2"
"chr17",65141911,65141911,0.17205235774214,0.591580794926962,65141911,65141911,0.232614268435448,0.324402899327277,TRUE,0.508702224378551,2992,"HELZ"
"chr17",44204169,44204169,0.181275252342274,0.475228560871094,44204169,44204169,0.216732817777078,0.404178875713265,TRUE,0.508977526636519,2993,"KANSL1;KANSL1;KANSL1"
"chr7",96429714,96429714,0.156807468255423,0.85023601070392,96429714,96429714,0.258661070153443,0.226099148799896,TRUE,0.509241920090959,2994,""
"chr10",124311123,124311123,-0.180569800613196,0.483331744035664,124311123,124311123,-0.21783923066248,0.398057803828088,TRUE,0.509499655313075,2995,""
"chr1",33733373,33733373,0.207692381379117,0.257350750049169,33733373,33733373,0.171673369442558,0.749302421652754,TRUE,0.510223653416543,2996,"ZNF362"
"chr22",43898597,43898597,-0.186716427476903,0.418190405807294,43898597,43898597,-0.207014738318545,0.462278360171869,TRUE,0.511024334412552,2997,"MPPED1"
"chr1",220291666,220291666,0.174739667075556,0.555353002878615,220291666,220291666,0.227500189734929,0.348175754327903,TRUE,0.511090190857667,2998,"MIR215;MIR194-1;IARS2;RNU5F-1"
"chr5",139645345,139645345,0.188531799278393,0.400718312881059,139645345,139645345,0.203698989381429,0.483922406594731,TRUE,0.512003207256483,2999,"PFDN1"
"chr1",9339683,9339683,-0.191248361822023,0.376063091144235,9339683,9339683,-0.199088429243997,0.515698247935237,TRUE,0.512033563713532,3000,""
"chr14",100550249,100550249,-0.176223894032437,0.536149568803676,100550249,100550249,-0.224658224618973,0.3621336374313,TRUE,0.512398742310924,3001,"EVL"
"chr1",243416723,243416723,-0.150990529525244,0.976825805028935,243416723,243416723,-0.267893829151794,0.199037605430032,TRUE,0.512836645607543,3002,"CEP170;CEP170;CEP170"
"chr17",78064152,78064152,0.204261818743925,0.278208791994708,78064152,78064152,0.176790608853064,0.69925615203234,TRUE,0.513023540473335,3003,"CCDC40"
"chr12",125166019,125166019,-0.150503692476291,0.988232989051726,125166019,125166019,-0.268566035337357,0.197205731492735,TRUE,0.513589677247216,3004,""
"chr17",35945533,35945533,0.187605441373323,0.409473356417882,35945533,35945533,0.204896784614776,0.475986078284423,TRUE,0.513619779133589,3005,"SYNRG;SYNRG;SYNRG;SYNRG;SYNRG;SYNRG;SYNRG;SYNRG;SYNRG;SYNRG;SYNRG;SYNRG;SYNRG;SYNRG"
"chr10",103342016,103342016,0.169320439729727,0.631388231648082,103342016,103342016,0.236182208082183,0.308716569381535,TRUE,0.513646583037327,3006,"POLL;POLL;POLL;POLL;POLL"
"chr21",40554221,40554221,-0.159880895758479,0.790259641573643,40554221,40554221,-0.252342939027585,0.246766972777282,TRUE,0.513793679204226,3007,"PSMG1;PSMG1"
"chr5",33228413,33228413,0.213287330955593,0.226757266566938,33228413,33228413,0.16135697533297,0.860520385288674,TRUE,0.513988615475642,3008,""
"chr12",31241496,31241496,0.161896085300543,0.753149789318728,31241496,31241496,0.248721423509895,0.259482452471095,TRUE,0.514478456215403,3009,"DDX11;DDX11;DDX11"
"chr12",55455154,55455154,0.179780934277902,0.492505468177294,55455154,55455154,0.217966487214782,0.397353552158649,TRUE,0.514918477660131,3010,""
"chr12",65996455,65996455,-0.190424222450587,0.383346792697972,65996455,65996455,-0.199786816467983,0.510760967012885,TRUE,0.515081213346018,3011,"LOC100507065;LOC100507065;LOC100507065;LOC100507065"
"chr1",194945162,194945162,0.214886308894549,0.218670473034585,194945162,194945162,0.158266655233197,0.896634412401386,TRUE,0.515519503502938,3012,""
"chr4",184069263,184069263,0.193401615580654,0.357693293362497,184069263,184069263,0.194599987467704,0.548527195912122,TRUE,0.51574271503561,3013,"WWC2"
"chr8",62692844,62692844,-0.214847342936493,0.218864913671337,62692844,62692844,-0.157869958605292,0.901361154708061,TRUE,0.517485376145187,3014,""
"chr2",152590992,152590992,0.215601675201447,0.215190656121677,152590992,152590992,0.156585235864259,0.91685160854886,TRUE,0.517520382896289,3015,"NEB;NEB;NEB;NEB;NEB;NEB;NEB;NEB"
"chr17",40937908,40937908,0.158089211423807,0.824717353342591,40937908,40937908,0.254253138264908,0.240327386043531,TRUE,0.518985975048581,3016,"WNK4"
"chr16",87714601,87714601,0.161894292267694,0.753181078616596,87714601,87714601,0.247701239232533,0.263170600267399,TRUE,0.519006935103273,3017,"JPH3"
"chr2",159805617,159805617,0.196633233104067,0.331689651884212,159805617,159805617,0.188219364372311,0.598585007560216,TRUE,0.519539660168651,3018,""
"chr12",96697838,96697838,0.202179296449982,0.291730238573446,96697838,96697838,0.178765229576625,0.680795487074696,TRUE,0.519643407600213,3019,"CDK17;CDK17"
"chr5",96143890,96143890,-0.168961100965114,0.636863113791727,96143890,96143890,-0.235259758738809,0.312690222579169,TRUE,0.52050301625429,3020,"ERAP1;ERAP1;ERAP1;ERAP1;ERAP1"
"chr14",104408824,104408824,0.176104032110194,0.537719993563344,104408824,104408824,0.223031829860582,0.370380397411187,TRUE,0.52053541291741,3021,"RD3L;TDRD9"
"chr1",232278969,232278969,0.162872764830765,0.735927265792156,232278969,232278969,0.245645966781758,0.270749050527238,TRUE,0.520681690811122,3022,""
"chr6",151768440,151768440,0.214188390879229,0.222198713860861,151768440,151768440,0.158198979039948,0.897438557124728,TRUE,0.520936648268439,3023,"RMND1;RMND1"
"chr4",141489018,141489018,0.197019491892326,0.328766337483387,141489018,141489018,0.187168308119668,0.607252393617281,TRUE,0.521314539796963,3024,"UCP1"
"chr11",68583134,68583134,0.210294004709961,0.242631370352049,68583134,68583134,0.164662374337762,0.823307572179217,TRUE,0.521501567065261,3025,"CPT1A;CPT1A"
"chr1",70035080,70035080,0.176874821876875,0.527883234300222,70035080,70035080,0.221329327181107,0.379225763790862,TRUE,0.522188335675852,3026,""
"chr5",52244674,52244674,-0.168952693878029,0.636999445732438,52244674,52244674,-0.234835221218189,0.31454277441622,TRUE,0.522472400333058,3027,"ITGA1"
"chr2",8901363,8901363,0.151018903462213,0.976164259874008,8901363,8901363,0.265436398037407,0.205900111608024,TRUE,0.523482218364415,3028,"KIDINS220"
"chr5",145593473,145593473,0.206339253922067,0.265426368832283,145593473,145593473,0.170876300790982,0.757402894890927,TRUE,0.523550196203236,3029,"RBM27"
"chr11",46143833,46143833,-0.204734063589386,0.27525865819571,46143833,46143833,-0.173513005512666,0.730929618970973,TRUE,0.523806826641406,3030,"PHF21A;PHF21A"
"chr2",46325268,46325268,0.205301627757758,0.271727437436304,46325268,46325268,0.172475346079305,0.741226498721016,TRUE,0.524154458422903,3031,"PRKCE"
"chr6",18263241,18263241,-0.185246012782751,0.432947779651825,18263241,18263241,-0.206551775323355,0.465255488986086,TRUE,0.524186111150691,3032,"DEK;DEK"
"chr1",16942481,16942481,0.179417736397888,0.496754852821103,16942481,16942481,0.216284921753344,0.40668176629567,TRUE,0.525130305078052,3033,""
"chr13",88479595,88479595,0.196576262983014,0.332094922789933,88479595,88479595,0.186966142433604,0.608941176488281,TRUE,0.525458285632021,3034,""
"chr21",44135605,44135605,0.172659596657178,0.583198988014709,44135605,44135605,0.227530082883575,0.348034204705042,TRUE,0.526650765784475,3035,"PDE9A;PDE9A;PDE9A;PDE9A;PDE9A;PDE9A;PDE9A;PDE9A;PDE9A;PDE9A;PDE9A;PDE9A;PDE9A;PDE9A;PDE9A;PDE9A;PDE9A;PDE9A;PDE9A;PDE9A"
"chr1",47697372,47697372,-0.212154602658869,0.232729797543343,47697372,47697372,-0.16014962208375,0.874457665684679,TRUE,0.527509837955269,3036,"TAL1;TAL1;TAL1;TAL1;TAL1;TAL1;TAL1"
"chr13",74610456,74610456,0.151522732177491,0.964488136886208,74610456,74610456,0.26354727687829,0.211334827606094,TRUE,0.528015184563528,3037,"KLF12"
"chr9",77388988,77388988,-0.215076320897752,0.217730304131975,77388988,77388988,-0.154956844008566,0.936842626069207,TRUE,0.528252262275977,3038,"TRPM6;TRPM6;TRPM6"
"chr11",133045308,133045308,-0.155339026537663,0.880633563582833,133045308,133045308,-0.256805536050424,0.231975619929074,TRUE,0.528739266104992,3039,"OPCML"
"chr5",138956692,138956692,-0.21420331022359,0.222122725566038,138956692,138956692,-0.156111401047817,0.922634765955876,TRUE,0.529774758921904,3040,"UBE2D2;UBE2D2"
"chr3",189085291,189085291,0.186698160490571,0.418363241928851,189085291,189085291,0.20280122276124,0.489956368127672,TRUE,0.529840669926984,3041,""
"chr13",67798520,67798520,-0.172102173136158,0.590884235557754,67798520,67798520,-0.227647504518552,0.34747552544987,TRUE,0.530376188514543,3042,"PCDH9;PCDH9"
"chr20",40357602,40357602,0.165260969669796,0.695423269701828,40357602,40357602,0.239370572433233,0.29533548689273,TRUE,0.530479655378744,3043,""
"chr3",185842634,185842634,0.17243300361959,0.586327172818242,185842634,185842634,0.22699081988163,0.350638341803878,TRUE,0.530805020169281,3044,""
"chr19",53590304,53590304,0.197006054018292,0.3288684001931,53590304,53590304,0.184856525044503,0.626713492961205,TRUE,0.531622953269544,3045,"ZNF160;ZNF160;ZNF160"
"chr1",67387618,67387618,0.161013377566303,0.769252602971589,67387618,67387618,0.246318429280499,0.268247926965357,TRUE,0.532008413843908,3046,"WDR78;WDR78"
"chr5",168106659,168106659,-0.207903317602887,0.256105138000703,168106659,168106659,-0.166113196449023,0.807438336811105,TRUE,0.532700280397142,3047,"SLIT3;SLIT3"
"chr12",79848488,79848488,0.190598455960837,0.381783817771129,79848488,79848488,0.195486291445749,0.541903425485835,TRUE,0.53285920414046,3048,""
"chr14",105992619,105992619,0.189183701005609,0.394699592941134,105992619,105992619,0.197897976035795,0.524214046189014,TRUE,0.532886164555683,3049,"TMEM121"
"chr10",103985861,103985861,0.193571132279147,0.35630836944019,103985861,103985861,0.190244880492755,0.582227021834283,TRUE,0.5337445433819,3050,"ELOVL3"
"chr2",128378434,128378434,-0.206702137693037,0.263208553600057,128378434,128378434,-0.167868986590634,0.788652314499877,TRUE,0.533945316919654,3051,"MYO7B"
"chr12",57617297,57617297,0.209505671984078,0.246955998307398,57617297,57617297,0.163019691310274,0.841629620016147,TRUE,0.534362494817568,3052,"NXPH4"
"chr3",133266805,133266805,0.187723121019435,0.408351411594324,133266805,133266805,0.200029745600206,0.509040603349534,TRUE,0.534397001246857,3053,""
"chr1",226926945,226926945,-0.19029524788811,0.384498536852833,226926945,226926945,-0.195609611969573,0.54099141731814,TRUE,0.534621520652454,3054,"ITPKB"
"chr2",147688823,147688823,-0.205888032993848,0.268155987579639,147688823,147688823,-0.16905845127538,0.776152035348231,TRUE,0.534808975559558,3055,""
"chr12",72332708,72332708,-0.151888157063896,0.956059396027153,72332708,72332708,-0.261392707651316,0.217723095552274,TRUE,0.534850404374269,3056,"TPH2;TPH2"
"chr1",78955823,78955823,0.157211286903944,0.842018845097116,78955823,78955823,0.2521961832092,0.247271739108367,TRUE,0.534930837858003,3057,"PTGFR;PTGFR"
"chr12",132089280,132089280,-0.211447487002756,0.236404055093004,132089280,132089280,-0.159563817625181,0.881297426172943,TRUE,0.535142358221935,3058,""
"chr1",158939868,158939868,0.191512114050295,0.373758112867947,158939868,158939868,0.193412586452177,0.557511931336139,TRUE,0.535193055235211,3059,"PYHIN1;PYHIN1;PYHIN1;PYHIN1"
"chr6",108497248,108497248,0.1990642769787,0.313581343234658,108497248,108497248,0.180479191122922,0.665145211866889,TRUE,0.535510595377783,3060,"NR2E1;NR2E1"
"chr16",50717571,50717571,-0.171937519016327,0.593208583399389,50717571,50717571,-0.226707911865984,0.352021806085965,TRUE,0.535894832907641,3061,""
"chr12",51786489,51786489,-0.196541697627357,0.332358646871964,51786489,51786489,-0.184666200574175,0.628341595595472,TRUE,0.535914263030496,3062,"GALNT6"
"chr3",50295474,50295474,0.156688412866438,0.85273840955009,50295474,50295474,0.252845778342584,0.245048526519181,TRUE,0.536113960417595,3063,"GNAI2;GNAI2"
"chr17",27918338,27918338,0.194856577120657,0.345785480573816,27918338,27918338,0.187496577017414,0.60453430249271,TRUE,0.536234330917673,3064,""
"chr3",47845362,47845362,-0.176905648928605,0.527492863060153,47845362,47845362,-0.21813433217253,0.396422482726998,TRUE,0.536345209582401,3065,"DHX30;DHX30;DHX30"
"chr1",26516623,26516623,0.171416776414848,0.600643516559488,26516623,26516623,0.22742156308535,0.348552844027053,TRUE,0.536729990801597,3066,"CATSPER4"
"chr18",19262819,19262819,-0.213200450460519,0.227219156202135,19262819,19262819,-0.155981705694454,0.924232528471776,TRUE,0.537741232265619,3067,"ABHD3;MIR320C1"
"chr10",118082519,118082519,0.196654297415282,0.331526500545328,118082519,118082519,0.184036850792917,0.633756648790685,TRUE,0.537903182601485,3068,"C10orf96"
"chr12",116425790,116425790,0.215842801051673,0.214045616816359,116425790,116425790,0.151308674318009,0.982975283593636,TRUE,0.538362322963326,3069,"MED13L"
"chr2",223492484,223492484,0.156591453071955,0.854700695516393,223492484,223492484,0.252512111221912,0.246187427641449,TRUE,0.538385726465574,3070,"FARSB;FARSB"
"chr2",58113281,58113281,0.166294164220137,0.678539713568827,58113281,58113281,0.235808494319726,0.310323768538959,TRUE,0.538620151232855,3071,""
"chr11",124667875,124667875,0.204935557412163,0.274025710863048,124667875,124667875,0.169768943283921,0.76877675485252,TRUE,0.538772178014313,3072,"C11orf61"
"chr12",123218275,123218275,-0.214925791621433,0.218473052464703,123218275,123218275,-0.152739197401301,0.964676357408249,TRUE,0.538914188258266,3073,""
"chr10",60199979,60199979,-0.153135911754919,0.928202981125104,60199979,60199979,-0.258347402751749,0.227083943174725,TRUE,0.53895187473116,3074,""
"chr4",3389984,3389984,-0.16740773156864,0.660930543718599,3389984,3389984,-0.233695917168796,0.319558969723269,TRUE,0.539615152977265,3075,"RGS12;RGS12;RGS12"
"chr1",78229462,78229462,0.205126981639343,0.272834482594211,78229462,78229462,0.169240992694905,0.774250646071579,TRUE,0.53967111274004,3076,""
"chr11",76155487,76155487,-0.192451675530666,0.365622150438944,76155487,76155487,-0.19071929944664,0.578460636384547,TRUE,0.540068581151836,3077,"C11orf30"
"chr22",31671702,31671702,0.160046456108078,0.787161256101413,31671702,31671702,0.246180548689605,0.268754121951335,TRUE,0.540153724176626,3078,"LIMK2;LIMK2;LIMK2"
"chr4",129919593,129919593,0.173552746452988,0.571099714522406,129919593,129919593,0.222802696312829,0.371558172984993,TRUE,0.54115295575537,3079,"SCLT1"
"chr1",46235092,46235092,-0.173888117545156,0.56657617603061,46235092,46235092,-0.222183995135742,0.374758021577652,TRUE,0.541357856918918,3080,""
"chr10",91222148,91222148,0.174233236752212,0.561955044728796,91222148,91222148,0.221493434039612,0.378363796140572,TRUE,0.541813980091056,3081,"SLC16A12;SLC16A12;SLC16A12-AS1"
"chr1",212769641,212769641,-0.189084399530717,0.39559506284679,212769641,212769641,-0.196053770238374,0.537694157019549,TRUE,0.541946661604676,3082,"ATF3"
"chr3",184017436,184017436,-0.178587433340079,0.506811382152584,184017436,184017436,-0.213953644399435,0.420004499510986,TRUE,0.542184827842766,3083,"PSMD2;PSMD2;PSMD2"
"chr7",585154,585154,0.152524925740939,0.941796691082252,585154,585154,0.258530207071896,0.226507744099035,TRUE,0.542897827684926,3084,""
"chr17",34851723,34851723,0.182806319690397,0.458428442865742,34851723,34851723,0.206461505891342,0.4658372898928,TRUE,0.543251217922069,3085,"MYO19;MYO19"
"chr9",126177426,126177426,-0.208610200091985,0.252047959043799,126177426,126177426,-0.162492052448984,0.847566771382057,TRUE,0.543366086553595,3086,"DENND1A;DENND1A"
"chr18",76403028,76403028,-0.15780046567938,0.83041051558803,76403028,76403028,-0.249319741084566,0.257331574934866,TRUE,0.543463891564729,3087,""
"chr14",37466497,37466497,-0.180014800281166,0.489786279195895,37466497,37466497,-0.211185279553737,0.436394893145261,TRUE,0.543540098262083,3088,"SLC25A21;SLC25A21"
"chr6",26271884,26271884,-0.162918849686052,0.735133113612931,26271884,26271884,-0.239993883925078,0.292799586863082,TRUE,0.545859231200719,3089,"HIST1H2BI;HIST1H3G"
"chr8",21718256,21718256,-0.172406008581463,0.586696684526399,21718256,21718256,-0.223602693729826,0.367457369501963,TRUE,0.546380193060688,3090,""
"chr12",111531339,111531339,-0.210447362723992,0.241758994928154,111531339,111531339,-0.158612266331094,0.892528909395684,TRUE,0.546672981208322,3091,"CUX2"
"chr4",130257063,130257063,0.167274463791992,0.662998617311027,130257063,130257063,0.232304822779443,0.325797943233225,TRUE,0.547020499458575,3092,""
"chr6",6588305,6588305,0.166053502744022,0.682433741186848,6588305,6588305,0.234320836383753,0.316775987589651,TRUE,0.547288664952213,3093,"LY86;LY86-AS1"
"chr14",106666649,106666649,-0.166107836229684,0.681541996197605,106666649,106666649,-0.234213896654097,0.317253609477787,TRUE,0.547354576731633,3094,""
"chr15",86077223,86077223,0.209440867128379,0.247345624564185,86077223,86077223,0.160077575089449,0.875291323410398,TRUE,0.547779867260652,3095,"AKAP13;AKAP13"
"chr1",146551201,146551201,-0.202604415927539,0.288876207617901,146551201,146551201,-0.171607987999364,0.749969039544641,TRUE,0.548007402394444,3096,""
"chr16",3329195,3329195,-0.155074537455934,0.886263402249253,3329195,3329195,-0.252990307211461,0.244559024237732,TRUE,0.54815344809752,3097,""
"chr16",18782170,18782170,0.171755919635949,0.595818259838249,18782170,18782170,0.224246271185838,0.364200825867797,TRUE,0.548541353676041,3098,""
"chr11",110299159,110299159,0.188419955527303,0.401831317905226,110299159,110299159,0.195674252988856,0.54051725427869,TRUE,0.548845702942448,3099,"FDX1"
"chr1",146696938,146696938,-0.177375546589698,0.5216164349272,146696938,146696938,-0.214515810843164,0.416740737409998,TRUE,0.54912361904266,3100,"FMO5;FMO5;FMO5;FMO5;FMO5;FMO5"
"chr15",51659530,51659530,-0.195447336601186,0.341055581712746,51659530,51659530,-0.183595984371006,0.63757867658885,TRUE,0.549231883244106,3101,"GLDN"
"chr4",15684672,15684672,0.171600908068383,0.598018195471694,15684672,15684672,0.224297569382468,0.363944006352852,TRUE,0.549529890879029,3102,"FAM200B"
"chr9",96827917,96827917,-0.163867136695748,0.71894090196616,96827917,96827917,-0.237557627299646,0.302864422981704,TRUE,0.549676996158009,3103,"PTPDC1;PTPDC1"
"chr5",148728200,148728200,-0.155131408861076,0.885063234181025,148728200,148728200,-0.25255716406482,0.246035614261074,TRUE,0.549700556000411,3104,"GRPEL2"
"chr12",19409063,19409063,-0.183020687978534,0.456118994689759,19409063,19409063,-0.204660279249636,0.477546958946399,TRUE,0.549793781779407,3105,"PLEKHA5;PLEKHA5;PLEKHA5;PLEKHA5"
"chr13",113687422,113687422,0.173142766291021,0.576579811549029,113687422,113687422,0.22141537428481,0.378773857690784,TRUE,0.550669561311445,3106,"MCF2L;MCF2L"
"chr11",119598725,119598725,0.187596000429146,0.409573184177747,119598725,119598725,0.196655656068172,0.533267244259307,TRUE,0.5506978653511,3107,"PVRL1;PVRL1;PVRL1"
"chr15",58521438,58521438,-0.179424806090919,0.496683334425975,58521438,58521438,-0.210631867030823,0.439766556286785,TRUE,0.550717272054336,3108,""
"chr3",155027702,155027702,0.19186949291011,0.37059118893372,155027702,155027702,0.189309832947575,0.589731332424458,TRUE,0.55090666462174,3109,""
"chr4",152181806,152181806,0.193506659146734,0.356841032487231,152181806,152181806,0.186450326054921,0.613248646180307,TRUE,0.551336919535279,3110,""
"chr15",28365741,28365741,0.192064365067222,0.368914231564644,28365741,28365741,0.188858090034559,0.593387749043685,TRUE,0.551453759884795,3111,"HERC2"
"chr1",36240505,36240505,-0.209166215332711,0.248903384608049,36240505,36240505,-0.159473011193078,0.882361999644641,TRUE,0.552536782287965,3112,""
"chr16",17502886,17502886,0.156330300320239,0.859984861939698,17502886,17502886,0.249845947220174,0.255464285394718,TRUE,0.552646714498513,3113,"XYLT1"
"chr11",86129259,86129259,0.201496205743667,0.296453432584973,86129259,86129259,0.172369491329783,0.742284192091523,TRUE,0.553187884401341,3114,"CCDC81;CCDC81"
"chr1",99021439,99021439,0.208976824045623,0.250015644648934,99021439,99021439,0.159595034685256,0.880932404848012,TRUE,0.553481775238354,3115,""
"chr11",61723124,61723124,0.197456266623229,0.325408697828821,61723124,61723124,0.179173411779602,0.677029327202048,TRUE,0.553579125768251,3116,"BEST1;BEST1"
"chr14",62394394,62394394,0.177539618055016,0.519623604646312,62394394,62394394,0.213244217229402,0.424119815120026,TRUE,0.553687175487345,3117,""
"chr1",27559823,27559823,0.17319650729442,0.575847492982257,27559823,27559823,0.220604881670338,0.383038730909317,TRUE,0.553973277414184,3118,"WDTC1"
"chr14",86074156,86074156,0.171650702794659,0.597341750651115,86074156,86074156,0.223223832763591,0.369389211685525,TRUE,0.554093740351742,3119,"FLRT2"
"chr10",80339185,80339185,0.194610486341279,0.347779055837987,80339185,80339185,0.183849455877299,0.6353745628598,TRUE,0.554574617833394,3120,""
"chr6",578316,578316,0.202504859138829,0.289534772839697,578316,578316,0.170299298833888,0.76330417949981,TRUE,0.554624642684736,3121,"EXOC2;EXOC2"
"chr11",17300909,17300909,-0.200203362791518,0.305418561407482,17300909,17300909,-0.174092753462652,0.725229925086601,TRUE,0.555372201657905,3122,"NUCB2"
"chr5",130872422,130872422,-0.157813517823207,0.830157966255237,130872422,130872422,-0.246691784104304,0.266867432781599,TRUE,0.555437683496128,3123,"RAPGEF6;RAPGEF6;RAPGEF6;RAPGEF6;RAPGEF6;RAPGEF6"
"chr6",147374493,147374493,0.187130941361308,0.414132481867107,147374493,147374493,0.196410662785771,0.535066973461532,TRUE,0.555507743304217,3124,""
"chr1",32066335,32066335,0.185298426038404,0.432406921788675,32066335,32066335,0.199233281597753,0.514665405640615,TRUE,0.556946717584964,3125,""
"chr10",12237201,12237201,-0.205549242790205,0.270235235921306,12237201,12237201,-0.164624224604929,0.823728423833483,TRUE,0.557030198297928,3126,"NUDT5;CDC123"
"chr2",110931401,110931401,0.167372491493404,0.661434897400902,110931401,110931401,0.229939685125578,0.336633989820308,TRUE,0.557121870330631,3127,"NPHP1;NPHP1;NPHP1;NPHP1"
"chr2",161560659,161560659,-0.202863057028437,0.287148591385609,161560659,161560659,-0.168775854003295,0.779105065010189,TRUE,0.558707767001937,3128,""
"chr12",95162929,95162929,-0.174783633841993,0.554771170934924,95162929,95162929,-0.216763907063284,0.404005820490415,TRUE,0.559324093008972,3129,""
"chr2",175458567,175458567,-0.181719679271839,0.470244622710666,175458567,175458567,-0.204670066265954,0.477484060534965,TRUE,0.559927219088565,3130,"WIPF1;WIPF1"
"chr19",843995,843995,0.20931191216574,0.24808762791363,843995,843995,0.157369172848601,0.907351617459155,TRUE,0.560775532392475,3131,"PRTN3"
"chr4",18937545,18937545,0.163624574995823,0.723003295806042,18937545,18937545,0.235526812934173,0.311531733846406,TRUE,0.560977936360554,3132,""
"chr13",102438434,102438434,-0.181025533532926,0.478044597679228,102438434,102438434,-0.205607382247482,0.471343100269843,TRUE,0.561103953952525,3133,"FGF14;FGF14"
"chr2",122463898,122463898,0.169427317766493,0.629736603710613,122463898,122463898,0.225520088928358,0.357848424678645,TRUE,0.561144529310313,3134,"NIFK-AS1"
"chr12",8142678,8142678,-0.183235247824645,0.453781237149038,8142678,8142678,-0.201783000598274,0.496894066668406,TRUE,0.561339623817015,3135,""
"chr17",28081120,28081120,0.163024213638203,0.733300454737796,28081120,28081120,0.236469157514117,0.307495483006789,TRUE,0.561347627254352,3136,"SSH2;SSH2;SSH2;SSH2"
"chr3",124554058,124554058,-0.16894634568534,0.637100763458868,124554058,124554058,-0.226223328277121,0.354395967343355,TRUE,0.561793329459612,3137,"ITGB5"
"chr12",377101,377101,0.207245485467248,0.259964896387725,377101,377101,0.160637531163761,0.868782221337292,TRUE,0.561892935699183,3138,""
"chr14",78055578,78055578,-0.192683894895288,0.363672529188445,78055578,78055578,-0.185481281258624,0.621401340514405,TRUE,0.562091849820664,3139,"SPTLC2"
"chr6",36515445,36515445,-0.19671301292698,0.331107819940521,36515445,36515445,-0.178547397597902,0.682812898167058,TRUE,0.562237720240976,3140,"STK38;STK38"
"chr1",26718075,26718075,-0.156075496305353,0.86521017468368,26718075,26718075,-0.248200209215134,0.26135237374394,TRUE,0.562297254159111,3141,""
"chr12",13157611,13157611,0.199140548039934,0.31305836497029,13157611,13157611,0.174385530683454,0.722385285215535,TRUE,0.562332967607226,3142,"HTR7P"
"chr19",19977733,19977733,-0.211137297661619,0.238081757445363,19977733,19977733,-0.1538432734447,0.950731332198881,TRUE,0.562634693475289,3143,"ZNF253"
"chr10",120248795,120248795,-0.189146863092597,0.395034090435011,120248795,120248795,-0.191378877838884,0.573257287286633,TRUE,0.562789750007354,3144,""
"chr10",72147337,72147337,-0.167276452525483,0.662964348080029,72147337,72147337,-0.228880623025585,0.341588113831913,TRUE,0.562796537535864,3145,""
"chr1",56938798,56938798,-0.20419017113,0.278681856379143,56938798,56938798,-0.165446932267758,0.814712521175109,TRUE,0.563664402463411,3146,""
"chr20",57833352,57833352,-0.209742169780789,0.245647807663196,57833352,57833352,-0.155958183231647,0.924523146953773,TRUE,0.563755554096964,3147,"ZNF831"
"chr19",15083818,15083818,-0.153269611152166,0.925310211038864,15083818,15083818,-0.252704717954308,0.245528892928557,TRUE,0.563879028401093,3148,"SLC1A6"
"chr12",563019,563019,0.174544132220346,0.557891905905631,563019,563019,0.216101077805132,0.407725925040884,TRUE,0.564288774613805,3149,""
"chr8",103299694,103299694,-0.207829990932821,0.256549893020401,103299694,103299694,-0.159107650558578,0.886672627415902,TRUE,0.564301766989705,3150,"UBR5;UBR5"
"chr1",113003309,113003309,0.196443242413862,0.33311256995393,113003309,113003309,0.178437467720377,0.683828371025886,TRUE,0.56476953880901,3151,"CTTNBP2NL"
"chr6",166356928,166356928,0.157685052143328,0.832693889349123,166356928,166356928,0.244785170523346,0.274011459165697,TRUE,0.56532522005626,3152,"LINC00473;LINC00473"
"chr6",150186269,150186269,-0.192380548676061,0.366227076864395,150186269,150186269,-0.185261143977207,0.623260810048828,TRUE,0.565454229353966,3153,"LRP11;RAET1E-AS1"
"chr14",99903506,99903506,0.200490671373739,0.303443610725375,99903506,99903506,0.171269962958555,0.7534042026365,TRUE,0.56598681402507,3154,"SETD3;SETD3"
"chr19",7984832,7984832,-0.199891804316541,0.307667665937576,7984832,7984832,-0.172281421929684,0.743166198506484,TRUE,0.566034799113161,3155,"SNAPC2;SNAPC2"
"chr5",68513446,68513446,-0.201848206752971,0.294041921699277,68513446,68513446,-0.168851218806011,0.778316409913572,TRUE,0.566343751402652,3156,"MRPS36"
"chr15",24102373,24102373,-0.158549686674254,0.815660591576325,24102373,24102373,-0.243062224614292,0.280639177191028,TRUE,0.566415509471712,3157,""
"chr13",112815119,112815119,-0.151412763423202,0.966924232220229,112815119,112815119,-0.255261711852666,0.236977716668109,TRUE,0.566759200434396,3158,""
"chr14",75530741,75530741,-0.159765207717864,0.792468517006478,75530741,75530741,-0.240889000495228,0.289182759022839,TRUE,0.566801538134357,3159,"ACYP1;ACYP1"
"chr8",108511174,108511174,0.191450831260687,0.374300460697662,108511174,108511174,0.186455884788008,0.613201989319226,TRUE,0.567322157618315,3160,"ANGPT1"
"chr6",19428243,19428243,0.177786969821638,0.516541608806298,19428243,19428243,0.209834078837696,0.444645638320374,TRUE,0.567551972766316,3161,""
"chr10",5688515,5688515,-0.206936912749333,0.261819159778055,5688515,5688515,-0.159844259941981,0.878015279539263,TRUE,0.567850878385079,3162,"ASB13;ASB13"
"chr3",170943028,170943028,-0.171024447314405,0.606171292516196,170943028,170943028,-0.22124477008626,0.37966695497925,TRUE,0.568235899108009,3163,"TNIK;TNIK;TNIK;TNIK;TNIK;TNIK;TNIK;TNIK"
"chr10",92211458,92211458,-0.159768223177051,0.792419348109828,92211458,92211458,-0.240553700227359,0.290524190774153,TRUE,0.568344275575873,3164,"LOC101926942"
"chr11",2277680,2277680,0.202096702446445,0.292336654965463,2277680,2277680,0.167856778615389,0.788780592670715,TRUE,0.568891062888877,3165,""
"chr19",12952129,12952129,0.198060440529932,0.32093879813337,12952129,12952129,0.174736458404331,0.718955799147063,TRUE,0.569113032136395,3166,"MAST1"
"chr16",3406339,3406339,0.167622377201927,0.657611643194727,3406339,3406339,0.226910770404934,0.351032049015194,TRUE,0.569262518869986,3167,"OR2C1"
"chr4",87514125,87514125,0.20414655687647,0.278991769424694,87514125,87514125,0.164048411822856,0.830109398120477,TRUE,0.570362172014838,3168,"PTPN13;PTPN13;PTPN13;PTPN13"
"chr20",60511914,60511914,0.161507073215728,0.760166786857303,60511914,60511914,0.237002123990654,0.305216740857718,TRUE,0.570978988501495,3169,"CDH4"
"chr3",188067331,188067331,0.179122403085402,0.500368021741592,188067331,188067331,0.206702742912608,0.464288703182133,TRUE,0.571416482408359,3170,"LPP;LPP;LPP"
"chr18",10630508,10630508,0.18401161078551,0.445586421040712,10630508,10630508,0.198291811308012,0.521381662673075,TRUE,0.571424319463734,3171,""
"chr8",27610268,27610268,0.198125968122584,0.320462008832522,27610268,27610268,0.174043654529839,0.72571916419478,TRUE,0.57178155655257,3172,"CCDC25;CCDC25;CCDC25;CCDC25;CCDC25;CCDC25"
"chr19",16477241,16477241,-0.161400273498277,0.762175261787125,16477241,16477241,-0.236943245652965,0.305463146230423,TRUE,0.572147572652665,3173,"EPS15L1;EPS15L1;EPS15L1;EPS15L1;EPS15L1"
"chr9",131174870,131174870,-0.170026480108021,0.620840758333383,131174870,131174870,-0.222055242664568,0.375431143608916,TRUE,0.572535848811711,3174,"MIR1268A"
"chr20",51480429,51480429,0.166449050687956,0.676009750341202,51480429,51480429,0.228165051613675,0.344992673632136,TRUE,0.572733081214639,3175,""
"chr7",94023308,94023308,0.1691239553723,0.634402434009381,94023308,94023308,0.223322079478182,0.368889332858017,TRUE,0.57390487359038,3176,"COL1A2"
"chr4",1202898,1202898,0.163513447632007,0.724957386956237,1202898,1202898,0.232931720646694,0.3229681538538,TRUE,0.574070205680478,3177,"LOC100130872;LOC100130872-SPON2"
"chr2",208008052,208008052,-0.180969865911546,0.478675598519569,208008052,208008052,-0.20288095595187,0.489415697443377,TRUE,0.574263557783743,3178,"KLF7"
"chr8",116668120,116668120,0.161465521650783,0.760940824487898,116668120,116668120,0.236364276679719,0.307943366315461,TRUE,0.574343846188463,3179,"TRPS1;TRPS1;TRPS1"
"chr9",102669613,102669613,-0.175066922642678,0.550981440976465,102669613,102669613,-0.213014074747045,0.425467788606898,TRUE,0.57448628312129,3180,"STX17"
"chr1",166853615,166853615,0.206003187193139,0.267467623026539,166853615,166853615,0.159867663079429,0.877741052992344,TRUE,0.574982809333543,3181,""
"chr2",228324937,228324937,-0.16651478582042,0.674979438461401,228324937,228324937,-0.227531442987595,0.348027888546571,TRUE,0.575191959531993,3182,""
"chr22",18125708,18125708,0.188789601169998,0.398246458349475,18125708,18125708,0.189176127575546,0.590806056865127,TRUE,0.575734504638167,3183,"BCL2L13;BCL2L13;BCL2L13;BCL2L13;BCL2L13;BCL2L13;BCL2L13;BCL2L13;BCL2L13;BCL2L13"
"chr13",26084177,26084177,-0.192920149400243,0.361714713121838,26084177,26084177,-0.181864622982518,0.652773173289898,TRUE,0.576935804166786,3184,"ATP8A2"
"chr13",99677372,99677372,0.199739289143365,0.308785885844722,99677372,99677372,0.170124182265247,0.765108006685804,TRUE,0.577133358554977,3185,"DOCK9;DOCK9"
"chr13",45049279,45049279,0.164788284334586,0.703268688650627,45049279,45049279,0.230061423534071,0.336065610750342,TRUE,0.577263006754826,3186,"TSC22D1;TSC22D1;TSC22D1"
"chr6",130524018,130524018,-0.171195270154457,0.603700927951177,130524018,130524018,-0.218990463028615,0.391741457376871,TRUE,0.577479703755272,3187,"SAMD3;SAMD3"
"chr15",31319218,31319218,0.180977932423202,0.478596630291616,31319218,31319218,0.202136537833855,0.4944898660621,TRUE,0.577719713059106,3188,"TRPM1"
"chr4",47956011,47956011,0.210163470433296,0.243321969854996,47956011,47956011,0.152073166272515,0.973186629023365,TRUE,0.577916393130832,3189,"CNGA1;CNGA1"
"chr1",46805700,46805700,-0.181593549442967,0.471711494794057,46805700,46805700,-0.201007286309792,0.502233250769613,TRUE,0.578077002291417,3190,"NSUN4;NSUN4;NSUN4;NSUN4;NSUN4;NSUN4"
"chr16",47107931,47107931,0.162453376359653,0.743273545941629,47107931,47107931,0.233879113227429,0.318742493452437,TRUE,0.578082281438851,3191,""
"chr8",101162926,101162926,-0.201085377883879,0.29920093093111,101162926,101162926,-0.167507739124988,0.792487087403527,TRUE,0.578370225378891,3192,"POLR2K;POLR2K"
"chr6",37402144,37402144,0.198818089911579,0.315326839065731,37402144,37402144,0.171385112760547,0.752230637835007,TRUE,0.578493457398849,3193,"CMTR1"
"chr2",38893251,38893251,0.202379990373166,0.290366919166334,38893251,38893251,0.16523687478166,0.816988368418215,TRUE,0.578533580118498,3194,"GALM;GALM"
"chr17",14627797,14627797,0.208433254955887,0.253080505873448,14627797,14627797,0.154864962513213,0.937969759586707,TRUE,0.578757203987133,3195,""
"chr14",102662956,102662956,0.162325128624269,0.745527865354701,102662956,102662956,0.233898597929097,0.318657262909269,TRUE,0.579024626118264,3196,"WDR20;WDR20;WDR20;WDR20;WDR20;WDR20;WDR20;WDR20;WDR20"
"chr14",35344773,35344773,-0.160169587501996,0.784808598895041,35344773,35344773,-0.23753336693887,0.302970519405532,TRUE,0.579320620805497,3197,"BAZ1A;BAZ1A;BAZ1A;BAZ1A"
"chr17",80657589,80657589,0.180361413873352,0.485703025824101,80657589,80657589,0.202851813667979,0.489611648740682,TRUE,0.57936657083422,3198,"RAB40B"
"chr5",266934,266934,-0.150661373808313,0.984555006585652,266934,266934,-0.253684162680988,0.242222045603717,TRUE,0.580335214800636,3199,""
"chr20",48770918,48770918,-0.202680145247742,0.288378558785141,48770918,48770918,-0.164319714732587,0.82709471072107,TRUE,0.580386032764666,3200,"TMEM189-UBE2V1;TMEM189;TMEM189;TMEM189"
"chr19",33181245,33181245,0.183287659053633,0.453194190322369,33181245,33181245,0.197499131024382,0.52710421503572,TRUE,0.580907750812009,3201,""
"chr19",53580403,53580403,0.204996263746282,0.273640554505957,53580403,53580403,0.160162239854335,0.874312920386402,TRUE,0.581432799808655,3202,"ZNF160;ZNF160;ZNF160"
"chr10",81082872,81082872,-0.206735108144376,0.263008898080327,81082872,81082872,-0.157148155558833,0.910013389504033,TRUE,0.581567434911078,3203,""
"chr6",125622409,125622409,-0.157450596038422,0.837254677005048,125622409,125622409,-0.241704980467991,0.285935840011104,TRUE,0.581652505188824,3204,"HDDC2"
"chr7",46800762,46800762,0.19623796413218,0.334764942874682,46800762,46800762,0.175103720465615,0.715403636738778,TRUE,0.581782494534691,3205,""
"chr9",21836719,21836719,0.176657615342883,0.530648612245141,21836719,21836719,0.208732574262805,0.451452426957575,TRUE,0.581883311351905,3206,"MTAP"
"chr16",81187864,81187864,-0.162763780614661,0.737841127845091,81187864,81187864,-0.23240434326736,0.325352691657249,TRUE,0.582591542880627,3207,"PKD1L2;PKD1L2;PKD1L2"
"chr18",4004036,4004036,0.159888238661962,0.790130759465758,4004036,4004036,0.237290108919578,0.303998098234762,TRUE,0.582790766794007,3208,"DLGAP1-AS4;DLGAP1;DLGAP1"
"chr1",179698101,179698101,-0.170846073372548,0.608768304239253,179698101,179698101,-0.218448061593608,0.394701743101834,TRUE,0.582910079402199,3209,""
"chr12",121239044,121239044,0.194190814882002,0.351239503185549,121239044,121239044,0.17834459045493,0.684691203388348,TRUE,0.583207564856747,3210,"SPPL3"
"chr8",108334258,108334258,0.203519316315589,0.282936455905929,108334258,108334258,0.162259642160499,0.850207639950093,TRUE,0.583298958172266,3211,"ANGPT1;ANGPT1"
"chr13",47621042,47621042,-0.161981824855216,0.751607673923797,47621042,47621042,-0.233477773903562,0.320527259374476,TRUE,0.583805942639464,3212,""
"chr2",65861662,65861662,-0.190333619220603,0.384135729994219,65861662,65861662,-0.184715115616655,0.627926721734044,TRUE,0.584230396430198,3213,""
"chr15",45404157,45404157,0.163444406685341,0.726127755693162,45404157,45404157,0.23081412590788,0.332584467528667,TRUE,0.584642235506629,3214,"DUOX2"
"chr3",101587822,101587822,0.158410422479876,0.818452788919417,101587822,101587822,0.239412376158127,0.295164311478949,TRUE,0.584754815216186,3215,""
"chr17",74325037,74325037,0.194290945757245,0.350408846825477,74325037,74325037,0.177832432070578,0.689458775147992,TRUE,0.584775271477157,3216,"PRPSAP1"
"chr18",76623073,76623073,0.153514120448697,0.920012634916472,76623073,76623073,0.247826373014978,0.262716663973527,TRUE,0.584931779997198,3217,""
"chr2",11344248,11344248,0.206576571971277,0.263982591230653,11344248,11344248,0.156616511532236,0.916462751244941,TRUE,0.585254821053639,3218,"ROCK2"
"chr7",44134432,44134432,-0.18878103582293,0.398319466711167,44134432,44134432,-0.187122596362566,0.607631062356049,TRUE,0.585398227389412,3219,""
"chr6",22147502,22147502,-0.189603764691213,0.390845794420373,22147502,22147502,-0.185581915740986,0.620552117969599,TRUE,0.586119670046044,3220,"NBAT1;CASC15"
"chr1",20015027,20015027,-0.179170050397949,0.499766075249271,20015027,20015027,-0.203463560982499,0.485502724482475,TRUE,0.5862579173325,3221,"TMCO4"
"chr8",22546694,22546694,0.185303633522808,0.432361477808438,22546694,22546694,0.192894569626435,0.561488141074106,TRUE,0.586439227959012,3222,"EGR3"
"chr19",16312932,16312932,0.15743975713781,0.837475937039973,16312932,16312932,0.2406806753688,0.290012356360969,TRUE,0.586598502258193,3223,"AP1M1;AP1M1"
"chr16",25105324,25105324,-0.19218083128735,0.367904034233472,25105324,25105324,-0.180626158778387,0.663830360615804,TRUE,0.588501742668646,3224,""
"chr4",143738724,143738724,-0.19932234173689,0.311767308941587,143738724,143738724,-0.16817216034026,0.785460812259483,TRUE,0.589424384941395,3225,"INPP4B;INPP4B"
"chr8",80802929,80802929,-0.175591301844262,0.544200603138466,80802929,80802929,-0.208882142712056,0.450522710988454,TRUE,0.589837478179998,3226,""
"chr13",78006078,78006078,0.207601933236308,0.257867023463993,78006078,78006078,0.153582067602413,0.954004267768125,TRUE,0.59100499309926,3227,""
"chr16",89187848,89187848,-0.168788335034769,0.639557718324801,89187848,89187848,-0.220295558491452,0.384689804810401,TRUE,0.591040182098224,3228,"ACSF3;ACSF3;ACSF3;ACSF3;ACSF3"
"chr10",59908879,59908879,-0.195936608745044,0.337163044061291,59908879,59908879,-0.173636648137042,0.729713645676894,TRUE,0.591041781052992,3229,""
"chr5",134015344,134015344,0.155017723812999,0.887466550250612,134015344,134015344,0.243937828758286,0.277256347983638,TRUE,0.591074398115707,3230,"SEC24A;SEC24A"
"chr1",89461670,89461670,0.190099835483539,0.386282026831318,89461670,89461670,0.18358799299063,0.637648492697656,TRUE,0.591433812435164,3231,""
"chr11",90334691,90334691,0.169150530488904,0.633985988354421,90334691,90334691,0.219563789634659,0.388609695468675,TRUE,0.591519204911381,3232,"DISC1FP1"
"chr8",14424410,14424410,-0.174760766803832,0.555077359064063,14424410,14424410,-0.209901632781043,0.444234824846534,TRUE,0.591815534368453,3233,"SGCZ"
"chr3",166829025,166829025,0.190995439094558,0.378263771760962,166829025,166829025,0.181898112724181,0.652478532016495,TRUE,0.592129459535481,3234,""
"chr13",22615334,22615334,-0.158124872634926,0.824008129257579,22615334,22615334,-0.238296032534204,0.299768490234354,TRUE,0.592412957410958,3235,""
"chr6",112590529,112590529,-0.200446927049335,0.3037632085536,112590529,112590529,-0.165578290451261,0.813269880503545,TRUE,0.59245461921096,3236,"LOC101927640"
"chr6",132858597,132858597,0.158801313441291,0.810745936861177,132858597,132858597,0.237023649155318,0.305126359637702,TRUE,0.592927661007901,3237,"TAAR9"
"chr4",8288935,8288935,-0.158173382832243,0.823103719552533,8288935,8288935,-0.238062108938321,0.300745690180547,TRUE,0.593157999037586,3238,"HTRA3;HTRA3"
"chr4",185202821,185202821,-0.185173170773894,0.433688293034704,185202821,185202821,-0.191603570079734,0.571507222639999,TRUE,0.593592143926165,3239,""
"chr21",19156681,19156681,-0.203627945834192,0.282211587171984,19156681,19156681,-0.159815438128002,0.878352291709072,TRUE,0.593627297792011,3240,"C21orf91-OT1;C21orf91-OT1"
"chr11",111523152,111523152,0.205827659657998,0.268539653970165,111523152,111523152,0.156029451061911,0.923643697079145,TRUE,0.593841721664688,3241,"SIK2"
"chr6",25963077,25963077,-0.167277276143588,0.662951683364225,25963077,25963077,-0.222249324684554,0.374416911424073,TRUE,0.594100082705472,3242,"TRIM38;TRIM38"
"chr8",126012434,126012434,0.195444976550943,0.341074206294811,126012434,126012434,0.173805576391184,0.728045766282737,TRUE,0.594235659377757,3243,"SQLE"
"chr9",1018365,1018365,-0.153275132112371,0.925181328930979,1018365,1018365,-0.246144353108151,0.268889768973721,TRUE,0.594867913009991,3244,""
"chr14",37643265,37643265,0.153067677299158,0.929685497857428,37643265,37643265,0.246464558444166,0.267705451664357,TRUE,0.595021037297745,3245,"SLC25A21;SLC25A21"
"chr7",149232512,149232512,-0.184978143600174,0.43565430391742,149232512,149232512,-0.191603585777053,0.571507109851455,TRUE,0.595156835871864,3246,""
"chr19",3108685,3108685,0.198734692470542,0.315927295591487,3108685,3108685,0.167857837929642,0.788769201027759,TRUE,0.595454548019279,3247,"GNA11"
"chr3",29323531,29323531,-0.163643769736732,0.722688912860795,29323531,29323531,-0.228193828381275,0.344855071608319,TRUE,0.595495143033223,3248,"RBMS3-AS3;RBMS3;RBMS3;RBMS3;RBMS3;RBMS3"
"chr11",95938227,95938227,-0.164132154608748,0.714374899427257,95938227,95938227,-0.227312213043997,0.349078288257893,TRUE,0.595703273299936,3249,"MAML2"
"chr2",230989879,230989879,-0.164590750088766,0.706563004726174,230989879,230989879,-0.226506960228342,0.353012879023083,TRUE,0.595776976392469,3250,""
"chr20",3184159,3184159,0.183634986158517,0.449494603341101,3184159,3184159,0.193593813422493,0.556138317253572,TRUE,0.596547488859774,3251,"DDRGK1"
"chr1",166973851,166973851,0.191303759929528,0.375546072746128,166973851,166973851,0.180390510776508,0.665944995433192,TRUE,0.596702536749575,3252,"MAEL;MAEL;MAEL"
"chr6",88032820,88032820,-0.19328273282994,0.358652831830454,88032820,88032820,-0.176942311141875,0.697823248771752,TRUE,0.596956449022231,3253,"SMIM8;SMIM8;SMIM8;GJB7"
"chr12",68648411,68648411,0.169690023194336,0.625774037630596,68648411,68648411,0.217465858839305,0.400122435724252,TRUE,0.597108723534237,3254,"IL22"
"chr2",37600397,37600397,0.182905186086372,0.457368331654638,37600397,37600397,0.194532437013981,0.54903587224607,TRUE,0.598112156328876,3255,"QPCT"
"chr3",136618442,136618442,0.176979241647355,0.526552694157543,136618442,136618442,0.204678561410867,0.477428418186536,TRUE,0.598498366707006,3256,"NCK1"
"chr19",1360981,1360981,0.170491100226978,0.613960837718802,1360981,1360981,0.215728298715749,0.409822363306488,TRUE,0.598807086895274,3257,"MUM1;MUM1"
"chr22",42468999,42468999,0.179068963632214,0.500977418066739,42468999,42468999,0.200855888885834,0.503281281921508,TRUE,0.599520872423626,3258,"FAM109B"
"chr3",64053561,64053561,0.207061129546487,0.26108311629487,64053561,64053561,0.152638644015417,0.965956093825933,TRUE,0.599606660362398,3259,"PRICKLE2-AS1"
"chr21",44091204,44091204,-0.1667434621618,0.671332000309913,44091204,44091204,-0.221999269248172,0.375719431127668,TRUE,0.59965852253854,3260,"PDE9A;PDE9A;PDE9A;PDE9A;PDE9A;PDE9A;PDE9A;PDE9A;PDE9A;PDE9A;PDE9A;PDE9A;PDE9A;PDE9A;PDE9A;PDE9A;PDE9A;PDE9A;PDE9A;PDE9A"
"chr2",201117303,201117303,0.190673752906958,0.381116312749942,201117303,201117303,0.180823776137518,0.662054542584931,TRUE,0.599778767003448,3261,""
"chr2",217060664,217060664,0.162290950230224,0.746100012515719,217060664,217060664,0.229576337103611,0.338326757886532,TRUE,0.599924454335137,3262,"XRCC5"
"chr13",24883570,24883570,0.19263590594134,0.364085249926992,24883570,24883570,0.177380659155664,0.693694661710688,TRUE,0.600114937681532,3263,"C1QTNF9;C1QTNF9;C1QTNF9"
"chr4",98642292,98642292,0.185865612701969,0.426694389977889,98642292,98642292,0.188990352939817,0.59231531797008,TRUE,0.600353807242982,3264,"STPG2"
"chr5",105733244,105733244,0.178030469701654,0.51358849507417,105733244,105733244,0.202426623787916,0.492500426528678,TRUE,0.600635585061212,3265,""
"chr4",154036211,154036211,-0.189234103392755,0.394213118857613,154036211,154036211,-0.183062673045283,0.642218007773838,TRUE,0.60094917928596,3266,""
"chr14",22886075,22886075,0.172334868207104,0.587669632693442,22886075,22886075,0.212050832513084,0.431191205681715,TRUE,0.601261198693772,3267,""
"chr3",46449195,46449195,-0.173826871030525,0.567428436905876,46449195,46449195,-0.209491170234146,0.446755122460914,TRUE,0.601403376131609,3268,"CCRL2;LOC102724297;CCRL2"
"chr21",48087110,48087110,-0.173935232436693,0.565939960307291,48087110,48087110,-0.209222129370091,0.448414993868439,TRUE,0.601779814332836,3269,""
"chr17",37975698,37975698,-0.154839447652719,0.891277139740984,37975698,37975698,-0.24198752742913,0.284832016126055,TRUE,0.60190088617429,3270,"IKZF3;IKZF3;IKZF3;IKZF3;IKZF3;IKZF3;IKZF3;IKZF3;IKZF3;IKZF3;IKZF3;IKZF3;IKZF3;IKZF3;IKZF3"
"chr10",14795564,14795564,0.186122478975246,0.424087693472158,14795564,14795564,0.188016721777143,0.600243450312849,TRUE,0.602848091975985,3271,"FAM107B;FAM107B"
"chr7",24446070,24446070,-0.181385411070237,0.473976243973085,24446070,24446070,-0.196053902039524,0.537692841153201,TRUE,0.603255341171754,3272,""
"chr1",200004095,200004095,-0.19253751569056,0.364913671337215,200004095,200004095,-0.176859822362435,0.698599722705605,TRUE,0.603357800414365,3273,"NR5A2;NR5A2"
"chr3",141747315,141747315,-0.199337121398144,0.31166673619844,141747315,141747315,-0.165112425481239,0.818360290672621,TRUE,0.603531473438024,3274,"TFDP2;TFDP2;TFDP2;TFDP2;TFDP2"
"chr14",23031010,23031010,-0.192577257747879,0.364561294244557,23031010,23031010,-0.176480081926016,0.702199933033682,TRUE,0.604812998788591,3275,""
"chr11",45945630,45945630,0.157424939904943,0.83777020543659,45945630,45945630,0.236748171511185,0.306295074531798,TRUE,0.605643417888001,3276,"GYLTL1B;GYLTL1B;GYLTL1B"
"chr5",52082858,52082858,-0.197535607368206,0.324831335784825,52082858,52082858,-0.167622403134913,0.791265888240238,TRUE,0.606218533831982,3277,"ITGA1;PELO"
"chr7",30017777,30017777,-0.159995349619679,0.788117069652957,30017777,30017777,-0.232202148102172,0.326258759628288,TRUE,0.606357280841595,3278,"SCRN1;SCRN1;SCRN1;SCRN1"
"chr1",95006539,95006539,-0.179256987511271,0.498694789288928,95006539,95006539,-0.199028697137934,0.516122107284012,TRUE,0.60670662088257,3279,"F3"
"chr3",80838995,80838995,0.150976683676431,0.977133483124639,80838995,80838995,0.247491747600409,0.263931246208895,TRUE,0.607396447835711,3280,""
"chr1",93286299,93286299,0.189558661499444,0.391244360476551,93286299,93286299,0.181113930972163,0.6594538267386,TRUE,0.607547572811968,3281,""
"chr6",154551098,154551098,-0.158894051612858,0.808976601565061,154551098,154551098,-0.233681008729012,0.31962318400105,TRUE,0.608305751587095,3282,"OPRM1;IPCEF1;IPCEF1;IPCEF1"
"chr3",4312607,4312607,-0.187228129408747,0.41314984891739,4312607,4312607,-0.18483294115383,0.626917264264236,TRUE,0.60890470261061,3283,""
"chr2",192179439,192179439,0.202985406587823,0.286342519473863,192179439,192179439,0.157523412445977,0.905509780533795,TRUE,0.609276291774027,3284,"MYO1B;MYO1B;MYO1B"
"chr2",46746850,46746850,0.199241143716099,0.312368510450625,46746850,46746850,0.164017074539819,0.830454643854006,TRUE,0.609440844599511,3285,"ATP6V1E2;ATP6V1E2"
"chr8",121744480,121744480,-0.196041358305343,0.336301843386634,121744480,121744480,-0.169502505276328,0.771549210055354,TRUE,0.609529274991616,3286,"SNTB1"
"chr7",47554571,47554571,0.172665094997614,0.583114059920495,47554571,47554571,0.209645572322984,0.445802510417338,TRUE,0.610176790698813,3287,"TNS3"
"chr2",109401551,109401551,0.176327084491965,0.53485478785856,109401551,109401551,0.203379564065384,0.486065238548147,TRUE,0.610204554417932,3288,"RANBP2"
"chr8",126195405,126195405,0.206357450702293,0.265325796089136,126195405,126195405,0.151542040507485,0.979968115430503,TRUE,0.610253724079527,3289,"NSMCE2"
"chr6",27760633,27760633,-0.152608006692381,0.939862714480687,27760633,27760633,-0.244094359721602,0.276647703403424,TRUE,0.610253779451999,3290,""
"chr8",65553669,65553669,0.16089467050039,0.77148904278588,65553669,65553669,0.229743341912531,0.337539681829532,TRUE,0.610788657967485,3291,"CYP7B1"
"chr14",68085004,68085004,0.156238436228063,0.861831675497202,68085004,68085004,0.237670932695457,0.302383981379965,TRUE,0.611052205415357,3292,""
"chr7",158767014,158767014,0.155227290260966,0.883058484167615,158767014,158767014,0.239218657970299,0.295957553309693,TRUE,0.612051285075832,3293,""
"chr7",2760784,2760784,-0.194953695878576,0.345050182073914,2760784,2760784,-0.170837431997628,0.757797090852601,TRUE,0.612225962756742,3294,""
"chr1",248160281,248160281,0.19050165880934,0.382677052726937,248160281,248160281,0.178493113302297,0.683312213051845,TRUE,0.612239215127679,3295,"OR2L13;OR2L13"
"chr20",14944060,14944060,-0.18028439455021,0.486605945562582,14944060,14944060,-0.195992180493215,0.538149070814137,TRUE,0.612746827941297,3296,"MACROD2"
"chr2",187454299,187454299,-0.190185752716776,0.385502774317744,187454299,187454299,-0.178876745585045,0.679776705751907,TRUE,0.613000364301206,3297,"ITGAV;ITGAV"
"chr3",143567031,143567031,-0.196991536071212,0.328990577451442,143567031,143567031,-0.166960195198216,0.798334684665412,TRUE,0.613788200156676,3298,"SLC9A9"
"chr13",103925168,103925168,0.193558410877185,0.35640670723349,103925168,103925168,0.172884379859224,0.737150019967332,TRUE,0.613895976248014,3299,""
"chr2",118906774,118906774,-0.199169280776092,0.312862434366973,118906774,118906774,-0.163144389793879,0.840232545916404,TRUE,0.614099087068751,3300,""
"chr1",212624548,212624548,-0.188782910181383,0.398309781928494,212624548,212624548,-0.181026833274794,0.660236128080565,TRUE,0.614234422552622,3301,""
"chr17",1731852,1731852,0.184787351144595,0.437622549749984,1731852,1731852,0.187883616185872,0.601336822459478,TRUE,0.614474844382622,3302,"RPA1;SMYD4"
"chr5",76704995,76704995,-0.191894344603097,0.370358754149557,76704995,76704995,-0.175587452933232,0.710721107541396,TRUE,0.614559249324843,3303,"PDE8B;PDE8B;PDE8B;PDE8B;PDE8B"
"chr3",142666320,142666320,0.167054380830076,0.666482904123631,142666320,142666320,0.218374595839509,0.395103007145605,TRUE,0.614702868271063,3304,""
"chr1",205509139,205509139,-0.175565840979354,0.544529885749364,205509139,205509139,-0.203525386413729,0.485086572350881,TRUE,0.615788752057237,3305,""
"chr5",126987506,126987506,0.204240063607412,0.278343633968854,126987506,126987506,0.153931005114719,0.949623936676601,TRUE,0.616025179580103,3306,"CTXN3;CTXN3"
"chr15",60690974,60690974,-0.168270738929168,0.647462735936206,60690974,60690974,-0.215997731738504,0.408301484981491,TRUE,0.616076030714777,3307,"ANXA2;ANXA2;ANXA2;ANXA2"
"chr6",39788266,39788266,0.177071647141192,0.525427769400855,39788266,39788266,0.200776926872741,0.503830148573342,TRUE,0.616563191029798,3308,"DAAM2"
"chr8",24298403,24298403,0.163856484968585,0.719121932903826,24298403,24298403,0.223422972855,0.368369039304025,TRUE,0.616796919919407,3309,"ADAM7;LOC101929294"
"chr1",192606366,192606366,0.172535715562305,0.584905744715089,192606366,192606366,0.208489554824893,0.452964620564675,TRUE,0.616849193505561,3310,"RGS13;RGS13"
"chr3",123602485,123602485,0.163556301730861,0.724169194643272,123602485,123602485,0.223909282637399,0.365906940578408,TRUE,0.616898237408367,3311,"MYLK;MYLK;MYLK;MYLK"
"chr18",48346630,48346630,-0.151267402651657,0.970422673715202,48346630,48346630,-0.244885826014482,0.273628504462253,TRUE,0.617637103283581,3312,"MRO;MRO;MRO;MRO"
"chr13",33860756,33860756,0.200875943865591,0.300652158365566,33860756,33860756,0.159383117765133,0.88341755003281,TRUE,0.617724728573899,3313,"STARD13"
"chr21",15199826,15199826,0.179536403270437,0.495366948965665,15199826,15199826,0.196206683662911,0.536568790522574,TRUE,0.617985898240148,3314,""
"chr8",138863832,138863832,0.167296662398835,0.662644750251804,138863832,138863832,0.217269959719584,0.40121084517494,TRUE,0.618067797809461,3315,""
"chr8",141994633,141994633,0.175243874885523,0.548687637449416,141994633,141994633,0.203506244440932,0.48521571523389,TRUE,0.618559833619104,3316,"PTK2;PTK2"
"chr3",141180666,141180666,0.20512848581247,0.272827032761385,141180666,141180666,0.151863207559263,0.975853062994733,TRUE,0.618569403126388,3317,""
"chr8",50213812,50213812,-0.173311839434891,0.574304632604044,50213812,50213812,-0.206669559986498,0.464503226993036,TRUE,0.619266635828445,3318,""
"chr20",57738826,57738826,-0.159629951760643,0.795023809665711,57738826,57738826,-0.230127183857016,0.3357551038884,TRUE,0.619487183959833,3319,""
"chr1",66797677,66797677,-0.199913876185214,0.307508984498388,66797677,66797677,-0.160674641762461,0.868359790643408,TRUE,0.61961281795598,3320,"PDE4B;PDE4B;PDE4B;PDE4B;PDE4B;PDE4B"
"chr14",46241576,46241576,0.155832452948388,0.870235086924649,46241576,46241576,0.236600432888472,0.306929660477157,TRUE,0.619708566648206,3321,""
"chr16",62002686,62002686,-0.158314643540441,0.820304817359898,62002686,62002686,-0.232280479188541,0.325903475714333,TRUE,0.620024275694426,3322,"CDH8"
"chr12",69006329,69006329,-0.15842481536328,0.818151070689974,69006329,69006329,-0.232078468142519,0.326822702348852,TRUE,0.620090434141907,3323,"RAP1B;RAP1B;RAP1B;RAP1B;RAP1B;RAP1B"
"chr8",119622171,119622171,0.177242369305224,0.52327700266406,119622171,119622171,0.199704518133008,0.511333782432252,TRUE,0.620326305681798,3324,"SAMD12;SAMD12;SAMD12"
"chr15",96596177,96596177,-0.187953509100304,0.406169355559661,96596177,96596177,-0.181184073235812,0.658825669740255,TRUE,0.620360039976129,3325,""
"chr3",187653484,187653484,0.200889011283007,0.300554565555549,187653484,187653484,0.158770250833398,0.890655566870335,TRUE,0.620486313206268,3326,""
"chr10",133978450,133978450,-0.18506216641758,0.434799063109024,133978450,133978450,-0.186082896126658,0.616329239685657,TRUE,0.620866746143657,3327,"JAKMIP3"
"chr2",74681555,74681555,0.181844612395232,0.468864913671337,74681555,74681555,0.191596085423796,0.571563203354061,TRUE,0.620875379322422,3328,"INO80B;INO80B-WBP1"
"chr2",24859491,24859491,0.20251242234635,0.289488583876178,24859491,24859491,0.155499666688333,0.930162198197594,TRUE,0.622564950221845,3329,"NCOA1;NCOA1;NCOA1"
"chr19",48614773,48614773,0.178386689899409,0.509199053573238,48614773,48614773,0.197204953424321,0.529253400743788,TRUE,0.622858744198791,3330,"PLA2G4C;PLA2G4C;PLA2G4C"
"chr9",140022932,140022932,-0.176619523346156,0.53113434134538,140022932,140022932,-0.199951220964508,0.509594094331676,TRUE,0.624387171250442,3331,""
"chr9",8711856,8711856,0.168015055861039,0.651426046999505,8711856,8711856,0.214731912318911,0.415495213517361,TRUE,0.624389106531375,3332,"PTPRD;PTPRD;PTPRD;PTPRD;PTPRD;PTPRD"
"chr1",8937448,8937448,0.17898249493702,0.502009964896388,8937448,8937448,0.195851702471428,0.53919074821138,TRUE,0.624408348688836,3333,"ENO1"
"chr3",112372913,112372913,0.169423176806209,0.629797692339784,112372913,112372913,0.2122521430568,0.429979029601955,TRUE,0.624566018541184,3334,""
"chr6",153090621,153090621,0.186398077988355,0.421285811346393,153090621,153090621,0.182978355057269,0.642965457455672,TRUE,0.62466062155189,3335,""
"chr8",128410595,128410595,-0.18972485428966,0.389732044412923,128410595,128410595,-0.177185360482388,0.695529505746313,TRUE,0.624919043481847,3336,"CASC8"
"chr8",16266122,16266122,0.161355594937737,0.762976118815894,16266122,16266122,0.226019167850003,0.355392679707679,TRUE,0.625031280830931,3337,""
"chr12",95249956,95249956,-0.196007616622306,0.336571527334927,95249956,95249956,-0.16627629833638,0.805683422257075,TRUE,0.625049515505296,3338,""
"chr15",95216999,95216999,0.190558480217198,0.382154074462569,95216999,95216999,0.17565107177037,0.710107161899609,TRUE,0.625310763434196,3339,""
"chr10",103733410,103733410,-0.180797365982652,0.480610320104417,103733410,103733410,-0.192458409965201,0.564854578346419,TRUE,0.625447162814806,3340,"C10orf76"
"chr6",12174943,12174943,0.189813426190229,0.388911072835526,12174943,12174943,0.176806213398205,0.699105391345043,TRUE,0.625987812450504,3341,""
"chr14",71107931,71107931,-0.185147894753697,0.433936372467802,71107931,71107931,-0.184827439195443,0.626964710645126,TRUE,0.626213019113281,3342,"TTC9"
"chr7",51189600,51189600,-0.189427058005651,0.39245048841104,51189600,51189600,-0.177393482082542,0.693571496620517,TRUE,0.626381796083598,3343,"COBL;COBL;COBL"
"chr4",133046482,133046482,0.200212917171213,0.305355982811746,133046482,133046482,0.15867522187762,0.891781873271845,TRUE,0.626535912991709,3344,""
"chr3",72976561,72976561,0.163718979787417,0.721435105996221,72976561,72976561,0.22165973565714,0.377497805698874,TRUE,0.626573945958702,3345,"GXYLT2"
"chr4",6566117,6566117,0.185220092056139,0.433213738683704,6566117,6566117,0.184537541404092,0.629441058323483,TRUE,0.627019019768796,3346,"PPP2R2C"
"chr16",69777413,69777413,0.188117347926576,0.404664489328859,69777413,69777413,0.179399237871521,0.674949732025698,TRUE,0.627597786170318,3347,"NOB1;NOB1"
"chr8",74660193,74660193,-0.203928586133743,0.28033869919959,74660193,74660193,-0.151968994229881,0.974511518454875,TRUE,0.627682269747338,3348,"STAU2;STAU2;STAU2;STAU2;STAU2;STAU2;STAU2"
"chr12",29534625,29534625,0.197061576551474,0.32845195453814,29534625,29534625,0.16380624457435,0.832804142016417,TRUE,0.62812693729031,3349,"ERGIC2"
"chr11",122727440,122727440,-0.160399969635819,0.780569644017188,122727440,122727440,-0.22698158932124,0.35068556260768,TRUE,0.628383999278688,3350,"CRTAM"
"chr15",92013164,92013164,-0.157847978606544,0.829505360899701,92013164,92013164,-0.231184322416587,0.330889932441918,TRUE,0.629342346580872,3351,"CRAT37"
"chr7",77801448,77801448,0.183822166947357,0.447544982090602,77801448,77801448,0.186441139321858,0.613324891236127,TRUE,0.629362392011951,3352,"MAGI2"
"chr13",29160247,29160247,0.193670751981785,0.355482927963096,29160247,29160247,0.169351092528662,0.773115730144535,TRUE,0.629800411096013,3353,""
"chr1",178403869,178403869,0.186281333351298,0.422522483595468,178403869,178403869,0.182120830653563,0.650519507793801,TRUE,0.629838737413315,3354,"RASAL2;RASAL2"
"chr15",81051076,81051076,0.176293877084416,0.535271978496803,81051076,81051076,0.199267698175958,0.514421782385332,TRUE,0.630479449193464,3355,""
"chr11",93063302,93063302,-0.189633626991798,0.390571640572386,93063302,93063302,-0.176041455271978,0.706371830895685,TRUE,0.631166648088034,3356,"CCDC67"
"chr5",138729919,138729919,-0.152507741223013,0.942201961987973,138729919,138729919,-0.239989760283105,0.292815452451621,TRUE,0.631169853244732,3357,"LOC389333"
"chr1",37939075,37939075,-0.194510197769055,0.348611202164623,37939075,37939075,-0.167490746476088,0.792668902536637,TRUE,0.63173863942891,3358,"ZC3H12A;LINC01137"
"chr19",51331524,51331524,0.171279132118125,0.602553653696011,51331524,51331524,0.207575210526528,0.458709429866692,TRUE,0.631820667607859,3359,"KLK15;KLK15;KLK15"
"chr4",40310457,40310457,-0.186296397615343,0.422360822223149,40310457,40310457,-0.18164404092791,0.654734039725479,TRUE,0.631996758519182,3360,""
"chr16",67515013,67515013,-0.176824716497921,0.528509020257585,67515013,67515013,-0.197899985975274,0.524198481369927,TRUE,0.632651363728251,3361,"ATP6V0D1;ATP6V0D1"
"chr12",105109716,105109716,-0.175888975654903,0.540435457628331,105109716,105109716,-0.199514105593476,0.512679274571153,TRUE,0.632685290780511,3362,"CHST11;CHST11"
"chr3",64255618,64255618,0.164960705444328,0.700450416892645,64255618,64255618,0.218184183916318,0.396145699639746,TRUE,0.633211680586442,3363,""
"chr2",18705868,18705868,0.172569367317281,0.584425230497828,18705868,18705868,0.205043343213982,0.475018803730113,TRUE,0.633381583037151,3364,""
"chr18",46469547,46469547,0.197299194251269,0.326615570746592,46469547,46469547,0.162269809627517,0.850092482846554,TRUE,0.633433440437403,3365,"SMAD7;SMAD7;SMAD7;SMAD7"
"chr2",18059752,18059752,0.163553027096977,0.724227303339313,18059752,18059752,0.220541056596481,0.383379314716356,TRUE,0.633433857886702,3366,"KCNS3"
"chr16",82558998,82558998,0.180422015534356,0.485033285853065,82558998,82558998,0.19136169613494,0.573394851714269,TRUE,0.634025243375447,3367,""
"chr18",13385744,13385744,0.173438730531622,0.572581486271448,13385744,13385744,0.203409419308916,0.485868121769219,TRUE,0.634132090246011,3368,"C18orf1;C18orf1"
"chr11",94568871,94568871,0.200988113036074,0.299887805517644,94568871,94568871,0.155624578391283,0.928624589571887,TRUE,0.634495426711263,3369,"AMOTL1;AMOTL1"
"chr14",106916597,106916597,-0.178016301751622,0.513771015978401,106916597,106916597,-0.195425237006939,0.542359467165864,TRUE,0.634706804315495,3370,""
"chr6",169565259,169565259,0.154532125879772,0.897859812025818,169565259,169565259,0.235729498408188,0.310662134171297,TRUE,0.635067603627863,3371,""
"chr22",23744717,23744717,0.180535278906057,0.483707215610082,23744717,23744717,0.190925111987795,0.576821254895869,TRUE,0.63517172384182,3372,"ZDHHC8P"
"chr12",66408433,66408433,0.153468756567356,0.921000482749167,66408433,66408433,0.237510755835559,0.303066126494758,TRUE,0.635313961832076,3373,""
"chr12",63154995,63154995,0.19239497453371,0.366104899606053,63154995,63154995,0.170133967988018,0.765008376805171,TRUE,0.636523707093382,3374,"PPM1H"
"chr1",11986728,11986728,-0.170782956885061,0.609667499061321,11986728,11986728,-0.207464672956087,0.459398229505588,TRUE,0.636532430971773,3375,"KIAA2013"
"chr2",223543062,223543062,0.15385475837751,0.912733403262431,223543062,223543062,0.236515227344829,0.30729941892094,TRUE,0.637044109064619,3376,"MOGAT1"
"chr12",65904983,65904983,-0.173640460946758,0.569941265518002,65904983,65904983,-0.202357894340495,0.492971281104167,TRUE,0.637656728550804,3377,""
"chr14",92198643,92198643,0.160555093291479,0.777761802025163,92198643,92198643,0.22480247446952,0.361420475466875,TRUE,0.637827275661399,3378,"CATSPERB"
"chr2",734927,734927,0.155293071797907,0.881620666432245,734927,734927,0.233769491046074,0.319234101120043,TRUE,0.638264049779605,3379,""
"chr5",145710603,145710603,-0.159275353934372,0.801661610713456,145710603,145710603,-0.226786154990474,0.351643926867006,TRUE,0.638841879001412,3380,""
"chr6",32063114,32063114,0.184528267293841,0.44031193940008,32063114,32063114,0.183231122745928,0.640751944681279,TRUE,0.639134650525666,3381,"TNXB"
"chr6",35618763,35618763,0.180570721711393,0.483321314269708,35618763,35618763,0.189935795347545,0.584700587395218,TRUE,0.639725862257142,3382,"FKBP5;FKBP5;FKBP5;FKBP5"
"chr20",57695568,57695568,-0.185201390938678,0.433402964437478,57695568,57695568,-0.181942889696562,0.652083960093007,TRUE,0.6397471745587,3383,""
"chr6",34662875,34662875,0.162573365390617,0.741152578536138,34662875,34662875,0.220868155468179,0.381654251530334,TRUE,0.640061606501416,3384,"C6orf106;C6orf106"
"chr18",11947875,11947875,0.180649486501738,0.482371460584424,11947875,11947875,0.189657464983419,0.586934326915189,TRUE,0.640385188542755,3385,""
"chr22",30661949,30661949,-0.178443784509526,0.508518138852964,30661949,30661949,-0.193490191087432,0.55692644600365,TRUE,0.640494746130116,3386,"OSM"
"chr16",88823718,88823718,-0.156216785300356,0.862297290048811,88823718,88823718,-0.231658903309007,0.328717888255577,TRUE,0.64080416065942,3387,"PIEZO1"
"chr1",31263794,31263794,-0.184602765584742,0.439518532204137,31263794,31263794,-0.182738147391718,0.645079753907428,TRUE,0.640894875230998,3388,""
"chr17",2827599,2827599,0.178097425851693,0.512748898914708,2827599,2827599,0.193919591798678,0.553666518713161,TRUE,0.64135771806208,3389,"RAP1GAP2;RAP1GAP2"
"chr19",5953984,5953984,-0.198170854854264,0.320099201973908,5953984,5953984,-0.159016002684424,0.887758179556806,TRUE,0.641708619130198,3390,"RANBP3;RANBP3;RANBP3;RANBP3"
"chr6",32982727,32982727,-0.165516651765265,0.691205174355887,32982727,32982727,-0.215461213701835,0.411333917778505,TRUE,0.641891581125131,3391,""
"chr15",71362285,71362285,0.173552438592818,0.571102694455536,71362285,71362285,0.20142650240317,0.499348007022666,TRUE,0.642975464880756,3392,""
"chr7",157161291,157161291,-0.179387747877956,0.497113189780021,157161291,157161291,-0.191151601920552,0.575042165997217,TRUE,0.643830379837126,3393,"DNAJB6;DNAJB6"
"chr1",114201205,114201205,0.199731182328596,0.30884324955748,114201205,114201205,0.155831256571201,0.926077974630548,TRUE,0.644020538191182,3394,"MAGI3;MAGI3"
"chr5",145913059,145913059,-0.170085501454422,0.619950503310706,145913059,145913059,-0.206851609655229,0.463323458821617,TRUE,0.645550874836107,3395,""
"chr7",155360839,155360839,0.175633969022615,0.543663470191729,155360839,155360839,0.197113099016789,0.52992618440942,TRUE,0.646627241261425,3396,""
"chr18",74285521,74285521,0.186676841019273,0.418557682565603,74285521,74285521,0.17794989430878,0.688361530594682,TRUE,0.646649016793957,3397,""
"chr5",78364919,78364919,0.170877543580126,0.608334723968794,78364919,78364919,0.205198979394821,0.47400239096675,TRUE,0.646938996169465,3398,"DMGDH;DMGDH;DMGDH;BHMT2;BHMT2"
"chr20",62043163,62043163,-0.170580345351967,0.612627317642992,62043163,62043163,-0.205688534930031,0.470813482862871,TRUE,0.647039822923349,3399,"KCNQ2;KCNQ2;KCNQ2;KCNQ2"
"chr1",36105569,36105569,0.200396845071809,0.304112605713128,36105569,36105569,0.15401795294088,0.948532632319948,TRUE,0.647074048564319,3400,"PSMB2"
"chr16",22825621,22825621,0.168389380731651,0.645650936592983,22825621,22825621,0.209263965021701,0.448153211657553,TRUE,0.648178886625765,3401,"HS3ST2"
"chr14",52455994,52455994,-0.198192316740592,0.319939775551437,52455994,52455994,-0.157610820458685,0.90445983197665,TRUE,0.648206335499856,3402,"C14orf166"
"chr1",233045743,233045743,-0.18533516526458,0.432024745364714,233045743,233045743,-0.179886578856772,0.670499772806276,TRUE,0.648577966482042,3403,""
"chr1",171711841,171711841,-0.196492356529015,0.332729648546687,171711841,171711841,-0.160148483717549,0.874470711559615,TRUE,0.650173215057786,3404,"VAMP4"
"chr20",33999335,33999335,-0.164626269574909,0.70597446793294,33999335,33999335,-0.215309441610668,0.412194682350991,TRUE,0.650218384170989,3405,"UQCC;UQCC"
"chr11",6251384,6251384,-0.195106600360889,0.343824684574078,6251384,6251384,-0.162562259847194,0.846776762822911,TRUE,0.650395899772808,3406,"FAM160A2;FAM160A2"
"chr6",30095199,30095199,0.191224228796907,0.376259021747552,30095199,30095199,0.16919398071135,0.774743344028444,TRUE,0.650841645892954,3407,""
"chr16",22131908,22131908,0.180853050239716,0.479992728963162,22131908,22131908,0.187075353488283,0.608025107932997,TRUE,0.651264824772216,3408,"VWA3A"
"chr4",48060886,48060886,0.190433357053285,0.383267079486736,48060886,48060886,0.17045236351965,0.76174344922256,TRUE,0.651392338370344,3409,""
"chr1",87258264,87258264,0.198091552804652,0.320714558165315,87258264,87258264,0.157089613594508,0.910723243004497,TRUE,0.651553611018795,3410,""
"chr15",96869027,96869027,-0.192895287561885,0.361927778340654,96869027,96869027,-0.166080069006966,0.807797944285918,TRUE,0.651900922677079,3411,"NR2F2"
"chr7",104759943,104759943,-0.161171045068149,0.76637994743398,104759943,104759943,-0.220888497374891,0.381547854337054,TRUE,0.651957622043509,3412,"SRPK2;SRPK2;SRPK2"
"chr1",40392088,40392088,-0.15675814383077,0.851289417065481,40392088,40392088,-0.228476568716048,0.343505368697104,TRUE,0.651972205461653,3413,""
"chr4",1109174,1109174,0.164651622598986,0.705574411910197,1109174,1109174,0.214770022433682,0.415273170470185,TRUE,0.652689238769384,3414,"TMED11P"
"chr11",111895341,111895341,-0.164753370231398,0.703854990494013,111895341,111895341,-0.214532840852483,0.416639791663017,TRUE,0.652993414063829,3415,"DLAT"
"chr3",131998482,131998482,0.197984821030485,0.321494555662171,131998482,131998482,0.15693056033625,0.912643693545104,TRUE,0.653184718392258,3416,""
"chr7",121128867,121128867,0.172588120924064,0.584186090864121,121128867,121128867,0.200975638919572,0.502451459006289,TRUE,0.653325921519269,3417,""
"chr7",79542782,79542782,0.188760065713245,0.398539981762809,79542782,79542782,0.172921514659669,0.736781051043358,TRUE,0.653462641043871,3418,""
"chr2",103432687,103432687,0.197891654199977,0.322162060683358,103432687,103432687,0.1569827104893,0.912016551643656,TRUE,0.653683680589232,3419,"TMEM182"
"chr7",151613405,151613405,0.165096912593725,0.698211742128507,151613405,151613405,0.213751364951578,0.421179605755915,TRUE,0.653996400857426,3420,""
"chr4",1386428,1386428,0.164502283718447,0.708107355070952,1386428,1386428,0.214753593676046,0.415367724866332,TRUE,0.654060523636688,3421,"CRIPAK;CRIPAK"
"chr19",9099017,9099017,-0.181747327518185,0.469935454648398,9099017,9099017,-0.18480503460952,0.627161301077514,TRUE,0.654794639064773,3422,""
"chr1",233151949,233151949,-0.196468327674729,0.332910679484352,233151949,233151949,-0.159211809678302,0.88544063814856,TRUE,0.654852438502888,3423,"PCNXL2"
"chr19",21887463,21887463,0.188175448069317,0.404119161566014,21887463,21887463,0.17355612632767,0.730511286260859,TRUE,0.655390768851919,3424,""
"chr6",44583468,44583468,-0.17560454208166,0.544044156649125,44583468,44583468,-0.195264384728439,0.543559274101953,TRUE,0.656008461562802,3425,""
"chr17",73408849,73408849,-0.200349437824539,0.304418048858984,73408849,73408849,-0.152127314658754,0.972492603515258,TRUE,0.656403092504643,3426,""
"chr2",61990829,61990829,-0.159411117279628,0.799140587285221,61990829,61990829,-0.222953677602847,0.370780571165699,TRUE,0.656721289964037,3427,""
"chr17",7210075,7210075,-0.15507029769236,0.886372914791792,7210075,7210075,-0.230384762533721,0.334556236856845,TRUE,0.657007994472921,3428,"EIF5A;EIF5A;EIF5A"
"chr16",34295778,34295778,0.170073655630001,0.620127809331959,34295778,34295778,0.204551112103453,0.478266286684568,TRUE,0.657062251403888,3429,""
"chr17",16191219,16191219,-0.187047301350898,0.414946748594962,16191219,16191219,-0.175097383795697,0.71546484332205,TRUE,0.657418935440915,3430,"PIGL"
"chr14",22990203,22990203,0.16860840986348,0.64227988723933,22990203,22990203,0.206992096407525,0.462426376337926,TRUE,0.65757356598556,3431,""
"chr9",112402871,112402871,0.155965650954587,0.867444379548123,112402871,112402871,0.22864778271826,0.34269870502961,TRUE,0.657895041940153,3432,"PALM2"
"chr11",11001248,11001248,-0.179520249423496,0.495551704819744,11001248,11001248,-0.188010276828086,0.600297513621661,TRUE,0.65814534444071,3433,""
"chr14",23624377,23624377,-0.182270570037633,0.464206533205395,23624377,23624377,-0.183190387857597,0.641106326286882,TRUE,0.658299643949354,3434,"SLC7A8;SLC7A8"
"chr6",130537000,130537000,-0.170328919306053,0.616279970677458,130537000,130537000,-0.203768443042051,0.483460725487497,TRUE,0.658713240195286,3435,"SAMD3;SAMD3;SAMD3;SAMD3"
"chr2",206947897,206947897,0.200152777517798,0.305779878299531,206947897,206947897,0.151967699708001,0.974526932889237,TRUE,0.658765987472513,3436,"INO80D"
"chr1",236987206,236987206,0.168157413935977,0.649226111366061,236987206,236987206,0.207507844985146,0.459123927766306,TRUE,0.658868297587823,3437,"MTR;MTR;MTR"
"chr2",159910937,159910937,0.182442589514133,0.462375364296825,159910937,159910937,0.182766991695397,0.644827483530429,TRUE,0.658961610597086,3438,"TANC1;TANC1"
"chr3",126422536,126422536,-0.159041562397861,0.806147155057841,126422536,126422536,-0.223122279677569,0.36991563341708,TRUE,0.659027066232945,3439,"CHCHD6"
"chr11",78496497,78496497,-0.190957836600328,0.378613913903772,78496497,78496497,-0.16796123686586,0.787677746286381,TRUE,0.659050440914217,3440,"ODZ4"
"chr11",19911623,19911623,0.200887533528739,0.300565740304788,19911623,19911623,0.150489052949033,0.993609589071482,TRUE,0.659557395559166,3441,"NAV2;NAV2;NAV2"
"chr4",48965262,48965262,-0.160526605609965,0.778243806208989,48965262,48965262,-0.220114399240514,0.385658019269246,TRUE,0.661355508426649,3442,""
"chr15",90283552,90283552,-0.174420178251162,0.559506284678972,90283552,90283552,-0.196190357449099,0.536690113399858,TRUE,0.661530617233635,3443,"WDR93"
"chr11",133801225,133801225,0.151622300892275,0.962196568309007,133801225,133801225,0.235380877563888,0.312166470176491,TRUE,0.661631678429139,3444,"IGSF9B"
"chr6",41392403,41392403,-0.16885408659851,0.638540071160803,41392403,41392403,-0.205749682016312,0.470415677667786,TRUE,0.661648220746831,3445,""
"chr5",52872072,52872072,0.160157319928439,0.785064128160964,52872072,52872072,0.220556674801291,0.383295888789894,TRUE,0.662288302832481,3446,"NDUFS4"
"chr6",126277754,126277754,-0.153669851184626,0.916707144091687,126277754,126277754,-0.23136974796312,0.330039769992578,TRUE,0.664250943839999,3447,"HINT3"
"chr10",6018225,6018225,-0.157139060013122,0.843482737247376,6018225,6018225,-0.225317800697452,0.35886107782387,TRUE,0.66442223742464,3448,"IL15RA;IL15RA;IL15RA;IL15RA;IL15RA"
"chr6",154568143,154568143,-0.174667810473242,0.556258157566944,154568143,154568143,-0.195060050953823,0.545080077234587,TRUE,0.665033800529889,3449,"IPCEF1;IPCEF1;IPCEF1"
"chr10",18744260,18744260,0.161596166990414,0.758545703234419,18744260,18744260,0.217485584524123,0.400015436992071,TRUE,0.665301923370764,3450,"CACNB2;CACNB2;CACNB2;CACNB2;CACNB2;CACNB2;CACNB2;CACNB2;CACNB2"
"chr5",56468650,56468650,-0.170254863089473,0.617409365333842,56468650,56468650,-0.202151219585378,0.494388845122756,TRUE,0.667455519933462,3451,"GPBP1;GPBP1"
"chr18",2570712,2570712,-0.186842907451679,0.416918719343938,2570712,2570712,-0.173351087775185,0.732522418790932,TRUE,0.667647721900205,3452,"METTL4;METTL4;NDC80"
"chr20",55205225,55205225,0.151629934654832,0.962004362622103,55205225,55205225,0.23401666140554,0.318130991562439,TRUE,0.668407466173012,3453,"TFAP2C"
"chr13",114304887,114304887,0.198384797670596,0.318458003802395,114304887,114304887,0.152979044775779,0.961620652574966,TRUE,0.668635202899833,3454,"ATP4B"
"chr11",36627742,36627742,0.191436732521703,0.374436792638373,36627742,36627742,0.165064088244071,0.818889156155965,TRUE,0.669092267181636,3455,"C11orf74;C11orf74;C11orf74;C11orf74;C11orf74;C11orf74;C11orf74;C11orf74"
"chr17",39867328,39867328,0.179699396506687,0.493481396277468,39867328,39867328,0.185317540548738,0.622782699410334,TRUE,0.669930111818707,3456,"GAST"
"chr11",104915759,104915759,-0.180388298397036,0.48539907264481,104915759,104915759,-0.184107376442644,0.633156538543643,TRUE,0.669932377749294,3457,"CASP1;CASP1;CASP1;CARD16;CASP1;CASP1;CARD16"
"chr7",12988060,12988060,0.194265986358563,0.350598817562534,12988060,12988060,0.159942069727263,0.876869686296711,TRUE,0.670045482338048,3458,""
"chr6",44349784,44349784,0.166343457637273,0.677723211891125,44349784,44349784,0.208364243028391,0.453746733925734,TRUE,0.670145986834308,3459,""
"chr5",141366100,141366100,0.166595049277481,0.673661563034526,141366100,141366100,0.207913288164698,0.456571335032129,TRUE,0.670216576101463,3460,"RNF14;RNF14;RNF14;RNF14;RNF14;RNF14"
"chr17",73110680,73110680,-0.180901839221997,0.479451871100013,73110680,73110680,-0.183140170671185,0.641544622569303,TRUE,0.670234509467896,3461,"ARMC7"
"chr1",226043599,226043599,0.176915558604336,0.527361001019137,226043599,226043599,0.190048619080185,0.58379369230819,TRUE,0.670564800705197,3462,"TMEM63A"
"chr11",65374833,65374833,-0.189682561733188,0.390122415652993,65374833,65374833,-0.16780776908386,0.789296750644756,TRUE,0.670626443955578,3463,"MAP3K11"
"chr3",43567899,43567899,0.176648649471918,0.530762594687375,43567899,43567899,0.190365198124149,0.581263544494291,TRUE,0.671321540812951,3464,"ANO10;ANO10;ANO10;ANO10;ANO10"
"chr13",101289049,101289049,0.195864180703895,0.337732211289179,101289049,101289049,0.156838922767018,0.913756014167143,TRUE,0.671429591537562,3465,"TMTC4;TMTC4;TMTC4"
"chr1",173819488,173819488,0.196653691948074,0.331533205394871,173819488,173819488,0.155297162539716,0.932645689150411,TRUE,0.672132283416997,3466,"DARS2"
"chr11",118084920,118084920,-0.161251268145999,0.764902645584633,118084920,118084920,-0.216596035974371,0.40493700271061,TRUE,0.672759042390709,3467,"AMICA1;AMICA1"
"chr9",116225947,116225947,-0.196841704805157,0.330103582475609,116225947,116225947,-0.154791126835551,0.938890565260843,TRUE,0.672986067955967,3468,"RGS3;RGS3;RGS3"
"chr3",61608199,61608199,0.17464502921093,0.556549446030431,61608199,61608199,0.193453723631116,0.557199018318589,TRUE,0.673194135707503,3469,"PTPRG"
"chr7",110624172,110624172,0.16889526551879,0.637897895571223,110624172,110624172,0.203317797801678,0.486475751252536,TRUE,0.673443511816365,3470,"IMMP2L;IMMP2L"
"chr5",41410974,41410974,-0.155099827748261,0.885739679001603,41410974,41410974,-0.227038796935519,0.35040829077007,TRUE,0.673500457818605,3471,"PLCXD3"
"chr10",23975708,23975708,-0.160037857075712,0.787316957607471,23975708,23975708,-0.218490727909653,0.394469097931511,TRUE,0.673736359163384,3472,""
"chr2",225652002,225652002,0.180991189213664,0.478460298350905,225652002,225652002,0.182237145703126,0.649491703387484,TRUE,0.67395121071309,3473,"DOCK10;DOCK10;DOCK10;DOCK10"
"chr8",141067787,141067787,-0.154886074047478,0.890251297760878,141067787,141067787,-0.227270990238564,0.349278939077869,TRUE,0.674173255055548,3474,"TRAPPC9;TRAPPC9"
"chr20",50021968,50021968,-0.153857532252263,0.912684979349063,50021968,50021968,-0.22903610868857,0.340855965795896,TRUE,0.674346210573796,3475,"NFATC2;NFATC2;NFATC2;NFATC2;NFATC2;NFATC2;NFATC2;NFATC2"
"chr7",32529604,32529604,0.198616462700454,0.316796691082252,32529604,32529604,0.151381515542424,0.982037033291343,TRUE,0.674360178548007,3476,"LSM5;LSM5;LSM5;LSM5"
"chr1",117530009,117530009,-0.198473659434396,0.317822533062358,117530009,117530009,-0.151538246178073,0.98001823114027,TRUE,0.67478707246048,3477,"PTGFRN"
"chr6",109873072,109873072,0.166975935431171,0.667700206807359,109873072,109873072,0.206349283905641,0.466564475232876,TRUE,0.674849262732425,3478,"AK9"
"chr17",30844512,30844512,-0.150569955824837,0.986674484024578,30844512,30844512,-0.234469306909802,0.316125160093939,TRUE,0.675300874915945,3479,"MYO1D"
"chr1",167013332,167013332,-0.157077232346718,0.844704509830799,167013332,167013332,-0.223236332781499,0.369324433465023,TRUE,0.675367725376053,3480,""
"chr6",132722664,132722664,0.199015762403771,0.313925525511208,132722664,132722664,0.150467367907492,0.993890658123411,TRUE,0.67541155938852,3481,"MOXD1"
"chr6",52859573,52859573,-0.152010672749718,0.953316367580711,52859573,52859573,-0.231698224225,0.328540434279506,TRUE,0.676801502073862,3482,"GSTA4"
"chr2",72371477,72371477,-0.185691735239584,0.428414556377355,72371477,72371477,-0.173444918990891,0.731603004175507,TRUE,0.677064252450452,3483,"CYP26B1"
"chr6",108051503,108051503,0.159004705656445,0.806828069778114,108051503,108051503,0.219461437350189,0.389169803378739,TRUE,0.677717791895343,3484,"SCML4;SCML4;SCML4"
"chr8",134585326,134585326,0.195898481092307,0.337441667808974,134585326,134585326,0.155407604682669,0.931290234023446,TRUE,0.678022346673921,3485,"ST3GAL1;ST3GAL1"
"chr5",155449909,155449909,0.187646458906036,0.409097884843464,155449909,155449909,0.169818765014291,0.768264582073705,TRUE,0.678067819309947,3486,""
"chr7",157278696,157278696,0.150349052503,0.99181859359076,157278696,157278696,0.234250140257703,0.317092359455887,TRUE,0.678302343102076,3487,"LOC101927914"
"chr4",3478348,3478348,0.168440480439851,0.644856039430475,3478348,3478348,0.203105250704504,0.487905496433889,TRUE,0.678453516046107,3488,"DOK7;DOK7"
"chr10",6045443,6045443,0.186775724785657,0.417630178378797,6045443,6045443,0.17124705013787,0.753635193574843,TRUE,0.678583002013356,3489,""
"chr1",172313798,172313798,0.19051779959582,0.382522096204161,172313798,172313798,0.164612052709963,0.823861251142266,TRUE,0.679050153074757,3490,"DNM3;DNM3"
"chr10",115991467,115991467,0.166732300587265,0.671516756163992,115991467,115991467,0.20581281051252,0.470007947080818,TRUE,0.679596073165785,3491,"TDRD1"
"chr1",19282380,19282380,0.181720066580758,0.470235682911275,19282380,19282380,0.179784815308267,0.671423323001652,TRUE,0.679721747264065,3492,"IFFO2"
"chr19",3411820,3411820,0.180643224415812,0.482448938845812,3411820,3411820,0.181548806486116,0.65557491591802,TRUE,0.680360205806083,3493,"NFIC;NFIC;NFIC;NFIC;NFIC"
"chr17",41328544,41328544,-0.194038914718777,0.352462765735537,41328544,41328544,-0.158195897351222,0.897474762247388,TRUE,0.680412019663963,3494,"NBR1;NBR1;NBR1;NBR1"
"chr3",169896616,169896616,-0.153671423768387,0.916671384894123,169896616,169896616,-0.228055217470621,0.345518944978966,TRUE,0.680873185700997,3495,"PHC3"
"chr4",78641755,78641755,0.18584105268407,0.426922354862357,78641755,78641755,0.172395671646306,0.742017108819064,TRUE,0.680937980459772,3496,"CNOT6L;CNOT6L"
"chr6",31105927,31105927,-0.166687798891461,0.672228960182134,31105927,31105927,-0.205508547264951,0.471988438723074,TRUE,0.68151304971453,3497,"PSORS1C1;PSORS1C2"
"chr14",90722706,90722706,-0.156183609847875,0.862988634535041,90722706,90722706,-0.223558230184084,0.367682984186369,TRUE,0.681538234082585,3498,"PSMC1"
"chr11",114432065,114432065,0.193995111673344,0.352821847677738,114432065,114432065,0.157585127744107,0.90477248182093,TRUE,0.683733255612227,3499,"NXPE1"
"chr1",212004327,212004327,-0.175148777450913,0.549942189297272,212004327,212004327,-0.190378160020136,0.58116177163132,TRUE,0.684169080251714,3500,"LPGAT1"
"chr8",37939754,37939754,-0.164333833163988,0.710969580842606,37939754,37939754,-0.209017233559419,0.44967766161978,TRUE,0.684285140243357,3501,""
"chr13",44848747,44848747,-0.158822492250264,0.810321296390109,44848747,44848747,-0.218249626651105,0.395782558123884,TRUE,0.685428359574092,3502,""
"chr2",191710031,191710031,0.175983899847347,0.539247954275906,191710031,191710031,0.188673432701764,0.594896634186824,TRUE,0.685525872694456,3503,""
"chr1",224521239,224521239,-0.1736470455226,0.569846652641115,224521239,224521239,-0.192554690309329,0.564125287620187,TRUE,0.68628478772821,3504,""
"chr15",99937249,99937249,0.178543091737251,0.50731350088504,99937249,99937249,0.184038847489402,0.633739956086156,TRUE,0.686330099294608,3505,""
"chr7",30843119,30843119,0.176633199720337,0.530965230140236,30843119,30843119,0.187353376474112,0.605720837976775,TRUE,0.6864570216435,3506,"FAM188B;INMT-FAM188B"
"chr2",69206176,69206176,0.188380499927502,0.402191889813993,69206176,69206176,0.166787076436175,0.800186559771199,TRUE,0.686697262700587,3507,"GKN1"
"chr3",189515400,189515400,0.188177833251915,0.404091597184559,189515400,189515400,0.167108086154079,0.796751208698433,TRUE,0.686846802476082,3508,"TP63;TP63;TP63;TP63;TP63;TP63"
"chr9",115635662,115635662,0.167292288431475,0.662711053763954,115635662,115635662,0.203379838763414,0.486063621912348,TRUE,0.687027264140797,3509,"SNX30"
"chr6",114278439,114278439,0.151753721959067,0.959148841699992,114278439,114278439,0.230097421062197,0.335896653511262,TRUE,0.687089736316888,3510,"HDAC2;HDAC2;HDAC2"
"chr12",95015658,95015658,-0.190084353672472,0.386407929006073,95015658,95015658,-0.163660842333751,0.834435816287914,TRUE,0.687381553363025,3511,"TMCC3"
"chr10",77210727,77210727,0.188505685297023,0.401000661545155,77210727,77210727,0.166291368639961,0.805520856368827,TRUE,0.688039523681994,3512,""
"chr17",76641580,76641580,0.172052415113534,0.591578559977114,76641580,76641580,0.194824550624454,0.546838488233486,TRUE,0.688585578091964,3513,""
"chr9",125708922,125708922,0.155634630964382,0.874448712370894,125708922,125708922,0.223084679811493,0.37010925375114,TRUE,0.688747647261347,3514,"RABGAP1"
"chr14",51302311,51302311,-0.193800833260337,0.354400467253515,51302311,51302311,-0.156816565589423,0.914028398501176,TRUE,0.689075270491368,3515,""
"chr11",8739587,8739587,-0.151733114705835,0.959637550733362,8739587,8739587,-0.22949613916151,0.33870076469881,TRUE,0.690310966763055,3516,"ST5;ST5;ST5"
"chr15",58661605,58661605,0.160020772007771,0.787636555435696,58661605,58661605,0.215154546891649,0.413068906356409,TRUE,0.690668414353394,3517,""
"chr5",115471173,115471173,-0.192035069758126,0.369135491599568,115471173,115471173,-0.159399448963503,0.883231223357936,TRUE,0.691435531348604,3518,"COMMD10;COMMD10"
"chr18",3653961,3653961,0.160297172199511,0.7824417870063,3653961,3653961,0.214481129961026,0.416940899479616,TRUE,0.691659611480363,3519,"DLGAP1;DLGAP1;DLGAP1;DLGAP1;DLGAP1;DLGAP1;DLGAP1;DLGAP1;DLGAP1"
"chr4",138289662,138289662,0.173749536665849,0.568497487916371,138289662,138289662,0.191217522058472,0.5745239402332,TRUE,0.692088888849032,3520,""
"chr22",19710386,19710386,0.151593187112608,0.962870033196455,19710386,19710386,0.229197236427046,0.34009968101144,TRUE,0.693046025994979,3521,"SEPT5;SEPT5-GP1BB;SEPT5-GP1BB;GP1BB;SEPT5"
"chr6",148299,148299,0.155834310044024,0.870200817693651,148299,148299,0.221815325337692,0.376675276442842,TRUE,0.693393446195218,3522,""
"chr8",42623786,42623786,-0.170095374994607,0.619808956487016,42623786,42623786,-0.19708312608479,0.530149092168768,TRUE,0.694293721335698,3523,"CHRNA6"
"chr10",43922867,43922867,-0.185968480007596,0.425650668399001,43922867,43922867,-0.169317484040025,0.773463194052765,TRUE,0.694998681273206,3524,""
"chr11",65153757,65153757,0.157699434988005,0.832392916102963,65153757,65153757,0.218192824118405,0.396097162969596,TRUE,0.695535331690033,3525,"FRMD8"
"chr5",16593192,16593192,0.194874032865041,0.345657343449213,16593192,16593192,0.153499876849754,0.955038651506182,TRUE,0.695987387082798,3526,"FAM134B"
"chr7",44121042,44121042,-0.168491339532397,0.644046242602316,44121042,44121042,-0.199452385707356,0.513115615852144,TRUE,0.696379607173599,3527,"POLM;POLM;POLM;POLM"
"chr8",13585351,13585351,-0.162326980303403,0.745501045956529,13585351,13585351,-0.210020377531358,0.443503466330326,TRUE,0.69655906591838,3528,""
"chr10",103050437,103050437,0.195913165755661,0.337335880182849,103050437,103050437,0.151256060470676,0.983655022552821,TRUE,0.697873775332517,3529,""
"chr1",72652405,72652405,0.16339849730227,0.726863799176346,72652405,72652405,0.207905252917933,0.456622729012063,TRUE,0.69796245799558,3530,"NEGR1"
"chr14",105944655,105944655,0.196093590488904,0.33588688769824,105944655,105944655,0.150882026838129,0.988498952156829,TRUE,0.698096224731451,3531,"CRIP2"
"chr17",4699478,4699478,-0.155483689509905,0.877587326940383,4699478,4699478,-0.221492746042853,0.37836733018162,TRUE,0.698125482400858,3532,"PSMB6;PSMB6"
"chr9",140600122,140600122,-0.154804894821585,0.892019888073712,140600122,140600122,-0.222656101609918,0.37231145007494,TRUE,0.69819035099098,3533,"EHMT1;EHMT1"
"chr5",59619009,59619009,0.196315978378571,0.334114572468994,59619009,59619009,0.15041443793988,0.994579833724121,TRUE,0.698404577246828,3534,"PDE4D"
"chr17",80709150,80709150,0.161934802171303,0.75247930436441,80709150,80709150,0.210257962548317,0.44204349381915,TRUE,0.69876243414322,3535,"TBCD"
"chr11",6413036,6413036,0.187813841107198,0.407510325468296,6413036,6413036,0.165214943617344,0.817231164557508,TRUE,0.69920419734093,3536,"SMPD1;SMPD1;SMPD1"
"chr17",40426890,40426890,0.152676658021393,0.938400312296992,40426890,40426890,0.226120907842318,0.354897537999024,TRUE,0.699210599412549,3537,"STAT5B"
"chr17",8056492,8056492,0.175342297605755,0.547409246136517,8056492,8056492,0.186994104514043,0.608703681410561,TRUE,0.699401936894804,3538,"PER1"
"chr8",30503094,30503094,-0.16135764813124,0.7629373796852,30503094,30503094,-0.211110976756063,0.436847325591879,TRUE,0.699486693074634,3539,"SMIM18;GTF2E2"
"chr2",187120710,187120710,0.184598425265569,0.439560996251244,187120710,187120710,0.170740044982689,0.758790870714778,TRUE,0.69975878048475,3540,""
"chr14",70884256,70884256,0.176208766937776,0.536355929172949,70884256,70884256,0.185400035584065,0.622082733705571,TRUE,0.699893693769743,3541,"SYNJ2BP"
"chr11",114269290,114269290,0.186483955625036,0.420461114852583,114269290,114269290,0.167397111595743,0.793658434030319,TRUE,0.699942807200077,3542,"C11orf71;C11orf71;C11orf71"
"chr1",23886191,23886191,-0.185369304146896,0.43166491843923,23886191,23886191,-0.169270352768076,0.773945064309396,TRUE,0.700362299536553,3543,"ID3;ID3"
"chr5",1641766,1641766,-0.179613653460065,0.494464774210467,1641766,1641766,-0.179282580108077,0.676029118392857,TRUE,0.700567981352589,3544,""
"chr17",66287032,66287032,-0.179151538550761,0.499990315217327,66287032,66287032,-0.180080893028283,0.668744858252245,TRUE,0.700670279832966,3545,"ARSG;SLC16A6"
"chr12",52464244,52464244,-0.182114063581997,0.465886470507602,52464244,52464244,-0.17485552031972,0.717790956659648,TRUE,0.700717540907192,3546,"C12orf44;C12orf44"
"chr10",33666626,33666626,0.181987159065888,0.467293743928386,33666626,33666626,0.17505173369666,0.715903665951011,TRUE,0.700857955208647,3547,""
"chr7",155908832,155908832,0.194988601218726,0.344764108493405,155908832,155908832,0.152254388503941,0.970859876550683,TRUE,0.70105537517795,3548,""
"chr9",140651049,140651049,0.168391269855003,0.645615922378702,140651049,140651049,0.198676539371263,0.518621351036824,TRUE,0.701178551870566,3549,"EHMT1;EHMT1"
"chr16",87329470,87329470,0.155234917950331,0.882881923129645,87329470,87329470,0.221281993890856,0.379472169163567,TRUE,0.701396133728286,3550,""
"chr6",27982091,27982091,0.183905058765956,0.446729970379465,27982091,27982091,0.171575037745029,0.750302555269582,TRUE,0.70156397827553,3551,""
"chr5",2111870,2111870,0.185729488357291,0.428070374100805,2111870,2111870,0.16839104475712,0.783162896057913,TRUE,0.701636328813213,3552,""
"chr7",141676242,141676242,-0.193695829430063,0.35527284267741,141676242,141676242,-0.154158106849497,0.946772379108163,TRUE,0.702851602801173,3553,""
"chr22",24921616,24921616,-0.19168912019808,0.372163103659954,24921616,24921616,-0.157581220458911,0.90482045454836,TRUE,0.703263544722665,3554,"UPB1"
"chr10",75189292,75189292,0.173794031619458,0.567867977042595,75189292,75189292,0.188886102781769,0.593164728495793,TRUE,0.703370704626874,3555,"MSS51"
"chr20",31278047,31278047,0.192005252972775,0.369392510832057,31278047,31278047,0.156985524072719,0.911983842965864,TRUE,0.703415041170397,3556,""
"chr4",103547209,103547209,0.192258313031094,0.367255153794349,103547209,103547209,0.156506740701513,0.917808243383843,TRUE,0.703621502030557,3557,""
"chr8",132951855,132951855,0.177524505001086,0.519795695784587,132951855,132951855,0.182169860740768,0.650087640458394,TRUE,0.704537127488034,3558,"EFR3A"
"chr22",27022950,27022950,-0.167918746053528,0.652972632294131,27022950,27022950,-0.198794055331548,0.517782279460988,TRUE,0.704737688037698,3559,"CRYBA4"
"chr15",65455157,65455157,0.163747945668275,0.720923302481092,65455157,65455157,0.205702409133513,0.470721109045243,TRUE,0.706097561404441,3560,"CLPX"
"chr13",49155078,49155078,-0.179668323604039,0.493841968186234,49155078,49155078,-0.177975711066886,0.688124298690232,TRUE,0.706606079025769,3561,"LINC00462"
"chr2",55281781,55281781,-0.184584229345868,0.439713717824172,55281781,55281781,-0.169315185355952,0.773485601376862,TRUE,0.706916340576778,3562,""
"chr3",159659697,159659697,0.165095228866099,0.698237816543397,159659697,159659697,0.203073891373631,0.488113892067228,TRUE,0.707678466756278,3563,""
"chr13",25669843,25669843,0.159486469068901,0.797729588948024,25669843,25669843,0.212656844222584,0.427569264760806,TRUE,0.707963691619654,3564,"PABPC3"
"chr19",839537,839537,-0.157434877812071,0.837563100084034,839537,839537,-0.216029637605724,0.40812538446795,TRUE,0.708765408723087,3565,"PRTN3"
"chr16",81876162,81876162,0.184942020356792,0.436037225324664,81876162,81876162,0.168200987297997,0.785161057905413,TRUE,0.709332513481972,3566,"PLCG2"
"chr8",74660762,74660762,0.16747596317463,0.659840633176192,74660762,74660762,0.198633053747261,0.51893828684578,TRUE,0.709393733859451,3567,"STAU2"
"chr19",46276803,46276803,0.164902005967329,0.701420385126558,46276803,46276803,0.203027260985402,0.488432670089072,TRUE,0.709586665794285,3568,"DMPK;DMPK;DMPK;DMPK;DMPK;DMPK;DMPK"
"chr6",30584980,30584980,-0.17365237747998,0.569760979563619,30584980,30584980,-0.187846068004781,0.601643607299464,TRUE,0.70979701434633,3569,"MRPS18B;PPP1R10"
"chr6",142652618,142652618,-0.181043123089813,0.477850157042476,142652618,142652618,-0.174869470948146,0.717658505312679,TRUE,0.709947064684704,3570,"ADGRG6;ADGRG6;ADGRG6;ADGRG6"
"chr3",135219204,135219204,0.150796267010799,0.98146481592953,135219204,135219204,0.227150523609144,0.34986419883327,TRUE,0.710424276592216,3571,""
"chr10",46076550,46076550,-0.160896699084005,0.771444343788925,46076550,46076550,-0.209660987254975,0.445706940924293,TRUE,0.710914280500246,3572,"MARCH8;MARCH8"
"chr14",57218412,57218412,-0.15804584721705,0.825597178599312,57218412,57218412,-0.214534521804925,0.416630392617674,TRUE,0.711053872289496,3573,""
"chr8",123661137,123661137,0.176048670695042,0.538427727681791,123661137,123661137,0.183449809205493,0.638844991169785,TRUE,0.711057052835688,3574,""
"chr10",43721445,43721445,-0.185939537853957,0.425954621578292,43721445,43721445,-0.165991868136103,0.808757098065052,TRUE,0.711613697501583,3575,"RASGEF1A"
"chr19",7927974,7927974,0.183323668667521,0.452808288981995,7927974,7927974,0.17054119455801,0.760839336252953,TRUE,0.711635579953635,3576,"EVI5L;EVI5L"
"chr8",34677346,34677346,0.178273724580709,0.510604092044175,34677346,34677346,0.179400475560764,0.674937964420929,TRUE,0.711754621876464,3577,"LINC01288"
"chr5",14879972,14879972,0.170128055962318,0.619335892102581,14879972,14879972,0.193533560586084,0.556596877877753,TRUE,0.711855106142686,3578,""
"chr15",73915181,73915181,-0.168995973609587,0.636328215794838,73915181,73915181,-0.195438406629419,0.542263333730098,TRUE,0.712213891765007,3579,"NPTN;NPTN;NPTN;NPTN"
"chr14",55541473,55541473,-0.183171997603249,0.454480776451376,55541473,55541473,-0.170661003907145,0.759608474871051,TRUE,0.712394726597973,3580,""
"chr12",8026321,8026321,0.157246592289169,0.84129397636317,8026321,8026321,0.215573439939739,0.410697790389709,TRUE,0.712703170562402,3581,"SLC2A14;SLC2A14;SLC2A14;SLC2A14;SLC2A14;SLC2A14"
"chr6",145075099,145075099,0.1945708482033,0.34812696303095,145075099,145075099,0.150562600775711,0.992654834045568,TRUE,0.712758784207535,3582,"UTRN"
"chr12",131303518,131303518,-0.194665686068514,0.347322381085768,131303518,131303518,-0.15036291921115,0.995257016142973,TRUE,0.71287046872908,3583,"STX2;STX2"
"chr5",115896354,115896354,0.178481732493494,0.508062209084028,115896354,115896354,0.178767006035675,0.680779922255608,TRUE,0.713086593426089,3584,"SEMA6A"
"chr11",3116865,3116865,0.151703600200532,0.96031399555394,3116865,3116865,0.224884179738314,0.361016429305682,TRUE,0.713946209252053,3585,"OSBPL5;OSBPL5;OSBPL5"
"chr4",120489516,120489516,0.176510492320621,0.53249989570234,120489516,120489516,0.182026592371769,0.651348202823579,TRUE,0.714109015295307,3586,"PDE5A;PDE5A;PDE5A"
"chr4",166052769,166052769,-0.187840432399389,0.407252561252526,166052769,166052769,-0.161993298249709,0.853243418807249,TRUE,0.714788983231803,3587,""
"chr2",105654123,105654123,-0.187489823193467,0.4106183957232,105654123,105654123,-0.1625838896169,0.846529718315123,TRUE,0.714910636164192,3588,"MRPS9"
"chr17",8889912,8889912,0.152875743097507,0.933926687685128,8889912,8889912,0.222605090965405,0.372574811325444,TRUE,0.7152875733013,3589,""
"chr1",25319308,25319308,-0.178879554039801,0.503261536811114,25319308,25319308,-0.177588795193412,0.691737479700882,TRUE,0.715464155546218,3590,""
"chr5",16082260,16082260,0.162150219993645,0.748568887114173,16082260,16082260,0.206567419105419,0.465158866799963,TRUE,0.715547072422145,3591,"MARCH11"
"chr8",28277346,28277346,-0.158163356562892,0.823304120055546,28277346,28277346,-0.213447222949104,0.422934670694671,TRUE,0.715547496145217,3592,""
"chr6",12290035,12290035,-0.194446750384805,0.349095441298297,12290035,12290035,-0.150097530522984,0.998717669445801,TRUE,0.716015543434974,3593,"EDN1;EDN1"
"chr2",40783341,40783341,0.175670798833743,0.543207540422793,40783341,40783341,0.183070922135252,0.642146612625414,TRUE,0.716195784643972,3594,""
"chr6",32407689,32407689,-0.182101324924971,0.466025782381443,32407689,32407689,-0.171727376674944,0.748755585194714,TRUE,0.716322701437267,3595,"HLA-DRA;HLA-DRA"
"chr10",135192038,135192038,-0.174654239468265,0.556430993688502,135192038,135192038,-0.184766747036136,0.627485492949475,TRUE,0.716546862322053,3596,"PAOX;PAOX;PAOX"
"chr12",4216696,4216696,-0.165919600980041,0.684618777154641,4216696,4216696,-0.199889929651459,0.510028743784505,TRUE,0.716570935419243,3597,""
"chr14",96563080,96563080,-0.165246319529946,0.695678798967751,96563080,96563080,-0.200995386386579,0.502313556213021,TRUE,0.716858743554843,3598,""
"chr1",219410884,219410884,0.164938016312195,0.700813968734542,219410884,219410884,0.201474689904103,0.499017762165504,TRUE,0.717142229777931,3599,""
"chr13",84452994,84452994,0.183659823719866,0.449188415211963,84452994,84452994,0.168769419446204,0.77917172303976,TRUE,0.717432401465389,3600,"SLITRK1;SLITRK1"
"chr1",87169387,87169387,-0.181281448220042,0.47516374732551,87169387,87169387,-0.172919509664589,0.736800751442396,TRUE,0.717543767426819,3601,"SH3GLB1;SH3GLB1;SH3GLB1;SH3GLB1"
"chr16",2908892,2908892,-0.180037874760483,0.489503185548516,2908892,2908892,-0.175091956386923,0.715515259801268,TRUE,0.717696961435329,3602,"PRSS22"
"chr13",91627026,91627026,-0.162275916201397,0.746360011681338,91627026,91627026,-0.205821158006757,0.469954034156732,TRUE,0.718229439123,3603,""
"chr17",33701353,33701353,0.17023898861196,0.617629880385484,33701353,33701353,0.192048403188618,0.568026229803049,TRUE,0.718308083629924,3604,"SLFN11;SLFN11;SLFN11;SLFN11;SLFN11"
"chr1",87616179,87616179,0.187748074965796,0.408117486843595,87616179,87616179,0.161390585072092,0.860125587788099,TRUE,0.718519947042483,3605,"LINC01140"
"chr15",67073942,67073942,0.170435666833302,0.614723700600159,67073942,67073942,0.191533600685732,0.572054284675127,TRUE,0.719171634011271,3606,"SMAD6;SMAD6;SMAD6"
"chr3",6781230,6781230,-0.184477738954122,0.440803628366579,6781230,6781230,-0.166970543475954,0.798225843720344,TRUE,0.719386365101042,3607,""
"chr16",27280098,27280098,-0.186352979437273,0.42174770098159,27280098,27280098,-0.163668110634073,0.834353518246893,TRUE,0.719413344048432,3608,"NSMCE1;NSMCE1"
"chr6",105387483,105387483,0.17220911130505,0.589431518156733,105387483,105387483,0.188304853264826,0.597890079743756,TRUE,0.719965019800511,3609,"LINC00577"
"chr8",4852959,4852959,0.170957603028613,0.607097306736437,4852959,4852959,0.190359661230024,0.581308095969216,TRUE,0.720481265577225,3610,"CSMD1"
"chr10",105746183,105746183,0.192545681029569,0.364843642908653,105746183,105746183,0.152420087990462,0.968744640194393,TRUE,0.721032618186961,3611,"SLK;SLK"
"chr19",53234126,53234126,-0.179316248165541,0.497944591123375,53234126,53234126,-0.175464090961455,0.711915124665554,TRUE,0.722127211673565,3612,"ZNF611;ZNF611;ZNF611;ZNF611"
"chr11",73431895,73431895,0.175725652662336,0.542516195936563,73431895,73431895,0.181723068050391,0.654024524590647,TRUE,0.722463705650824,3613,"RAB6A;RAB6A;RAB6A;RAB6A;RAB6A;RAB6A;RAB6A;RAB6A"
"chr1",43855055,43855055,-0.175634882868265,0.543654530392338,43855055,43855055,-0.181806871671644,0.653283616644371,TRUE,0.722817593577003,3614,"MED8;C1orf84;MED8"
"chr11",117904335,117904335,0.179520605971551,0.495549469869896,117904335,117904335,0.174921955513628,0.717153851770137,TRUE,0.723050038868824,3615,"TMPRSS4-AS1"
"chr3",177280001,177280001,0.169163364935753,0.633792292700952,177280001,177280001,0.192904344778462,0.561410805729026,TRUE,0.723497354969471,3616,"LINC00578"
"chr10",44876162,44876162,0.167300463420746,0.662584406605916,44876162,44876162,0.196140172991271,0.537061751652709,TRUE,0.723529284051389,3617,"CXCL12;CXCL12;CXCL12"
"chr16",54969706,54969706,-0.179511667749039,0.495664197295413,54969706,54969706,-0.174820645033568,0.718134924123011,TRUE,0.723637789392429,3618,""
"chr9",139327495,139327495,0.158043341096491,0.825644112546114,139327495,139327495,0.212047327418633,0.4312116204082,TRUE,0.723713771016762,3619,"INPP5E"
"chr12",71113470,71113470,-0.169888635252218,0.622838058513967,71113470,71113470,-0.1913554916357,0.573442674056973,TRUE,0.724883706375112,3620,"PTPRR;PTPRR"
"chr8",126154086,126154086,0.184657248786904,0.439012688555269,126154086,126154086,0.165523983439438,0.81386100526324,TRUE,0.72502101142605,3621,"NSMCE2"
"chr20",37355188,37355188,0.153037397907548,0.930361942678006,37355188,37355188,0.220363024818775,0.384325084254922,TRUE,0.725294805181558,3622,"SLC32A1"
"chr15",69748244,69748244,0.153813730539406,0.913561079689372,69748244,69748244,0.218910728892856,0.392179565678386,TRUE,0.726033080638919,3623,""
"chr14",52163526,52163526,0.181209536298032,0.475974289136952,52163526,52163526,0.171325238397005,0.752834695681094,TRUE,0.726084370091557,3624,"FRMD6;FRMD6;FRMD6"
"chr1",155232118,155232118,-0.177490873660834,0.520196496790612,155232118,155232118,-0.177818208436727,0.689589685051525,TRUE,0.726486649553171,3625,"SCAMP3;SCAMP3;SCAMP3;SCAMP3"
"chr4",155467298,155467298,0.190276771149189,0.384673607924238,155467298,155467298,0.155182921391983,0.934050244890247,TRUE,0.727083195560243,3626,"PLRG1;PLRG1"
"chr1",145096321,145096321,-0.165102583032343,0.69812010918475,145096321,145096321,-0.199051309826165,0.515957924759965,TRUE,0.727999339299313,3627,"SEC22B"
"chr16",14403144,14403144,-0.180568339605355,0.48334813366788,14403144,14403144,-0.172073971217507,0.745248312626986,TRUE,0.728013407936004,3628,"MIR365-1"
"chr11",6440922,6440922,-0.15440596666717,0.900734702513276,6440922,6440922,-0.217496802300125,0.399952764157726,TRUE,0.728051137136026,3629,"APBB1;APBB1"
"chr3",97742259,97742259,-0.18186233647595,0.468657808318781,97742259,97742259,-0.169749128059057,0.768982405964619,TRUE,0.72819228289719,3630,"GABRR3;GABRR3"
"chr13",74340256,74340256,-0.167670871779468,0.656798121450155,74340256,74340256,-0.194489891331384,0.549358334693688,TRUE,0.728628744165726,3631,"KLF12"
"chr4",113431869,113431869,0.158006345436659,0.826401015561211,113431869,113431869,0.211053880610962,0.437195842193187,TRUE,0.729119322859029,3632,""
"chr11",829783,829783,0.162238676605983,0.747064020883371,829783,829783,0.203644211388297,0.484296676580278,TRUE,0.729629561717623,3633,"EFCAB4A"
"chr10",12240746,12240746,0.160583021169306,0.777214984295752,12240746,12240746,0.206463381121777,0.465824845556767,TRUE,0.729878995320719,3634,"CDC123"
"chr6",14075688,14075688,-0.183402075156472,0.452007431953227,14075688,14075688,-0.166693483555002,0.801190528198527,TRUE,0.729978571972977,3635,""
"chr6",80659058,80659058,-0.190746739070359,0.380461472444558,80659058,80659058,-0.153736371645723,0.952065244713921,TRUE,0.730059893011539,3636,""
"chr19",38477347,38477347,-0.155051134988084,0.886793830346447,38477347,38477347,-0.215961083693375,0.40851097090409,TRUE,0.730101387530459,3637,"SIPA1L3"
"chr5",88425108,88425108,0.184936048004002,0.436096079003987,88425108,88425108,0.163913338847317,0.831607117197749,TRUE,0.730502850021781,3638,""
"chr16",87905382,87905382,-0.153395949501404,0.922579847308226,87905382,87905382,-0.218725508092322,0.393187744878028,TRUE,0.730590561969044,3639,""
"chr1",39957298,39957298,0.15271206371825,0.937607650084332,39957298,39957298,0.219811293098388,0.387280444880126,TRUE,0.730965590067989,3640,"BMP8A"
"chr3",160116691,160116691,-0.16349599569574,0.725247185453158,160116691,160116691,-0.201097557784367,0.501615282336419,TRUE,0.731651755198137,3641,"SMC4;SMC4;IFT80;IFT80"
"chr20",62018636,62018636,0.177838690254221,0.515906138066262,62018636,62018636,0.176127912665619,0.705550015967098,TRUE,0.731856472058343,3642,""
"chr17",2601803,2601803,0.180831858579502,0.48022367378076,2601803,2601803,0.170679587534633,0.759420118002383,TRUE,0.73255710736677,3643,"KIAA0664"
"chr8",56756852,56756852,-0.161414850340296,0.761901107939138,56756852,56756852,-0.204259297730147,0.480195083577439,TRUE,0.73373506085294,3644,""
"chr3",184598558,184598558,0.178317395918226,0.510030454916592,184598558,184598558,0.17489610124699,0.717403001664082,TRUE,0.733771471374199,3645,"VPS8;VPS8"
"chr9",135645037,135645037,-0.17532499343693,0.547635721054419,135645037,135645037,-0.180141922081576,0.668189299480128,TRUE,0.733798565497434,3646,"AK8"
"chr6",151815003,151815003,0.152469982577089,0.943025168515219,151815003,151815003,0.219421091349818,0.389388913923768,TRUE,0.735082366059906,3647,"CCDC170"
"chr11",67211300,67211300,-0.155981587881074,0.86711956683692,67211300,67211300,-0.213329687091414,0.423620763408509,TRUE,0.735208883311924,3648,"CORO1B;CORO1B"
"chr19",2542837,2542837,-0.173643587142063,0.569910721203416,2542837,2542837,-0.182736846427684,0.645091295935108,TRUE,0.735523811808221,3649,"GNG7"
"chr4",105513274,105513274,0.173968425782815,0.565472855789116,105513274,105513274,0.182150963701402,0.650248326537573,TRUE,0.735577174489741,3650,""
"chr16",55595473,55595473,0.188427334020112,0.401767994326207,55595473,55595473,0.15666833151418,0.915833278380248,TRUE,0.73583193330953,3651,"LPCAT2"
"chr7",121532396,121532396,0.184060662265153,0.445046308160845,121532396,121532396,0.16431839413545,0.827108846885265,TRUE,0.735981112774828,3652,"PTPRZ1"
"chr1",204534941,204534941,-0.160176590376754,0.784681951737003,204534941,204534941,-0.205863925509088,0.469681687418882,TRUE,0.736429572230696,3653,""
"chr10",75645842,75645842,-0.183966566144838,0.446048310675908,75645842,75645842,-0.164385899654006,0.826358878259279,TRUE,0.736474725459568,3654,""
"chr10",7201610,7201610,-0.150896001043931,0.979074164575747,7201610,7201610,-0.221761430881632,0.376961157805986,TRUE,0.736950437934425,3655,"SFMBT2;SFMBT2"
"chr17",46604774,46604774,0.168789882614692,0.639527174010215,46604774,46604774,0.190886065860266,0.577124656079532,TRUE,0.7369643621201,3656,""
"chr8",55466985,55466985,-0.150841838045845,0.98037118047071,55466985,55466985,-0.22184560275119,0.376517485269628,TRUE,0.737004220056537,3657,""
"chr2",217547429,217547429,-0.170211401823244,0.618070165505486,217547429,217547429,-0.188326991200503,0.597711573074607,TRUE,0.73730387866138,3658,"IGFBP5"
"chr1",113948281,113948281,0.150359588953538,0.991580198940336,113948281,113948281,0.222572968094806,0.372742151928725,TRUE,0.73747914363993,3659,"MAGI3;MAGI3"
"chr5",159933519,159933519,-0.155215326682702,0.883302093701017,159933519,159933519,-0.214216580655788,0.418474748487186,TRUE,0.737514858433474,3660,""
"chr10",74283592,74283592,0.184752420074609,0.437991316474858,74283592,74283592,0.162811179386271,0.843960808838231,TRUE,0.737522704932512,3661,"MICU1;MICU1;MICU1"
"chr2",158633806,158633806,0.17666406435998,0.530580818766427,158633806,158633806,0.176810746201999,0.699064261122623,TRUE,0.738777079882726,3662,"ACVR1;ACVR1"
"chr7",12963841,12963841,0.155394020238692,0.879434140497887,12963841,12963841,0.213649079493936,0.421767910802007,TRUE,0.738784034375397,3663,""
"chr5",138347538,138347538,0.185139876135943,0.434007890862929,138347538,138347538,0.161731451191605,0.856234007054397,TRUE,0.739472881646299,3664,"SIL1;SIL1"
"chr16",933625,933625,0.185777614556882,0.427561550518806,933625,933625,0.160571513418813,0.869542528913155,TRUE,0.73964175617041,3665,"LMF1;LMF1;LMF1"
"chr18",11176416,11176416,0.162815473733672,0.736917348574698,11176416,11176416,0.200645443732851,0.50473813394963,TRUE,0.739807287792198,3666,""
"chr6",53480692,53480692,-0.169683674639379,0.625871630440613,53480692,53480692,-0.188661980509829,0.59499167733333,TRUE,0.740240332133,3667,""
"chr1",223595173,223595173,0.181299940666796,0.474946212206998,223595173,223595173,0.168269642982532,0.784443985938126,TRUE,0.740418380813723,3668,""
"chr19",37463254,37463254,-0.181816877325863,0.469168866850628,37463254,37463254,-0.167240668736891,0.795335298911824,TRUE,0.740988474767291,3669,"ZNF568;ZNF568"
"chr18",12329191,12329191,0.165470432355317,0.691953882554875,12329191,12329191,0.195820965556226,0.539418957032302,TRUE,0.741093426533389,3670,"AFG3L2"
"chr10",35033892,35033892,0.168757276812642,0.639987573678847,35033892,35033892,0.190064695268936,0.583666015676254,TRUE,0.741375125863508,3671,"PARD3;PARD3;PARD3;PARD3;PARD3;PARD3;PARD3;PARD3;PARD3;PARD3;PARD3"
"chr8",100811462,100811462,0.182289441406817,0.464006132702382,100811462,100811462,0.166184590624763,0.806671337114958,TRUE,0.742124175415625,3672,"VPS13B;VPS13B"
"chr3",37495806,37495806,0.190259974088047,0.384820369630905,37495806,37495806,0.15209439448156,0.972919996905082,TRUE,0.742221434866137,3673,"ITGA9"
"chr6",107077020,107077020,-0.184743237939539,0.438093379184571,107077020,107077020,-0.161737937858701,0.85616140882817,TRUE,0.742888098676226,3674,"QRSL1;RTN4IP1;RTN4IP1"
"chr1",234462425,234462425,-0.18771981208693,0.408386425808605,234462425,234462425,-0.156327227754573,0.919997393832707,TRUE,0.743511040660877,3675,""
"chr1",6265071,6265071,-0.179613307104413,0.49446849912688,6265071,6265071,-0.170633317008946,0.759890220654244,TRUE,0.743537793209348,3676,"RNF207"
"chr4",184644613,184644613,-0.152991918715851,0.931344575627723,184644613,184644613,-0.216822365806197,0.403686816891483,TRUE,0.743762614740933,3677,""
"chr5",83478502,83478502,-0.162958369044161,0.734413459761963,83478502,83478502,-0.199528307643404,0.512578967959256,TRUE,0.744225383402683,3678,"EDIL3;EDIL3"
"chr10",63993920,63993920,-0.150742863070958,0.982717877810822,63993920,63993920,-0.220599140864195,0.383069898143673,TRUE,0.744230018277584,3679,"RTKN2"
"chr12",4698119,4698119,0.16261604053514,0.740407595253562,4698119,4698119,0.200103858409469,0.508523919028954,TRUE,0.744293842677029,3680,"DYRK4"
"chr20",60295700,60295700,0.15682735692117,0.849829994814916,60295700,60295700,0.210040681629079,0.443378647008175,TRUE,0.744568707199198,3681,"CDH4;CDH4;CDH4"
"chr12",52644410,52644410,0.159677048181001,0.794106735244861,52644410,52644410,0.204919230974054,0.475836407886386,TRUE,0.745610028307255,3682,""
"chr3",45545687,45545687,0.184564029477926,0.439934977859097,45545687,45545687,0.161487256580322,0.859018605823814,TRUE,0.745656189910142,3683,"LARS2-AS1;LARS2"
"chr1",103317515,103317515,0.16282337246593,0.736781761617269,103317515,103317515,0.199472262046807,0.512971885650763,TRUE,0.745691217828754,3684,""
"chr4",119890132,119890132,0.174301888803482,0.56102158067573,119890132,119890132,0.179499707440217,0.6740272345234,TRUE,0.745881383441603,3685,"SYNPO2;SYNPO2;SYNPO2;SYNPO2;SYNPO2"
"chr16",14726533,14726533,-0.186774540862424,0.417637628211623,14726533,14726533,-0.157518151855022,0.905572866926135,TRUE,0.745937277052924,3686,"BFAR"
"chr3",189073674,189073674,-0.155888629733398,0.869042368689247,189073674,189073674,-0.211280828736977,0.435814708874346,TRUE,0.74646208765596,3687,""
"chr6",135435164,135435164,-0.173409359410958,0.572974837444648,135435164,135435164,-0.180911327305988,0.661273406724588,TRUE,0.746609222515589,3688,""
"chr12",10826971,10826971,-0.174055720137293,0.564324836550668,10826971,10826971,-0.179785314200388,0.67141832270953,TRUE,0.746614087116395,3689,"STYK1"
"chr18",3995452,3995452,0.181245671629062,0.475571998164361,3995452,3995452,0.167081552203571,0.797034947079239,TRUE,0.746759113755386,3690,"DLGAP1-AS4;DLGAP1;DLGAP1"
"chr8",427703,427703,-0.156808973514682,0.850203976422769,427703,427703,-0.209507855368874,0.446650905846154,TRUE,0.747434506498719,3691,""
"chr4",4871166,4871166,0.159699115463621,0.793679859823946,4871166,4871166,0.204437450586678,0.479006179533947,TRUE,0.747853690233893,3692,""
"chr11",110338486,110338486,0.189472391685389,0.392022123023559,110338486,110338486,0.152229759598346,0.971173691876586,TRUE,0.748379427363072,3693,""
"chr16",72206536,72206536,0.154682098598203,0.894590080398596,72206536,72206536,0.212877638608826,0.426269376789907,TRUE,0.748972619700996,3694,"PMFBP1;PMFBP1"
"chr2",8686087,8686087,0.164122794845156,0.714520171167359,8686087,8686087,0.196109212658642,0.5372902236469,TRUE,0.7514400647233,3695,""
"chr3",7351747,7351747,0.164871519857145,0.701888979611297,7351747,7351747,0.194794396469687,0.547066358688775,TRUE,0.751511998938752,3696,"GRM7;GRM7"
"chr9",72027409,72027409,0.17317867004445,0.576095572415355,72027409,72027409,0.180327116775726,0.666521382489789,TRUE,0.751512160788456,3697,""
"chr8",110145814,110145814,0.188544628878911,0.40058272592363,110145814,110145814,0.153164495989918,0.95927487643451,TRUE,0.751788603374123,3698,""
"chr3",57828337,57828337,0.158178215162804,0.823000911859538,57828337,57828337,0.206252764554909,0.4671821804928,TRUE,0.752001260136468,3699,"SLMAP;SLMAP;SLMAP"
"chr8",39961372,39961372,0.160890163108966,0.771586635595897,39961372,39961372,0.20154254245231,0.498544351049682,TRUE,0.752172119743398,3700,""
"chr5",172572253,172572253,-0.150773579507792,0.981995989010007,172572253,172572253,-0.218905854146688,0.392205920601527,TRUE,0.752625133004181,3701,"BNIP1;BNIP1;BNIP1;BNIP1"
"chr8",38757772,38757772,-0.164529277282872,0.707632800719952,38757772,38757772,-0.195054179585684,0.545122861688987,TRUE,0.753199220926924,3702,"PLEKHA2"
"chr3",147909408,147909408,-0.15321552692933,0.9264545053609,147909408,147909408,-0.214539191050647,0.416604864810523,TRUE,0.75340742653259,3703,""
"chr12",113375896,113375896,0.164956827759444,0.700508525588686,113375896,113375896,0.194069740358944,0.552531302016667,TRUE,0.754441141077535,3704,"OAS3"
"chr3",158440928,158440928,-0.160789315881228,0.773415569554619,158440928,158440928,-0.201207096759116,0.50086140370757,TRUE,0.754745813155362,3705,"RARRES1;RARRES1"
"chr17",81014667,81014667,-0.158191035381174,0.822756557342853,81014667,81014667,-0.205594808635152,0.471424909560506,TRUE,0.755213922064255,3706,""
"chr6",3905854,3905854,0.173028483243586,0.578159176108088,3905854,3905854,0.179772903095242,0.67153242711999,TRUE,0.755578076216706,3707,""
"chr14",105955745,105955745,0.152570010889261,0.940713485389388,105955745,105955745,0.215027474401828,0.413791730539446,TRUE,0.756529329236115,3708,"C14orf80"
"chr20",36793970,36793970,-0.186547774017831,0.419836073878502,36793970,36793970,-0.155685934519343,0.927868004017979,TRUE,0.756805666066912,3709,"TGM2;TGM2"
"chr14",51987252,51987252,0.186521740461477,0.420093093110991,51987252,51987252,0.155697910504734,0.927719010351206,TRUE,0.756971446632922,3710,"FRMD6-AS2;FRMD6"
"chr2",144941552,144941552,-0.187677525888941,0.408792441697608,144941552,144941552,-0.153590896121045,0.953892193551458,TRUE,0.757174520086878,3711,"GTDC1;GTDC1;GTDC1;GTDC1;GTDC1;GTDC1;GTDC1"
"chr3",131748172,131748172,-0.176024092807711,0.538732425844364,131748172,131748172,-0.174158193859817,0.724586052884443,TRUE,0.757564264024104,3712,"CPNE4;CPNE4;CPNE4"
"chr4",71769083,71769083,-0.16441561227807,0.70957646210419,71769083,71769083,-0.194308461760503,0.550726234156687,TRUE,0.757963235245648,3713,"MOB1B;MOB1B;MOB1B"
"chr1",63001286,63001286,0.161754053718931,0.75570508197796,63001286,63001286,0.198836770410949,0.517481284432933,TRUE,0.758227035081481,3714,"DOCK7;DOCK7;DOCK7;DOCK7;DOCK7;DOCK7;DOCK7;DOCK7"
"chr15",96870563,96870563,-0.178731818474555,0.505037576956773,96870563,96870563,-0.169182018043787,0.774866772291885,TRUE,0.758483819231255,3715,"NR2F2-AS1;NR2F2;NR2F2-AS1;NR2F2-AS1"
"chr8",999694,999694,0.156644136831543,0.853654738987657,999694,999694,0.207546478287104,0.458887410189302,TRUE,0.758853805574217,3716,"ERICH1-AS1"
"chr6",130165025,130165025,0.16570354918648,0.688212576509783,130165025,130165025,0.191826153014624,0.569760654438233,TRUE,0.759214463642567,3717,"TMEM244"
"chr6",55790027,55790027,0.18232860230459,0.463598626846814,55790027,55790027,0.162647770197697,0.845814488560723,TRUE,0.75921632430831,3718,""
"chr14",57281218,57281218,-0.173439916971863,0.572568076572362,57281218,57281218,-0.178167772105033,0.686334081321894,TRUE,0.76001541554448,3719,"OTX2-AS1"
"chr6",135260435,135260435,-0.161222043889215,0.765446483380913,135260435,135260435,-0.199329658752709,0.513984162834175,TRUE,0.760439555204307,3720,"ALDH8A1;ALDH8A1;ALDH8A1"
"chr11",1318605,1318605,0.172038588720637,0.591760335898062,1318605,1318605,0.180491868096336,0.66503061870607,TRUE,0.760543434121975,3721,"TOLLIP"
"chr21",38353114,38353114,-0.174784871651032,0.554754781302708,38353114,38353114,-0.175725728690414,0.709392759261199,TRUE,0.76054369777379,3722,"HLCS"
"chr7",130146351,130146351,0.17913188023369,0.500261489132184,130146351,130146351,0.168015237708346,0.787106585098994,TRUE,0.760748884208794,3723,"COPG2"
"chr14",32498045,32498045,-0.172140986991232,0.59037094207606,32498045,32498045,-0.180251056840716,0.667208264723435,TRUE,0.760880514922843,3724,""
"chr2",109335627,109335627,-0.189076547353393,0.3956673262252,109335627,109335627,-0.150273253725852,0.996419377282417,TRUE,0.761206643356288,3725,"RANBP2"
"chr7",74064585,74064585,-0.188738474089716,0.398727717550018,74064585,74064585,-0.150823669472145,0.98926027482959,TRUE,0.761388002573506,3726,""
"chr3",138050155,138050155,0.181017220313671,0.478145915405658,138050155,138050155,0.164469269295658,0.825436681526432,TRUE,0.761605325683544,3727,"TXNDC6"
"chr7",69289866,69289866,-0.169252602845263,0.632452067775599,69289866,69289866,-0.185168858890314,0.624050781011793,TRUE,0.761608141818329,3728,"AUTS2;AUTS2;AUTS2"
"chr6",28911464,28911464,-0.175527035978033,0.54501784979945,28911464,28911464,-0.174155797559691,0.724609400113074,TRUE,0.761833838864451,3729,"LINC01556"
"chr12",121019729,121019729,-0.151195962170344,0.972089201318322,121019729,121019729,-0.216240355385017,0.406930164265988,TRUE,0.762434745475768,3730,"POP5;POP5"
"chr22",36317495,36317495,0.182356283409603,0.463292438717675,36317495,36317495,0.161818288443205,0.855242558155465,TRUE,0.763041657186373,3731,"RBFOX2;RBFOX2"
"chr1",150738905,150738905,0.151477120549962,0.965487159468142,150738905,150738905,0.215581872025386,0.410651171124809,TRUE,0.763273965820639,3732,"CTSS"
"chr17",50233082,50233082,0.182852967684067,0.45793898884909,50233082,50233082,0.160724865325116,0.867784869837884,TRUE,0.764118571156989,3733,"CA10;CA10;CA10"
"chr19",23253834,23253834,0.163550158820814,0.724270512369702,23253834,23253834,0.194565825365089,0.548788188603199,TRUE,0.764191076393716,3734,""
"chr8",129540316,129540316,0.176338382333291,0.534719200901132,129540316,129540316,0.172234055655008,0.743631940001307,TRUE,0.764341592794901,3735,"LINC00824"
"chr10",30814724,30814724,-0.174415739148667,0.559556198558904,30814724,30814724,-0.175566090049,0.710924954036788,TRUE,0.764496664022911,3736,""
"chr2",208907911,208907911,0.18344825323139,0.451521702852988,208907911,208907911,0.159262100695453,0.884843723576934,TRUE,0.766081822863221,3737,""
"chr15",66586919,66586919,-0.182627532465861,0.460403393547849,66586919,66586919,-0.160688765058006,0.868197187158979,TRUE,0.766260487256421,3738,"DIS3L;DIS3L"
"chr3",42613863,42613863,0.167500104810883,0.659493470966512,42613863,42613863,0.187053083993441,0.608213276820759,TRUE,0.7675342895676,3739,"SEC22C;SEC22C;SEC22C;SEC22C"
"chr1",236886189,236886189,0.187780457372633,0.40779490908224,236886189,236886189,0.151258860880314,0.983620734835411,TRUE,0.767536886779859,3740,"ACTN2;ACTN2;ACTN2"
"chr10",32288475,32288475,0.18054725684947,0.483576098552349,32288475,32288475,0.164102358823288,0.829514175377013,TRUE,0.767553055888627,3741,""
"chr1",38187472,38187472,-0.180852083639918,0.480003903712401,38187472,38187472,-0.163532581654075,0.835874058206258,TRUE,0.767634875909263,3742,"EPHA10"
"chr4",7383128,7383128,0.173107915026749,0.577084910214615,7383128,7383128,0.176933638415491,0.697903817388429,TRUE,0.769026444094461,3743,"SORCS2"
"chr4",121844638,121844638,0.178919467100638,0.502778042660723,121844638,121844638,0.166620039352843,0.801984747529987,TRUE,0.769454115151037,3744,"PRDM5;PRDM5;PRDM5"
"chr18",57539852,57539852,0.186818206591699,0.417155624027797,57539852,57539852,0.15252366200685,0.967422570476486,TRUE,0.769767724823581,3745,""
"chr19",9649470,9649470,-0.177519479031899,0.519859764346888,9649470,9649470,-0.16903436352093,0.776403704186327,TRUE,0.769817883537978,3746,"ZNF426"
"chr7",73508994,73508994,-0.157721225594975,0.83199286008022,73508994,73508994,-0.203498752911452,0.485267071617643,TRUE,0.769924645952734,3747,"LIMK1"
"chr8",22831506,22831506,-0.174916539023374,0.552964586474679,22831506,22831506,-0.173528234765291,0.730780211746205,TRUE,0.770248136540753,3748,""
"chr1",84212289,84212289,0.176899320796172,0.52756140152215,84212289,84212289,0.170018210569301,0.76620239392933,TRUE,0.770359778016472,3749,"LOC101927587"
"chr2",76301649,76301649,0.187361656501693,0.411871457604491,76301649,76301649,0.151357141243576,0.982353593138486,TRUE,0.770707963116809,3750,""
"chr11",95030016,95030016,-0.159141010277854,0.804251172603687,95030016,95030016,-0.200873663403681,0.503156876157351,TRUE,0.770763245946662,3751,""
"chr12",27387007,27387007,0.163917165360485,0.718096835907002,27387007,27387007,0.192608706963166,0.563706917313891,TRUE,0.770882324311746,3752,""
"chr11",111846087,111846087,0.153194076819826,0.926930549678465,111846087,111846087,0.211015968498736,0.437428600152054,TRUE,0.771487499728196,3753,"DIXDC1"
"chr22",27725596,27725596,-0.157161806103506,0.843018612662332,27725596,27725596,-0.20413160031627,0.48104964478,TRUE,0.771548762793128,3754,""
"chr14",102094597,102094597,-0.182780263339685,0.458741335844424,102094597,102094597,-0.159222298083935,0.885315818826408,TRUE,0.772087288207782,3755,""
"chr6",138153378,138153378,0.185653840968934,0.42879226290162,138153378,138153378,0.154111470220914,0.947358240402466,TRUE,0.772167404552066,3756,"LOC100130476"
"chr1",109235848,109235848,-0.170927777940876,0.607584525803241,109235848,109235848,-0.180081383055098,0.668739181228858,TRUE,0.772253600812984,3757,"PRPF38B"
"chr14",105186699,105186699,0.162393031594969,0.744424545113208,105186699,105186699,0.194916404934432,0.546148523112967,TRUE,0.772479389021615,3758,""
"chr10",76631573,76631573,-0.18301360439195,0.456191258068169,76631573,76631573,-0.158692681369656,0.891572988888148,TRUE,0.772624652102376,3759,"KAT6B;KAT6B;KAT6B"
"chr16",86550407,86550407,0.173449235432006,0.572457819046541,86550407,86550407,0.175595827011453,0.710641403636889,TRUE,0.77270059263935,3760,""
"chr9",137155309,137155309,0.175536056909043,0.544896417524391,137155309,137155309,0.171938398004785,0.746624520846067,TRUE,0.77271929843776,3761,""
"chr3",153002251,153002251,-0.157436684906625,0.837537025669144,153002251,153002251,-0.20341799916747,0.485811163554442,TRUE,0.77276589087198,3762,""
"chr3",122712138,122712138,-0.175663637992683,0.543296193433419,122712138,122712138,-0.171578875077227,0.75026601178129,TRUE,0.773423314191809,3763,"SEMA5B"
"chr3",196196904,196196904,0.15388954786913,0.912014494394746,196196904,196196904,0.209237990294296,0.448312845043654,TRUE,0.774544208171543,3764,"RNF168"
"chr1",38223969,38223969,0.169353926256827,0.630862273450584,38223969,38223969,0.182308616807157,0.648855538402507,TRUE,0.774964885049258,3765,"EPHA10"
"chr11",36476232,36476232,0.166065419398818,0.682234085667118,36476232,36476232,0.187896552200491,0.60123076363183,TRUE,0.775715784269004,3766,"PRR5L;PRR5L;PRR5L;PRR5L"
"chr13",27868490,27868490,-0.176235494991231,0.535998337197313,27868490,27868490,-0.170099032879243,0.765371029570675,TRUE,0.775767003064014,3767,""
"chr21",17909993,17909993,0.156148464716582,0.86367699908814,17909993,17909993,0.204903765842849,0.47593881988444,TRUE,0.776496652806261,3768,"MIR99A;MIR99AHG;MIR99AHG;MIR99AHG;MIR99AHG"
"chr7",75931888,75931888,-0.167718397730613,0.656081447532317,75931888,75931888,-0.184819004601911,0.627038511949157,TRUE,0.776790717477102,3769,"HSPB1;HSPB1"
"chr2",104487246,104487246,0.16420053395264,0.713222410289113,104487246,104487246,0.190815809234857,0.577687922068831,TRUE,0.777351264487919,3770,""
"chr4",81104878,81104878,-0.182860172917078,0.457859275637855,81104878,81104878,-0.157907391633788,0.900913346591752,TRUE,0.777769119286208,3771,""
"chr2",190414043,190414043,-0.176061415206361,0.538261596409777,190414043,190414043,-0.169674611482479,0.769750834315659,TRUE,0.779390696740933,3772,""
"chr12",6691698,6691698,0.183253552330097,0.453555507214418,6691698,6691698,0.15682531365334,0.913921399768994,TRUE,0.77955521849011,3773,"SCARNA11;CHD4"
"chr8",39869813,39869813,0.163938557969972,0.717712424533194,39869813,39869813,0.19078108038665,0.577965081117897,TRUE,0.779818103915437,3774,"IDO2"
"chr3",17586393,17586393,0.166084338340965,0.68191374285561,17586393,17586393,0.18696395852213,0.608960312944598,TRUE,0.780210036739887,3775,"TBC1D5;TBC1D5"
"chr7",5733188,5733188,-0.176113672289273,0.537597816305002,5733188,5733188,-0.169342428871878,0.773207765596531,TRUE,0.780575783036224,3776,"RNF216;RNF216"
"chr2",46932476,46932476,0.172361976192621,0.587322470483762,46932476,46932476,0.175766683218654,0.708996645894275,TRUE,0.781220228078802,3777,"SOCS5;SOCS5"
"chr10",93941256,93941256,0.156205875791712,0.862535684699235,93941256,93941256,0.203856297666253,0.482873021980307,TRUE,0.78129516930693,3778,"CPEB3;CPEB3"
"chr17",33825374,33825374,-0.158729289624887,0.812142780516005,33825374,33825374,-0.199159090409459,0.5151931808347,TRUE,0.782968267107318,3779,"SLFN12L"
"chr12",45782149,45782149,0.162387862894503,0.744513943107117,45782149,45782149,0.192747430287244,0.56263377191284,TRUE,0.783384703136719,3780,"ANO6;ANO6;ANO6;ANO6"
"chr16",85122558,85122558,0.150123317664533,0.997094565197957,85122558,85122558,0.213789603070939,0.420959480113989,TRUE,0.784121491047999,3781,"KIAA0513"
"chr15",59749301,59749301,0.184036797726882,0.445332381741354,59749301,59749301,0.154204023713717,0.946197646283546,TRUE,0.785538600850172,3782,"FAM81A"
"chr21",45262436,45262436,0.184866659113604,0.436794873323043,45262436,45262436,0.152709859768936,0.965049574700718,TRUE,0.785673613686459,3783,""
"chr20",51110955,51110955,-0.156448789636039,0.857589740686219,51110955,51110955,-0.202506050744967,0.491965244886863,TRUE,0.785997949561461,3784,""
"chr6",154959560,154959560,0.156144780054615,0.863754477349528,154959560,154959560,0.202910144459779,0.489215798547028,TRUE,0.786565266399262,3785,""
"chr6",33231870,33231870,0.163274965656284,0.729030955545358,33231870,33231870,0.190558183432642,0.579746463383613,TRUE,0.786643457743224,3786,"VPS52"
"chr3",127842966,127842966,-0.17754792558099,0.519517072036903,127842966,127842966,-0.165516598509787,0.813942964938628,TRUE,0.786819221224142,3787,"RUVBL1"
"chr5",80690205,80690205,0.176836416253598,0.528360768584353,80690205,80690205,0.166766187646583,0.800407437336753,TRUE,0.786859347876777,3788,"RNU5E;RNU5D;ACOT12"
"chr5",52021513,52021513,-0.154097274716265,0.907466371454625,52021513,52021513,-0.206402623868923,0.466216409785745,TRUE,0.787007187285856,3789,""
"chr7",130034504,130034504,-0.167350996346057,0.661791744393256,130034504,130034504,-0.183378811872791,0.639462809218253,TRUE,0.787106520184389,3790,"CEP41;CEP41;CEP41;CEP41"
"chr10",5687107,5687107,0.177282185610599,0.522724225068389,5687107,5687107,0.165863117674565,0.810162856882692,TRUE,0.787364860261957,3791,"ASB13;ASB13;ASB13"
"chr16",22929420,22929420,0.172050968995629,0.591600909475591,22929420,22929420,0.17485951035244,0.717750916726488,TRUE,0.788334568305266,3792,""
"chr6",32095548,32095548,-0.166282021067734,0.678743094004971,32095548,32095548,-0.184881327210843,0.626501337709729,TRUE,0.788857793357876,3793,"ATF6B;ATF6B"
"chr17",6984480,6984480,0.179348113774577,0.497546025067197,6984480,6984480,0.161859362812833,0.854776891853005,TRUE,0.788906863369349,3794,"CLEC10A;CLEC10A"
"chr16",1922149,1922149,0.182649447596822,0.460154569131469,1922149,1922149,0.155921841018189,0.924967646606121,TRUE,0.789195067263113,3795,"C16orf73;C16orf73;C16orf73"
"chr2",23193506,23193506,-0.181136691039297,0.476793025764502,23193506,23193506,-0.158568793576588,0.893043864291921,TRUE,0.789339389419882,3796,""
"chr5",74808039,74808039,-0.167884502548563,0.653488905708956,74808039,74808039,-0.181819187779339,0.653173196659685,TRUE,0.790229768921476,3797,"COL4A3BP;COL4A3BP;COL4A3BP;POLK"
"chr10",125651621,125651621,-0.167197387795659,0.664225604777429,125651621,125651621,-0.182893366253584,0.643720727143232,TRUE,0.79085432258355,3798,"CPXM2"
"chr16",57392198,57392198,0.171023399048471,0.60618991709826,57392198,57392198,0.176009652993502,0.706676096791519,TRUE,0.791536779265526,3799,"CCL22"
"chr8",98290574,98290574,-0.159519035002366,0.797080708508901,98290574,98290574,-0.195930584308921,0.538606992303235,TRUE,0.792326979195722,3800,"TSPYL5"
"chr10",52750743,52750743,-0.157084247915799,0.844581587589174,52750743,52750743,-0.200127069567905,0.508360112466721,TRUE,0.792359403191099,3801,"PRKG1"
"chr4",186732942,186732942,-0.162823111324211,0.736783996567117,186732942,186732942,-0.190005777934984,0.584136757463199,TRUE,0.793229875411408,3802,"SORBS2;SORBS2;SORBS2;SORBS2;SORBS2;SORBS2;SORBS2"
"chr3",178864926,178864926,-0.172018202632506,0.592038959645746,178864926,178864926,-0.173882339305299,0.727297451888731,TRUE,0.79340334238024,3803,"PIK3CA"
"chr19",2389013,2389013,0.175082424558047,0.550765395824518,2389013,2389013,0.168454187045403,0.782497293262922,TRUE,0.793726734536944,3804,"TMPRSS9"
"chr8",56987302,56987302,0.182730533020679,0.459296348389942,56987302,56987302,0.154806903382374,0.938696681753513,TRUE,0.79386771108948,3805,"RPS20;SNORD54;RPS20"
"chr1",198647030,198647030,0.162942932501817,0.734688358593233,198647030,198647030,0.189583498097191,0.587532406968437,TRUE,0.794299224170381,3806,"PTPRC;PTPRC;PTPRC;PTPRC"
"chr2",129897184,129897184,0.167217242333301,0.663906006949204,129897184,129897184,0.182148087811448,0.65027321520964,TRUE,0.794355570056638,3807,""
"chr8",119047535,119047535,0.171573590909877,0.598409311695046,119047535,119047535,0.174474774496411,0.721512264287921,TRUE,0.794388632892892,3808,"EXT1"
"chr14",106574424,106574424,0.150110708585903,0.997394793460835,106574424,106574424,0.211749222862562,0.432997589408043,TRUE,0.794480908801678,3809,""
"chr4",183601697,183601697,0.172508787987789,0.585285686189202,183601697,183601697,0.172800429535349,0.737986159041021,TRUE,0.794533964063536,3810,"ODZ3"
"chr2",28408263,28408263,0.168495849069311,0.643969509324211,28408263,28408263,0.179530728047806,0.6737453007593,TRUE,0.796157126089714,3811,"BRE;BRE;BRE;BRE;BRE"
"chr21",18913093,18913093,0.180915189732903,0.479310324276323,18913093,18913093,0.15753485258402,0.905373719953414,TRUE,0.796226875004727,3812,"CXADR;CXADR;CXADR;CXADR;CXADR"
"chr2",100686693,100686693,-0.151025523487933,0.976025692983449,100686693,100686693,-0.209826809716097,0.44469105450747,TRUE,0.796289415625649,3813,"AFF3;AFF3"
"chr12",12009167,12009167,-0.160523690193199,0.778303404871595,12009167,12009167,-0.193277377799752,0.558542217090427,TRUE,0.796860950503986,3814,"ETV6;RNU6-19P"
"chr5",118690944,118690944,0.159750212847534,0.792740435904618,118690944,118690944,0.194532452158912,0.549035646668982,TRUE,0.79730002900297,3815,"TNFAIP8;TNFAIP8;TNFAIP8;TNFAIP8;TNFAIP8;TNFAIP8;TNFAIP8"
"chr5",97790839,97790839,0.154389671712505,0.901102724254868,97790839,97790839,0.203788270200124,0.483330078757233,TRUE,0.797538919119355,3816,""
"chr2",39298958,39298958,0.165393634823351,0.69325983824923,39298958,39298958,0.184665592074416,0.628346934253227,TRUE,0.797603448667088,3817,"SOS1"
"chr6",106727170,106727170,-0.154339707993203,0.902241803693925,106727170,106727170,-0.203822988365187,0.483097358394547,TRUE,0.797821874276251,3818,"ATG5;ATG5;ATG5;ATG5;ATG5;ATG5;ATG5"
"chr6",10435452,10435452,-0.175656176332223,0.543384846444046,10435452,10435452,-0.166494038726098,0.803330803611609,TRUE,0.798358796582149,3819,"LINC00518"
"chr8",99972324,99972324,0.167732543550685,0.655869872280066,99972324,99972324,0.180419213637805,0.665690018131134,TRUE,0.798431933604658,3820,""
"chr21",42688540,42688540,0.169617912305672,0.626849048507351,42688540,42688540,0.177044910166904,0.696853568061833,TRUE,0.798610858831241,3821,"FAM3B;FAM3B"
"chr13",76104504,76104504,0.171197466420494,0.603669638653309,76104504,76104504,0.173702359714497,0.729064735586432,TRUE,0.801325221402595,3822,"COMMD6;COMMD6;COMMD6;COMMD6;COMMD6"
"chr16",20397097,20397097,-0.183796005267669,0.44779604145683,20397097,20397097,-0.151274045916531,0.983427528059346,TRUE,0.801539113238303,3823,"PDILT"
"chr12",110816408,110816408,0.163868365322041,0.718919297450965,110816408,110816408,0.186525768943688,0.612620188412511,TRUE,0.801579724322886,3824,"ANAPC7;ANAPC7"
"chr5",66253919,66253919,0.158931494860116,0.808245027981572,66253919,66253919,0.194724763204076,0.54758894560983,TRUE,0.803346948927486,3825,"MAST4;MAST4;MAST4;MAST4;MAST4"
"chr4",138443986,138443986,0.174490262466511,0.558610814773317,138443986,138443986,0.167486005540827,0.792720070939483,TRUE,0.803539223513495,3826,"PCDH18"
"chr8",67054592,67054592,-0.163832010615843,0.719543593441763,67054592,67054592,-0.186151102070377,0.615758680037172,TRUE,0.803737271405106,3827,"TRIM55;TRIM55;TRIM55;TRIM55"
"chr1",153957999,153957999,-0.153059635524949,0.929875468594485,153957999,153957999,-0.204791952554072,0.476669727246471,TRUE,0.803882356320928,3828,"RAB13;RAB13;RAB13"
"chr8",122264107,122264107,0.158040175146082,0.82570073127559,122264107,122264107,0.19615929786863,0.536921818665647,TRUE,0.80395821996113,3829,""
"chr2",202047754,202047754,-0.180296936043502,0.486459183855914,202047754,202047754,-0.156976978609754,0.912084412751031,TRUE,0.804246925829416,3830,"CASP10;CASP10;CASP10;CASP10;CASP10;CASP10"
"chr14",50155191,50155191,0.152060784073485,0.952201127606697,50155191,50155191,0.206301716184825,0.466870207379785,TRUE,0.804946976223116,3831,"POLE2;POLE2;POLE2"
"chr8",73576514,73576514,-0.156833220841539,0.849726442138638,73576514,73576514,-0.197988650200649,0.523557504073734,TRUE,0.805211396354604,3832,"KCNB2"
"chr9",18472617,18472617,0.16532125910597,0.694411582404091,18472617,18472617,0.183190111937416,0.641108657250127,TRUE,0.805464494470966,3833,"ADAMTSL1;ADAMTSL1"
"chr17",40840012,40840012,0.182630520786445,0.460363909433872,40840012,40840012,0.152532903088323,0.967302713850275,TRUE,0.805559955212341,3834,"CNTNAP1"
"chr18",6920624,6920624,-0.161623244077873,0.758058484167615,6920624,6920624,-0.189538686682542,0.587892089635613,TRUE,0.805839184901567,3835,""
"chr16",84875523,84875523,-0.161054409155968,0.768545613836426,84875523,84875523,-0.19037235238786,0.581207902145862,TRUE,0.806668995802909,3836,"CRISPLD2"
"chr10",104003951,104003951,0.160573095042342,0.777410169915787,104003951,104003951,0.191182768621879,0.57479681331759,TRUE,0.806804439855804,3837,"GBF1;GBF1;GBF1"
"chr15",64859410,64859410,0.171485609985194,0.599692917890922,64859410,64859410,0.171794066904309,0.748086410762493,TRUE,0.80822610586121,3838,"ZNF609"
"chr2",237848713,237848713,-0.151928543465905,0.955181060736997,237848713,237848713,-0.205785717957048,0.470180400764766,TRUE,0.80861484064067,3839,""
"chr19",41020409,41020409,0.175600414125097,0.544095560495622,41020409,41020409,0.1644322957802,0.825843735382135,TRUE,0.8087992920958,3840,"SPTBN4"
"chr8",2752736,2752736,0.173699706397254,0.569144878388929,2752736,2752736,0.167766774214395,0.789734107022643,TRUE,0.808907438835357,3841,""
"chr1",201438445,201438445,0.153549215978052,0.919281806316266,201438445,201438445,0.202874819956767,0.489457541993243,TRUE,0.809288066600174,3842,"PHLDA3"
"chr7",33384022,33384022,0.161379005612542,0.762549243394978,33384022,33384022,0.18923562073556,0.590328886131167,TRUE,0.809452081962139,3843,"BBS9;BBS9;BBS9;BBS9"
"chr10",131404769,131404769,0.182990536596222,0.45644902228394,131404769,131404769,0.151040969674555,0.986448268443954,TRUE,0.809538671392481,3844,"MGMT"
"chr8",33343197,33343197,-0.168788440162403,0.639555483374953,33343197,33343197,-0.176227478597688,0.704604659986527,TRUE,0.809834090549623,3845,"MAK16"
"chr20",34686461,34686461,-0.150321948151376,0.992447359481253,34686461,34686461,-0.208132603990693,0.455186667672239,TRUE,0.810721504925359,3846,"EPB41L1;EPB41L1;EPB41L1;EPB41L1"
"chr12",46316980,46316980,-0.183366062197169,0.452362788979015,46316980,46316980,-0.150026062685613,0.999657160422079,TRUE,0.811085922967307,3847,"SCAF11"
"chr6",88678585,88678585,-0.161935309895483,0.752470364565019,88678585,88678585,-0.1879051729517,0.601160233195578,TRUE,0.811203003517905,3848,""
"chr12",25710967,25710967,-0.178481387774515,0.508064444033876,25710967,25710967,-0.15872434792945,0.891200598711669,TRUE,0.811545558383567,3849,"LMNTD1"
"chr2",43599492,43599492,0.165363216001877,0.693750037249164,43599492,43599492,0.181725688496922,0.654001478131467,TRUE,0.812278480656988,3850,"THADA;THADA;THADA"
"chr11",5145644,5145644,-0.163636257565069,0.722803640286312,5145644,5145644,-0.184727354430009,0.627822429926921,TRUE,0.812340739116216,3851,""
"chr9",38229075,38229075,-0.179983546993482,0.490152810970922,38229075,38229075,-0.155845612580111,0.925904129887889,TRUE,0.81237405960962,3852,""
"chr4",44740834,44740834,0.180653755717668,0.482316331821514,44740834,44740834,0.154533308613993,0.942109287136549,TRUE,0.81281627175585,3853,""
"chr11",45704204,45704204,-0.157981648499264,0.826890469577863,45704204,45704204,-0.194340563884495,0.550486332923359,TRUE,0.813444400847099,3854,""
"chr12",86623810,86623810,0.181216406297477,0.475885636126325,86623810,86623810,0.153332236687286,0.957158023442422,TRUE,0.813685015126127,3855,"MGAT4C"
"chr7",77128045,77128045,0.160460774387533,0.779466323775694,77128045,77128045,0.189676881865739,0.586776347761068,TRUE,0.815155319224859,3856,""
"chr22",25507612,25507612,-0.175850817330022,0.54091820679544,25507612,25507612,-0.162614075488376,0.846193721242211,TRUE,0.815428340545713,3857,"KIAA1671"
"chr13",26475877,26475877,-0.156214676805111,0.862339009112636,26475877,26475877,-0.196943157459974,0.531162798007072,TRUE,0.81567893976862,3858,"ATP8A2"
"chr3",8784775,8784775,-0.157670603477856,0.832967298213828,8784775,8784775,-0.194418615050428,0.549897388742184,TRUE,0.815682173238007,3859,"CAV3;CAV3"
"chr1",115642020,115642020,-0.175344982311726,0.547377211855366,115642020,115642020,-0.163424941179512,0.837086986209646,TRUE,0.815803791714508,3860,""
"chr22",45935792,45935792,-0.168126821488498,0.649685021068127,45935792,45935792,-0.176119982089582,0.705625772272561,TRUE,0.815984916305909,3861,"FBLN1;FBLN1;FBLN1;FBLN1"
"chr2",106746818,106746818,0.179088847000389,0.500756903015096,106746818,106746818,0.156572374030827,0.917007407124461,TRUE,0.816579603504861,3862,"UXS1;UXS1;UXS1;UXS1"
"chr4",121077724,121077724,0.168702182499093,0.640822699938613,121077724,121077724,0.174892621581202,0.717434131302257,TRUE,0.817007548749046,3863,""
"chr12",56569549,56569549,0.166104443912749,0.681594145027386,56569549,56569549,0.179229883391186,0.67651132701512,TRUE,0.81806087897357,3864,"SMARCC2;SMARCC2;SMARCC2"
"chr3",143696496,143696496,-0.16782687096648,0.654380650698198,143696496,143696496,-0.176020416968714,0.706571466618764,TRUE,0.819034972919043,3865,"C3orf58;C3orf58"
"chr18",48487244,48487244,0.166490175506504,0.675372789634601,48487244,48487244,0.178323239374856,0.684885726030761,TRUE,0.819178791041744,3866,""
"chr6",127835990,127835990,0.176717405193341,0.529888729296915,127835990,127835990,0.16019213070438,0.873961508879128,TRUE,0.81960187181681,3867,"C6orf174"
"chr11",405958,405958,-0.172138064411322,0.590409681206754,405958,405958,-0.168271079879792,0.784429097850303,TRUE,0.819626643245372,3868,"SIGIRR;SIGIRR;SIGIRR"
"chr8",1134565,1134565,0.161223813609553,0.765410724183349,1134565,1134565,0.187355065560617,0.60570643863931,TRUE,0.819995615207095,3869,""
"chr7",25695815,25695815,-0.163932600926808,0.717812252293059,25695815,25695815,-0.182563248512288,0.646606497236718,TRUE,0.820401083889838,3870,""
"chr11",128559701,128559701,0.164034854157445,0.716047386896638,128559701,128559701,0.182335168201175,0.648622141308556,TRUE,0.820632884682544,3871,""
"chr6",15516368,15516368,0.173996192298196,0.565098129197981,15516368,15516368,0.164759115462614,0.822242171591528,TRUE,0.820788771833874,3872,"JARID2;JARID2"
"chr14",35314644,35314644,0.159938475194501,0.789180905780474,35314644,35314644,0.189315897931886,0.58968065277197,TRUE,0.821337934388293,3873,"BAZ1A;BAZ1A"
"chr6",20826763,20826763,0.156020285323557,0.866349254122737,20826763,20826763,0.195955834002448,0.538419537742919,TRUE,0.822173985280777,3874,"CDKAL1"
"chr2",193058628,193058628,-0.152533406005669,0.941598525529087,193058628,193058628,-0.201988457032244,0.495489924486566,TRUE,0.822245062085802,3875,"TMEFF2"
"chr17",35732789,35732789,0.167866345494254,0.653778704205878,35732789,35732789,0.175155824060526,0.714897065790986,TRUE,0.82287854475921,3876,"C17orf78;ACACA;ACACA"
"chr21",38790111,38790111,-0.174176250634962,0.562705987877632,38790111,38790111,-0.163896354465267,0.83179280473754,TRUE,0.823387907642828,3877,"DYRK1A;DYRK1A"
"chr5",84741911,84741911,-0.154875442995195,0.89048894742802,84741911,84741911,-0.197594703320662,0.526413873953388,TRUE,0.823927095749022,3878,""
"chr1",214982546,214982546,0.160453559230387,0.779609360565949,214982546,214982546,0.187811647103281,0.601928623950437,TRUE,0.824308267803251,3879,""
"chr5",176745108,176745108,-0.166962336744668,0.667912527042893,176745108,176745108,-0.176425718594892,0.702710301195792,TRUE,0.824368653719582,3880,""
"chr11",2566193,2566193,0.167954846100553,0.652404955032809,2566193,2566193,0.174662428518035,0.719670314574017,TRUE,0.824495296699784,3881,"KCNQ1;KCNQ1"
"chr22",47804357,47804357,0.170301968562179,0.616703866165243,47804357,47804357,0.170391227521657,0.762363635830454,TRUE,0.824975807524599,3882,""
"chr14",34011661,34011661,0.163364344602333,0.727447121086603,34011661,34011661,0.182318289385761,0.64877226286077,TRUE,0.826327002965287,3883,"NPAS3;NPAS3;NPAS3;NPAS3"
"chr10",95807123,95807123,0.178443328931272,0.508524098719225,95807123,95807123,0.155644050016054,0.928386680936172,TRUE,0.82644673155892,3884,"PLCE1;PLCE1"
"chr3",141660114,141660114,0.150079976838085,0.99806453343187,141660114,141660114,0.205326887450255,0.473176402862032,TRUE,0.826561980169325,3885,""
"chr5",3539206,3539206,0.164893237197892,0.701558207033834,3539206,3539206,0.179364764034964,0.675271066587875,TRUE,0.827671021326038,3886,""
"chr7",139422477,139422477,0.153253390711454,0.925643963549458,139422477,139422477,0.199506947106526,0.512728939126744,TRUE,0.828314595521873,3887,"HIPK2;HIPK2"
"chr16",65783443,65783443,-0.15422212442047,0.904709933309097,65783443,65783443,-0.197836084611764,0.524654786223225,TRUE,0.828356289694706,3888,""
"chr18",76070163,76070163,0.152249369980427,0.94794950801304,76070163,76070163,0.200935573226263,0.502735272579458,TRUE,0.829773666870509,3889,""
"chr3",44497398,44497398,0.161541691982766,0.759521631334593,44497398,44497398,0.18476978202941,0.627459664372873,TRUE,0.82977480347308,3890,"ZNF445"
"chr4",165953018,165953018,0.160693662487694,0.775143930770194,165953018,165953018,0.186102400080184,0.616164681199796,TRUE,0.830549722713758,3891,"TRIM60"
"chr15",65615447,65615447,-0.169686115180435,0.625840341142745,65615447,65615447,-0.170235244945427,0.763960007287644,TRUE,0.83091943560373,3892,""
"chr19",38852805,38852805,-0.179601809805283,0.494608555984004,38852805,38852805,-0.152559494089089,0.966969310913878,TRUE,0.831033270842913,3893,"CATSPERG"
"chr11",85427884,85427884,0.164695693952323,0.704853268092664,85427884,85427884,0.178938074877449,0.679202875235643,TRUE,0.831377544302361,3894,"SYTL2;SYTL2;SYTL2;SYTL2;SYTL2;SYTL2;SYTL2;SYTL2;SYTL2"
"chr16",3081845,3081845,-0.153153193489811,0.927796220252817,3081845,3081845,-0.198977543082439,0.516483368990805,TRUE,0.831710974465943,3895,"LOC100128770;CCDC64B"
"chr1",248128496,248128496,0.153122547257691,0.928498739488286,248128496,248128496,0.198723621202971,0.518280316075608,TRUE,0.833201013798738,3896,"OR2AK2;OR2L13;OR2L13"
"chr1",155946346,155946346,-0.159483885210192,0.797772797978413,155946346,155946346,-0.187560179008504,0.604006188932993,TRUE,0.833666573929337,3897,"ARHGEF2;ARHGEF2;ARHGEF2"
"chr1",53307985,53307985,-0.170756547720157,0.610042225652456,53307985,53307985,-0.167722950710806,0.79019281803155,TRUE,0.833806188519458,3898,"ZYG11A"
"chr17",39191702,39191702,0.161933461189265,0.752500163896322,39191702,39191702,0.183221384604818,0.640835107434472,TRUE,0.833935706242885,3899,"KRTAP1-3"
"chr3",99596020,99596020,0.162106044658563,0.749376448992485,99596020,99596020,0.182860600045935,0.644007586007092,TRUE,0.834209495074935,3900,"FILIP1L;FILIP1L;FILIP1L;MIR548G;CMSS1;FILIP1L;FILIP1L"
"chr3",45504207,45504207,-0.179624084182038,0.494332912169451,45504207,45504207,-0.151826843303261,0.976312149965453,TRUE,0.83422341770819,3901,"LARS2"
"chr1",117117195,117117195,0.157333236354595,0.839617763977376,117117195,117117195,0.191178383996169,0.574831589785358,TRUE,0.834234772008109,3902,"IGSF3;IGSF3"
"chr8",124382710,124382710,0.155279746372215,0.881899290179928,124382710,124382710,0.194719016403423,0.547633722661843,TRUE,0.834467037284216,3903,"ATAD2"
"chr2",39664969,39664969,-0.180127325232665,0.48842817467176,39664969,39664969,-0.150828439157819,0.989200948055386,TRUE,0.834609522044448,3904,"MAP4K3"
"chr19",48336284,48336284,-0.17595239299405,0.539634600599563,48336284,48336284,-0.158197627685259,0.897453783578184,TRUE,0.83543997586907,3905,"CRX"
"chr10",72424633,72424633,-0.154679352747685,0.894641484245093,72424633,72424633,-0.195538867024413,0.541517237510793,TRUE,0.835560793154305,3906,""
"chr9",4366803,4366803,0.154096116972332,0.907486486003254,4366803,4366803,0.196477843385196,0.53457107982925,TRUE,0.836033044917476,3907,""
"chr2",131832659,131832659,0.176909377431751,0.527443694163503,131832659,131832659,0.156223170904785,0.921264873895264,TRUE,0.836610586911171,3908,"FAM168B"
"chr19",14598428,14598428,0.180012749153214,0.48981086364422,14598428,14598428,0.150602733017345,0.992129239430003,TRUE,0.836639693120945,3909,"GIPC1;GIPC1;LOC100130932;GIPC1;GIPC1;GIPC1;GIPC1"
"chr8",23080053,23080053,-0.163304649162991,0.72850499734786,23080053,23080053,-0.180089369229942,0.668664966366832,TRUE,0.837482666762925,3910,"TNFRSF10A"
"chr8",2741025,2741025,0.166214948664838,0.679823319764704,2741025,2741025,0.174961019835482,0.716780371304399,TRUE,0.837596453930669,3911,""
"chr2",176267444,176267444,0.160675854279232,0.775473213381092,176267444,176267444,0.184657107281124,0.628418818152008,TRUE,0.837623734081742,3912,""
"chr11",69064741,69064741,-0.177663732119779,0.518047965003665,69064741,69064741,-0.154449410653994,0.943147580877469,TRUE,0.838537662819137,3913,"MYEOV"
"chr17",74025851,74025851,-0.173175890894171,0.576132821579484,74025851,74025851,-0.162224339952787,0.850610671014389,TRUE,0.839587613039465,3914,""
"chr3",52251344,52251344,-0.158598053577967,0.814707757957911,52251344,52251344,-0.187744424641215,0.602478392910623,TRUE,0.840142658318217,3915,""
"chr3",107941759,107941759,-0.152039222414015,0.952672702024567,107941759,107941759,-0.199139350118357,0.515333715360664,TRUE,0.84021419690282,3916,"IFT57"
"chr14",77666908,77666908,0.150460412581969,0.989246166316028,77666908,77666908,0.201619487610546,0.498017440567769,TRUE,0.841433054108519,3917,"TMEM63C"
"chr8",105252552,105252552,0.167169571962775,0.664654715148192,105252552,105252552,0.172459563436587,0.741380492679911,TRUE,0.841503976140201,3918,"RIMS2;RIMS2;RIMS2;RIMS2"
"chr20",54822653,54822653,0.158597518011275,0.814717442740585,54822653,54822653,0.187434766417972,0.605045197001359,TRUE,0.841630510718783,3919,"MC3R"
"chr6",6320889,6320889,-0.178627779294601,0.506337572784867,6320889,6320889,-0.151948750588945,0.974764991909678,TRUE,0.842068168504715,3920,"F13A1;F13A1"
"chr17",43469287,43469287,0.156017145000482,0.866410342751909,43469287,43469287,0.191652859683546,0.571118515720806,TRUE,0.842958265246103,3921,""
"chr3",141043480,141043480,0.179342274055212,0.497618288445607,141043480,141043480,0.150375320928166,0.995094563043269,TRUE,0.84320738297488,3922,"ZBTB38"
"chr14",95558453,95558453,0.157627596803293,0.833791994707639,95558453,95558453,0.188622367154244,0.59531583160911,TRUE,0.844043959228448,3923,"DICER1;DICER1;DICER1;DICER1;DICER1"
"chr4",1695311,1695311,-0.163517825447925,0.724889593477522,1695311,1695311,-0.178313193245316,0.684977423117125,TRUE,0.844158405086681,3924,"SLBP"
"chr18",29677086,29677086,-0.163279791474089,0.728939322601601,29677086,29677086,-0.178677420135957,0.68160982036319,TRUE,0.844381772594347,3925,"RNF138;RNF138"
"chr20",51110040,51110040,-0.169157067395693,0.633890630494252,51110040,51110040,-0.168266431938229,0.784478311251718,TRUE,0.844676243138084,3926,""
"chr13",53029148,53029148,-0.154834496441914,0.891390377199936,53029148,53029148,-0.193292779472804,0.558424390658011,TRUE,0.845025771662113,3927,"CKAP2;CKAP2"
"chr4",122078490,122078490,-0.154705767185759,0.894083491766445,122078490,122078490,-0.193478867688971,0.557009947122475,TRUE,0.845192631208975,3928,"TNIP3;TNIP3;TNIP3"
"chr6",3076008,3076008,-0.16904254581808,0.635651025990977,3076008,3076008,-0.168354643279084,0.783555400191425,TRUE,0.845230548936872,3929,"RIPK1"
"chr7",143700925,143700925,0.1699440825525,0.622037946468481,143700925,143700925,0.166676678585382,0.801371215446196,TRUE,0.84551999487348,3930,"OR6B1"
"chr9",33270634,33270634,0.174674726668253,0.556179934322274,33270634,33270634,0.158214897605934,0.897253508720021,TRUE,0.845903352675561,3931,"SUGT1P1;CHMP5"
"chr2",60755359,60755359,0.152987098722159,0.931448873287283,60755359,60755359,0.19625949526771,0.536182602547532,TRUE,0.846175867024472,3932,"BCL11A;BCL11A;BCL11A"
"chr1",49130105,49130105,0.167031956451833,0.666824851450333,49130105,49130105,0.171509114828648,0.750964661619705,TRUE,0.847101118179135,3933,"AGBL4"
"chr12",3155394,3155394,-0.169624766068866,0.626749965730769,3155394,3155394,-0.16688415774025,0.799148641992092,TRUE,0.847173371706581,3934,""
"chr12",1210875,1210875,0.16712306469216,0.665384053781833,1210875,1210875,0.171272463125667,0.753380404253692,TRUE,0.847464228050084,3935,"ERC1;ERC1;ERC1;ERC1;ERC1"
"chr11",100726961,100726961,0.167790666327594,0.654975892340976,100726961,100726961,0.170031550327709,0.766065919790953,TRUE,0.847786786748628,3936,"FLJ32810"
"chr2",135540458,135540458,0.169698110936694,0.625646645489275,135540458,135540458,0.16658865686686,0.802318376043473,TRUE,0.847933698538808,3937,""
"chr2",3246814,3246814,-0.16510037147397,0.698154378415748,3246814,3246814,-0.174680449498014,0.719496056273363,TRUE,0.848175850787554,3938,"TSSC1"
"chr7",69063971,69063971,-0.172385860242061,0.587006597571951,69063971,69063971,-0.161764169749607,0.855864098225889,TRUE,0.848229928070714,3939,"AUTS2;AUTS2;AUTS2;AUTS2;AUTS2;AUTS2"
"chr1",23889092,23889092,-0.158220579636464,0.822159825733511,23889092,23889092,-0.18670197709186,0.611133109054567,TRUE,0.848265182138859,3940,""
"chr6",132016197,132016197,-0.164350411344565,0.710679782345684,132016197,132016197,-0.175927805898072,0.707453548226088,TRUE,0.848487966451207,3941,"ENPP3"
"chr20",8504581,8504581,0.173276456528874,0.574772482105502,8504581,8504581,0.160122767788132,0.874770917067862,TRUE,0.848502624338271,3942,"PLCB1;PLCB1"
"chr16",29876193,29876193,0.153962997131726,0.910374041206515,29876193,29876193,0.194080724186985,0.552448440032925,TRUE,0.848599186644835,3943,"CDIPT-AS1;CDIPT-AS1;CDIPT-AS1;CDIPT-AS1"
"chr22",31321152,31321152,0.177439270098542,0.520853572045843,31321152,31321152,0.152230074044552,0.971170233027899,TRUE,0.850585882119588,3944,"C22orf27"
"chr15",94406247,94406247,-0.150489236058086,0.988565996579037,94406247,94406247,-0.199621723807679,0.511920358054001,TRUE,0.850742293852334,3945,"LOC101927153"
"chr1",218977336,218977336,0.151607913276948,0.962517656103797,218977336,218977336,0.197604370080757,0.526345411307112,TRUE,0.851116383448303,3946,"MIR548F3"
"chr1",15851754,15851754,-0.16287540240023,0.735879586862071,15851754,15851754,-0.177837558828917,0.689409787323665,TRUE,0.851595862071577,3947,"CASP9;CASP9;CASP9;CASP9;CASP9"
"chr2",232855137,232855137,0.159524888579917,0.796962256166972,232855137,232855137,0.183688433044452,0.636775622154768,TRUE,0.851706820069691,3948,"DIS3L2"
"chr13",112189885,112189885,0.151584625942934,0.96306819874962,112189885,112189885,0.1974447282223,0.527495252918159,TRUE,0.852064522352945,3949,""
"chr4",134932828,134932828,0.172367644480394,0.587242757272527,134932828,134932828,0.160884210068302,0.865929385498687,TRUE,0.852400774015525,3950,""
"chr10",11992840,11992840,0.169847113082707,0.623457139621787,11992840,11992840,0.165293538103322,0.816374084410796,TRUE,0.852714007796356,3951,"UPF2;UPF2"
"chr1",44877749,44877749,0.152823908748909,0.935105251238162,44877749,44877749,0.195094628520208,0.54482400964327,TRUE,0.853047085300278,3952,"RNF220"
"chr6",37628686,37628686,0.177594227398106,0.518938220026343,37628686,37628686,0.15109605111709,0.985732700323921,TRUE,0.854436577991895,3953,"MDGA1"
"chr5",169725927,169725927,-0.176386158762038,0.534126194208202,169725927,169725927,-0.15325716353187,0.958104507308434,TRUE,0.85458021468791,3954,"LCP2"
"chr6",22422038,22422038,0.153600915700378,0.918199345606685,22422038,22422038,0.193385617192407,0.557717056101699,TRUE,0.854812373672547,3955,""
"chr1",77529073,77529073,0.162502550947057,0.742409365333842,77529073,77529073,0.177739792700462,0.69032123154864,TRUE,0.85508359937104,3956,"ST6GALNAC5"
"chr4",155486402,155486402,0.16039096902102,0.780739500205615,155486402,155486402,0.181415612038991,0.65676156419063,TRUE,0.855256494862089,3957,"FGB;FGB"
"chr3",136506024,136506024,0.174371110909836,0.560134305586183,136506024,136506024,0.156664391842359,0.915880574376413,TRUE,0.85542771542002,3958,""
"chr5",127499885,127499885,0.15425594851594,0.903983574608586,127499885,127499885,0.192052165681162,0.567996416031222,TRUE,0.855723404308342,3959,"SLC12A2;SLC12A2;SLC12A2"
"chr5",147046109,147046109,0.155549339763901,0.876204637967924,147046109,147046109,0.189599131013219,0.58740386562433,TRUE,0.856539546640847,3960,"JAKMIP2;JAKMIP2;JAKMIP2;JAKMIP2"
"chr2",219576539,219576539,-0.153427131461526,0.921932456835669,219576539,219576539,-0.19325045766251,0.558750687916129,TRUE,0.856834526582192,3961,"TTLL4"
"chr1",232397213,232397213,0.157376183941301,0.838735703770807,232397213,232397213,0.186269249102845,0.614780878552078,TRUE,0.857171434847581,3962,""
"chr1",64936373,64936373,-0.153697776513224,0.916073908301498,64936373,64936373,-0.192581592985006,0.563918207853196,TRUE,0.857801168169762,3963,"CACHD1"
"chr3",73607754,73607754,0.155334458944122,0.880724451543307,73607754,73607754,0.189680027210588,0.586749579279932,TRUE,0.857916030157729,3964,"PDZRN3"
"chr1",222638644,222638644,-0.165285401863208,0.695019488762672,222638644,222638644,-0.172128499229313,0.744700009917873,TRUE,0.858454292967639,3965,""
"chr5",980739,980739,-0.168209093772119,0.648412589621489,980739,980739,-0.166891967459221,0.799067321451787,TRUE,0.85881247106184,3966,""
"chr8",19687925,19687925,0.163461363358344,0.72582901739685,19687925,19687925,0.175222570355537,0.714247366180716,TRUE,0.859007118197266,3967,"INTS10;INTS10"
"chr9",80907197,80907197,0.15858718516223,0.814924548093141,80907197,80907197,0.183759240750527,0.636163180360236,TRUE,0.859009436157903,3968,""
"chr3",34586609,34586609,0.174146875614217,0.563094869151136,34586609,34586609,0.156258169321663,0.92083447281093,TRUE,0.8590699830539,3969,""
"chr19",4517780,4517780,0.174277222574292,0.561353098236476,4517780,4517780,0.15595131030828,0.924609016632024,TRUE,0.859407949968475,3970,"PLIN4"
"chr2",158348882,158348882,-0.156759685012235,0.851258127767613,158348882,158348882,-0.186828875554549,0.610080453572363,TRUE,0.859607095522423,3971,""
"chr12",38784998,38784998,0.170074888087649,0.620103224883634,38784998,38784998,0.163321733013723,0.838247843501835,TRUE,0.859911064269646,3972,""
"chr7",139058127,139058127,-0.174025743957224,0.564704033041499,139058127,139058127,-0.156276687114523,0.920613820822465,TRUE,0.859959573826707,3973,"LUC7L2;C7orf55-LUC7L2;LUC7L2;LUC7L2"
"chr2",209010996,209010996,0.15652703618979,0.856023040842963,209010996,209010996,0.187148501552716,0.60741526027498,TRUE,0.860016558090547,3974,"CRYGB"
"chr6",159238935,159238935,-0.16006310955996,0.786832718473797,159238935,159238935,-0.180943035949263,0.660989405170513,TRUE,0.860099360334335,3975,"EZR-AS1;EZR;EZR"
"chr2",99949822,99949822,0.159609448872399,0.795397046290281,99949822,99949822,0.181712851093521,0.654114041098491,TRUE,0.860225032913208,3976,"TXNDC9"
"chr9",71510989,71510989,-0.174698577209379,0.55586927629344,71510989,71510989,-0.155024193388494,0.93601393103943,TRUE,0.860238760303066,3977,"PIP5K1B;PIP5K1B"
"chr6",88654320,88654320,-0.157952234138491,0.827466341655293,88654320,88654320,-0.18456495735421,0.629205292670106,TRUE,0.860463930080856,3978,""
"chr2",186238101,186238101,0.156065954468552,0.865406105286997,186238101,186238101,0.187766195584255,0.602300713357465,TRUE,0.860847710855,3979,""
"chr2",201333656,201333656,0.156306254472096,0.86047729588948,201333656,201333656,0.187337415923679,0.605851559899402,TRUE,0.86090425690319,3980,"SPATS2L;SPATS2L;SPATS2L;SPATS2L;SPATS2L;SPATS2L;SPATS2L"
"chr8",144303218,144303218,0.156250552930746,0.861586575997235,144303218,144303218,0.187398854716332,0.605342657988365,TRUE,0.861056366300746,3981,""
"chr12",3019650,3019650,0.172793169497342,0.581326845025598,3019650,3019650,0.158158161476228,0.897923623056776,TRUE,0.861337392926704,3982,"TULP3;TULP3"
"chr6",35403738,35403738,-0.175856906405406,0.540834768667791,35403738,35403738,-0.152661833643953,0.965659083993102,TRUE,0.861516036733206,3983,""
"chr1",15598865,15598865,0.176755724733663,0.529384375614611,15598865,15598865,0.150987908654767,0.987128759326767,TRUE,0.861716365339832,3984,"FHAD1"
"chr17",78062837,78062837,0.161807135445531,0.75477906775772,78062837,78062837,0.177408988552612,0.693422051799568,TRUE,0.862241364469672,3985,"CCDC40;CCDC40"
"chr6",131958550,131958550,0.175699569381333,0.542849203463874,131958550,131958550,0.152743487132299,0.964623046023065,TRUE,0.862412484113143,3986,"ENPP3"
"chr6",10731080,10731080,0.17565064041738,0.543453384906043,10731080,10731080,0.152790820763143,0.964019702504424,TRUE,0.862577339301609,3987,"TMEM14C;TMEM14C"
"chr16",58016655,58016655,0.162726985325278,0.738490753267497,58016655,58016655,0.175691259462386,0.709721575463469,TRUE,0.862721483869153,3988,"TEPP;TEPP"
"chr5",126346925,126346925,0.156271993071962,0.861160445559602,126346925,126346925,0.186992118638857,0.608721389211986,TRUE,0.862775718973958,3989,"MARCH3"
"chr3",173450857,173450857,0.173913861374367,0.566216349105126,173450857,173450857,0.155689399979368,0.927824843601765,TRUE,0.863512581581276,3990,"NLGN1"
"chr2",238726969,238726969,0.150615537314854,0.985641937194929,238726969,238726969,0.196664867005709,0.533200849403006,TRUE,0.863638401384434,3991,"RBM44"
"chr4",139156827,139156827,-0.156963338287892,0.847083986435344,139156827,139156827,-0.185573258327977,0.620623325137115,TRUE,0.863750928820405,3992,"SLC7A11"
"chr12",8124127,8124127,0.156372535911375,0.859148245713366,8124127,8124127,0.186576923367702,0.612192231079966,TRUE,0.863907633044853,3993,""
"chr7",31101520,31101520,0.158839823722246,0.810000208595319,31101520,31101520,0.182208224831289,0.649746868670448,TRUE,0.86412034373454,3994,"ADCYAP1R1"
"chr18",42645106,42645106,0.159768671794244,0.792406683394025,42645106,42645106,0.180552141922775,0.66449145186903,TRUE,0.864282276771627,3995,"SETBP1"
"chr1",111833467,111833467,0.164776057679819,0.703451209554858,111833467,111833467,0.171732831819432,0.748701145924089,TRUE,0.864363887185597,3996,"CHIA;CHIA"
"chr6",58487492,58487492,0.153328827316887,0.924063109023833,58487492,58487492,0.191385671236504,0.573205705325792,TRUE,0.866281112192219,3997,""
"chr17",4981403,4981403,0.17600084441983,0.539034144073807,4981403,4981403,0.151190977041766,0.984508831831754,TRUE,0.866919221063493,3998,"ZFP3"
"chr7",156571196,156571196,0.157412870438103,0.838023499752666,156571196,156571196,0.183941626046639,0.634580531509247,TRUE,0.867621042939395,3999,"LMBR1"
"chr11",8832111,8832111,-0.151462609102255,0.965826871844996,8832111,8832111,-0.194264064768101,0.551061216132702,TRUE,0.867896408167024,4000,"ST5;ST5;ST5;ST5"
"chr2",241760164,241760164,0.175704542576032,0.542788859817986,241760164,241760164,0.151394154838869,0.981872061247488,TRUE,0.868349687570521,4001,"KIF1A"
"chr19",46935291,46935291,-0.161466305814133,0.760925179838964,46935291,46935291,-0.176600873654592,0.701048136421203,TRUE,0.868661580630315,4002,""
"chr10",123301036,123301036,0.159347658220372,0.800292331440082,123301036,123301036,0.180290832534686,0.666849446768431,TRUE,0.86880563529109,4003,"FGFR2;FGFR2;FGFR2;FGFR2;FGFR2;FGFR2;FGFR2;FGFR2;FGFR2"
"chr8",13271993,13271993,0.150019799845041,0.999500116217392,13271993,13271993,0.196535098310093,0.534148837116274,TRUE,0.868935789551633,4004,"DLC1;DLC1"
"chr2",98852704,98852704,0.169790396563686,0.624290775914988,98852704,98852704,0.161797200194618,0.855483700062778,TRUE,0.869054217152548,4005,"VWA3B"
"chr6",6692824,6692824,0.153103526275056,0.928927849859049,6692824,6692824,0.191034388080064,0.575957820994505,TRUE,0.869650913190034,4006,""
"chr13",27131724,27131724,0.155677207879298,0.873527913033632,27131724,27131724,0.186479499724292,0.613001150518342,TRUE,0.869932396279343,4007,"WASF3"
"chr19",53936474,53936474,-0.155220602821523,0.883203755907717,53936474,53936474,-0.187165949504368,0.607271943631594,TRUE,0.870475871179818,4008,"ZNF761;LOC147804"
"chr9",138904715,138904715,0.170062715089734,0.620296175553821,138904715,138904715,0.160970615085516,0.864943688815504,TRUE,0.870585735959622,4009,"NACC2"
"chr6",75953307,75953307,-0.165349542231126,0.693955652635155,75953307,75953307,-0.169336677503986,0.773267393140186,TRUE,0.870643021888739,4010,"COX7A2;COX7A2"
"chr14",22490180,22490180,0.170182856278582,0.618503745775945,22490180,22490180,0.160723997407291,0.867794870422129,TRUE,0.870718389921737,4011,""
"chr12",78883559,78883559,0.154000001501948,0.909590318793246,78883559,78883559,0.189264119675439,0.590101504426236,TRUE,0.870728493560693,4012,""
"chr7",16746042,16746042,0.165652746623335,0.68902460828779,16746042,16746042,0.168780515501391,0.779057731417843,TRUE,0.870752965774094,4013,"BZW2;BZW2;BZW2"
"chr14",50785556,50785556,-0.167508166532887,0.659387683340386,50785556,50785556,-0.165496079191885,0.814170384239741,TRUE,0.870792764083981,4014,"ATP5S;ATP5S;ATP5S;ATP5S"
"chr4",186290920,186290920,0.175782021075023,0.541840496099268,186290920,186290920,0.150656431532134,0.991429048148151,TRUE,0.871005689795882,4015,"LRP2BP"
"chr1",244463040,244463040,-0.155253941511288,0.882446852892621,244463040,244463040,-0.186667180576992,0.611425381768544,TRUE,0.872463293200708,4016,""
"chr14",93250155,93250155,0.17125673198921,0.602844197176215,93250155,93250155,0.15821284594243,0.897276555179201,TRUE,0.873305372524318,4017,""
"chr1",42342911,42342911,-0.161640886772628,0.757744101222369,42342911,42342911,-0.175137632597745,0.715076813134121,TRUE,0.873874375697205,4018,"HIVEP3;HIVEP3;HIVEP3;HIVEP3"
"chr12",118199026,118199026,0.170990254253659,0.60663541710124,118199026,118199026,0.158519444890927,0.893625514813911,TRUE,0.874033420388533,4019,"KSR2"
"chr1",72433704,72433704,0.152086559812288,0.951650584960874,72433704,72433704,0.191714167293937,0.570633825750572,TRUE,0.874607630995818,4020,"NEGR1"
"chr2",210994670,210994670,0.174802278614071,0.554520111568696,210994670,210994670,0.151543124949282,0.979953678496857,TRUE,0.874827320585311,4021,"C2orf67"
"chr1",151430492,151430492,-0.169756046718198,0.624806304346531,151430492,151430492,-0.160552292894737,0.869764459171788,TRUE,0.874845796272915,4022,"POGZ;POGZ;POGZ"
"chr17",76497940,76497940,0.152508853445743,0.942171417673387,76497940,76497940,0.190913627883543,0.576913628713497,TRUE,0.874917266204678,4023,"DNAH17"
"chr19",5453362,5453362,0.16791516235995,0.653034465906585,5453362,5453362,0.163795347165749,0.832928247011122,TRUE,0.87514837992576,4024,""
"chr14",90398960,90398960,0.15974887908467,0.792759805469965,90398960,90398960,0.178145439857585,0.686541123492703,TRUE,0.875350051806966,4025,"EFCAB11;EFCAB11;EFCAB11;EFCAB11;EFCAB11;EFCAB11;EFCAB11;EFCAB11;EFCAB11;EFCAB11"
"chr7",42192975,42192975,0.162627507836339,0.740216134549941,42192975,42192975,0.173047009503852,0.735526955221369,TRUE,0.875463601290475,4026,"GLI3"
"chr2",181925401,181925401,0.15347000893628,0.920972918367712,181925401,181925401,0.189092653617376,0.591480381974195,TRUE,0.87563892371947,4027,"UBE2E3;UBE2E3"
"chr19",10491835,10491835,-0.168122942812871,0.649746109697298,10491835,10491835,-0.163243214939146,0.83912556395212,TRUE,0.875930990891574,4028,"TYK2"
"chr7",116594536,116594536,-0.163090236369713,0.732197879479584,116594536,116594536,-0.172132078863908,0.744665195853923,TRUE,0.875945370054044,4029,"ST7;ST7;ST7OT4;ST7OT1"
"chr2",144519856,144519856,0.152541922712462,0.941395890076227,144519856,144519856,0.190553322744171,0.579785976970233,TRUE,0.876288283886767,4030,"ARHGAP15"
"chr7",79763748,79763748,0.158528528042081,0.816071822348307,79763748,79763748,0.180015174381551,0.669330418777097,TRUE,0.876538532019301,4031,"GNAI1"
"chr11",125933690,125933690,0.17489344794184,0.5532715195871,125933690,125933690,0.150921549508929,0.987991666881591,TRUE,0.876783875279824,4032,"CDON"
"chr16",89428895,89428895,0.159921815072669,0.789492308792591,89428895,89428895,0.177359329565839,0.693890613007993,TRUE,0.877503523292105,4033,"ANKRD11;ANKRD11;ANKRD11;ANKRD11"
"chr1",223276821,223276821,0.161022188538496,0.769103606315074,223276821,223276821,0.175178491427519,0.714671864664575,TRUE,0.878605010864395,4034,""
"chr3",3010002,3010002,0.17152642303722,0.599079796649363,3010002,3010002,0.1564958759983,0.917942724924606,TRUE,0.878763080327953,4035,"CNTN4;CNTN4;CNTN4;CNTN4"
"chr11",35948830,35948830,0.162087436850919,0.749720631269034,35948830,35948830,0.173176599957696,0.734244474282445,TRUE,0.879096046608613,4036,""
"chr17",65717569,65717569,0.172681432825722,0.582888329985875,65717569,65717569,0.15434145883247,0.944491606765298,TRUE,0.879128820145622,4037,"NOL11"
"chr1",221952060,221952060,-0.171493178594627,0.599572975582428,221952060,221952060,-0.156369183907402,0.919492815482529,TRUE,0.879587815628991,4038,""
"chr1",45826423,45826423,0.17461490210463,0.556950992019739,45826423,45826423,0.150724573290196,0.99054403403868,TRUE,0.879814819420964,4039,"TESK2"
"chr12",47614743,47614743,0.174319558226277,0.560788400908284,47614743,47614743,0.151242016704192,0.983839582207171,TRUE,0.879839408211509,4040,"PCED1B;PCED1B"
"chr3",9777198,9777198,0.166116862959045,0.681395979474221,9777198,9777198,0.165762117254857,0.811264086631227,TRUE,0.880472488204366,4041,"BRPF1;BRPF1"
"chr7",99647783,99647783,-0.170110373806154,0.619596636251483,99647783,99647783,-0.158619878635939,0.892439280099296,TRUE,0.880567480061465,4042,"ZSCAN21"
"chr3",182614107,182614107,0.154529322020482,0.897914940788729,182614107,182614107,0.186127706356471,0.615952638736865,TRUE,0.880638980305855,4043,"ATP11B"
"chr1",154714336,154714336,0.172297103999457,0.588199315807353,154714336,154714336,0.154380691079762,0.943996878614638,TRUE,0.881928910996383,4044,"KCNN3;KCNN3;KCNN3"
"chr11",20385280,20385280,-0.166224672358542,0.679663148358951,20385280,20385280,-0.16519825196319,0.817411551035726,TRUE,0.882108964944432,4045,"HTATIP2;HTATIP2;HTATIP2;HTATIP2;HTATIP2;HTATIP2;HTATIP2"
"chr2",73441412,73441412,-0.150748499709797,0.982589740686219,73441412,73441412,-0.192126044097986,0.567420630513527,TRUE,0.883267580145425,4046,"SMYD5"
"chr1",102462632,102462632,-0.16089780708083,0.771418269374035,102462632,102462632,-0.174329434459688,0.722929339556153,TRUE,0.883348891640438,4047,"OLFM3;OLFM3"
"chr10",3023801,3023801,0.154182190411679,0.905578583816579,3023801,3023801,0.186009217721631,0.616950892544625,TRUE,0.883941636893378,4048,""
"chr16",88809152,88809152,0.154211660802529,0.90494236809326,88809152,88809152,0.185841326344172,0.618365298483979,TRUE,0.88445755421497,4049,"LOC339059;PIEZO1"
"chr12",70319180,70319180,0.162574925741464,0.741125014154682,70319180,70319180,0.170962375511483,0.756525475210093,TRUE,0.885092194336725,4050,"MYRFL"
"chr22",18978079,18978079,0.161021384297583,0.769118505980726,18978079,18978079,0.173706328864473,0.729025635557807,TRUE,0.885107905188662,4051,"DGCR5;DGCR5;DGCR5"
"chr6",13463084,13463084,-0.156660890589417,0.853309811727825,13463084,13463084,-0.181365795021433,0.657206101439159,TRUE,0.885161880831335,4052,"GFOD1"
"chr13",78052839,78052839,-0.151084714677326,0.97469515284077,78052839,78052839,-0.191097983147433,0.575459558802796,TRUE,0.885218108088905,4053,""
"chr14",53657673,53657673,0.160852484889509,0.77226159044991,53657673,53657673,0.173755182707438,0.728542487031009,TRUE,0.8862144565456,4054,""
"chr4",56179320,56179320,0.157333713459461,0.839608079194703,56179320,56179320,0.179873272815768,0.67062218597282,TRUE,0.886464145011272,4055,""
"chr2",33359529,33359529,-0.158854343971606,0.809732759596875,33359529,33359529,-0.176934515837763,0.697895809401797,TRUE,0.88763747221287,4056,"LTBP1;LTBP1;LTBP1;LTBP1;LTBP1"
"chr20",37200820,37200820,0.164328277498857,0.711073878502166,37200820,37200820,0.167172100925153,0.796063988099154,TRUE,0.888179561147709,4057,"RALGAPB;RALGAPB;RALGAPB"
"chr11",100061006,100061006,0.152323575878943,0.946302349975267,100061006,100061006,0.188248789006419,0.598346722962687,TRUE,0.888268654861217,4058,"CNTN5;CNTN5;CNTN5;CNTN5"
"chr21",46131522,46131522,-0.151541573348395,0.964062006448575,46131522,46131522,-0.189487796899195,0.58829350406411,TRUE,0.88879941053061,4059,"TSPEAR;TSPEAR"
"chr2",45310530,45310530,-0.172133407530061,0.590463320003099,45310530,45310530,-0.153056132756168,0.960648716094166,TRUE,0.888842742175841,4060,""
"chr12",66346167,66346167,0.161907103843546,0.752965033464649,66346167,66346167,0.171204984600242,0.754057285903094,TRUE,0.88915485408544,4061,"HMGA2;HMGA2"
"chr12",28979623,28979623,0.162039689070881,0.75056991221117,28979623,28979623,0.170919407809169,0.756961064567456,TRUE,0.889366101587441,4062,""
"chr1",52302246,52302246,0.169087871613982,0.634969366287421,52302246,52302246,0.15838084079937,0.895265309860584,TRUE,0.889543453142899,4063,"MIR761;NRD1;NRD1;NRD1"
"chr2",43372967,43372967,-0.153862872651017,0.912574721823242,43372967,43372967,-0.185262313730052,0.623251298214941,TRUE,0.889711313504159,4064,""
"chr12",24891597,24891597,0.163857899794961,0.719097348455501,24891597,24891597,0.167561594763833,0.791909986019484,TRUE,0.890104192250307,4065,""
"chr4",109541393,109541393,-0.16473097709518,0.704242381800952,109541393,109541393,-0.165875520805382,0.810030819093717,TRUE,0.890665068589305,4066,"LOC285456;RPL34;RPL34"
"chr11",102631359,102631359,0.161960604801351,0.751995810214019,102631359,102631359,0.170674462108366,0.759471399193772,TRUE,0.891035870492793,4067,""
"chr8",1094575,1094575,0.168663429978801,0.641443271012998,1094575,1094575,0.158790867091121,0.890412958711949,TRUE,0.891052725174379,4068,""
"chr18",56000954,56000954,0.173194788566968,0.575873567397148,56000954,56000954,0.150399524561337,0.994776800118323,TRUE,0.892011436162421,4069,"NEDD4L;NEDD4L;NEDD4L;NEDD4L;NEDD4L;NEDD4L;NEDD4L;NEDD4L;NEDD4L;NEDD4L"
"chr2",105031896,105031896,-0.160840141485503,0.772476890618574,105031896,105031896,-0.172436932433775,0.741602197361455,TRUE,0.89201416307974,4070,""
"chr6",28749781,28749781,-0.168796239274268,0.639420641400807,28749781,28749781,-0.158320093235921,0.895994487798272,TRUE,0.892040239133449,4071,""
"chr1",28832383,28832383,-0.172710671677559,0.582480079147024,28832383,28832383,-0.151190820347664,0.984511050006455,TRUE,0.892341163779445,4072,"RCC1;SNHG3;SNHG3;RCC1;RCC1"
"chr5",158758075,158758075,0.154014132885186,0.909295305413347,158758075,158758075,0.184389227975762,0.630717975027564,TRUE,0.892369420696295,4073,"LOC285626;IL12B"
"chr13",100056016,100056016,-0.159416867779582,0.799037034608943,100056016,100056016,-0.174500480990975,0.721256835831687,TRUE,0.893920464324997,4074,"MIR548AN"
"chr7",100875556,100875556,0.153060189594453,0.929864293845246,100875556,100875556,0.185510168947564,0.621155950238597,TRUE,0.894624360981145,4075,"CLDN15"
"chr1",32427280,32427280,-0.150342758255198,0.991968335230557,32427280,32427280,-0.19021979171069,0.58242714630772,TRUE,0.894711364414848,4076,""
"chr9",117993982,117993982,0.15508926433894,0.885956469136833,117993982,117993982,0.18192865546637,0.65220964412733,TRUE,0.894755284698519,4077,"DEC1"
"chr7",70163455,70163455,0.151325918780266,0.969042964675873,70163455,70163455,0.188396570498953,0.597142705254284,TRUE,0.895208602861879,4078,"AUTS2;AUTS2"
"chr22",50962002,50962002,0.157201866626073,0.842199876034782,50962002,50962002,0.178049818936425,0.687440499343458,TRUE,0.895375571336889,4079,"SCO2;SCO2;SCO2;SCO2"
"chr13",113121958,113121958,0.154028540729353,0.908973472635274,113121958,113121958,0.183668870656921,0.636950406801961,TRUE,0.895380336819345,4080,""
"chr11",120206550,120206550,0.159590589809271,0.795751658332787,120206550,120206550,0.173848418594321,0.727630027709138,TRUE,0.895403167127228,4081,"ARHGEF12"
"chr8",114390137,114390137,0.168948623139634,0.637065004261304,114390137,114390137,0.157183824525143,0.909586409672204,TRUE,0.895650451455656,4082,"CSMD3;CSMD3;CSMD3"
"chr10",2542242,2542242,0.166516337447173,0.674958578929489,2542242,2542242,0.161529338289906,0.858538540183889,TRUE,0.895657153576713,4083,""
"chr11",82746645,82746645,0.170200754294034,0.618216182228871,82746645,82746645,0.154853782334707,0.938108827861598,TRUE,0.895916734121982,4084,"RAB30;RAB30;RAB30;RAB30"
"chr11",100598511,100598511,0.156061444658372,0.865494013314341,100598511,100598511,0.179889077963658,0.670475936827287,TRUE,0.896101243514207,4085,"FLJ32810"
"chr1",220311352,220311352,0.171886380612076,0.593939411999595,220311352,220311352,0.151750483442992,0.977285515101145,TRUE,0.896185835539239,4086,"IARS2"
"chr16",68771059,68771059,0.170241753676094,0.617599336070899,68771059,68771059,0.15467123235341,0.940376328752439,TRUE,0.896363840466724,4087,"CDH1"
"chr2",182439063,182439063,0.151882942100584,0.956166673619844,182439063,182439063,0.187146671504485,0.607430749901705,TRUE,0.89637973025814,4088,"CERKL;CERKL;CERKL;CERKL;CERKL;CERKL;CERKL"
"chr3",152121157,152121157,-0.153715694172563,0.915663422512799,152121157,152121157,-0.183777978968492,0.636001028029983,TRUE,0.89722407906661,4089,"MBNL1;MBNL1;MBNL1;MBNL1;MBNL1;MBNL1;MBNL1"
"chr8",26513822,26513822,0.157385925267674,0.838544988050468,26513822,26513822,0.177241814643037,0.694999662762253,TRUE,0.897454032294546,4090,"DPYSL2"
"chr17",38933754,38933754,0.159454203251762,0.798326320557367,38933754,38933754,0.173583490063902,0.730240706543533,TRUE,0.897552213289374,4091,"KRT27"
"chr10",92112128,92112128,0.159740093442272,0.792940091424348,92112128,92112128,0.173064154437272,0.735360028176082,TRUE,0.897620230274964,4092,""
"chr1",9425751,9425751,0.17254976725333,0.584705344212076,9425751,9425751,0.150158693890775,0.997925179538684,TRUE,0.897833557949419,4093,"SPSB1"
"chr12",70218999,70218999,0.166246760385444,0.679325670931944,70218999,70218999,0.16141902075393,0.859803313321387,TRUE,0.898153406883801,4094,"MYRFL"
"chr1",5539958,5539958,0.167630463786778,0.657470096371037,5539958,5539958,0.158953990188501,0.888487620667764,TRUE,0.898189740568137,4095,""
"chr9",84799335,84799335,0.156917801142722,0.84800553075589,84799335,84799335,0.177871301827154,0.68909698709466,TRUE,0.898299381322692,4096,""
"chr14",95673162,95673162,0.169151157839639,0.633977793538313,95673162,95673162,0.156084776703824,0.922958093115665,TRUE,0.898716236742476,4097,"CLMN"
"chr14",22986466,22986466,0.151239549793934,0.971019405324545,22986466,22986466,0.187698831368808,0.602857963957744,TRUE,0.898851150183937,4098,""
"chr11",133816022,133816022,-0.163988708083366,0.716867613490753,133816022,133816022,-0.165259898879085,0.816735571694677,TRUE,0.898907097961181,4099,"IGSF9B"
"chr7",155248122,155248122,-0.161836475506741,0.75421809534594,155248122,155248122,-0.168979842138674,0.776977985856768,TRUE,0.899184998853119,4100,""
"chr20",62092502,62092502,0.166160913687285,0.68066962077371,62092502,62092502,0.161203458832299,0.862283007059886,TRUE,0.899675402912492,4101,"KCNQ2;KCNQ2;KCNQ2;KCNQ2;KCNQ2"
"chr12",50055039,50055039,-0.166759471261571,0.671080940943685,50055039,50055039,-0.160111342619114,0.874903556395738,TRUE,0.899782606838845,4102,"FMNL3;FMNL3"
"chr3",119596466,119596466,0.161931241973263,0.752543372926711,119596466,119596466,0.168658361837271,0.78033536244937,TRUE,0.899838565961749,4103,"GSK3B;GSK3B"
"chr1",158901032,158901032,0.16480932383168,0.702927486307207,158901032,158901032,0.163559077266212,0.835577461931423,TRUE,0.899899325052642,4104,"PYHIN1;PYHIN1;PYHIN1;PYHIN1"
"chr10",5476521,5476521,-0.16559659052282,0.68989251381199,5476521,5476521,-0.161940756506354,0.853843378669566,TRUE,0.900806675823156,4105,"NET1"
"chr14",75034852,75034852,0.165247263148579,0.695660919368969,75034852,75034852,0.162551716033182,0.846895416371317,TRUE,0.900855298820114,4106,"LTBP2"
"chr6",63157784,63157784,0.155252173500079,0.882501236672249,63157784,63157784,0.180123439136534,0.66835528662088,TRUE,0.901210621952236,4107,""
"chr10",32219402,32219402,-0.155843503833381,0.870006377056899,32219402,32219402,-0.179010310568618,0.67852839974185,TRUE,0.901474200227645,4108,""
"chr17",31254859,31254859,-0.167802364570723,0.65476878698842,31254859,31254859,-0.15751233373783,0.905640652841147,TRUE,0.902870884315297,4109,"TMEM98;TMEM98"
"chr2",24342860,24342860,0.150907460967529,0.978798520761194,24342860,24342860,0.187284429387024,0.606301435805686,TRUE,0.903111991241364,4110,"PFN4"
"chr4",115009280,115009280,0.166276817483138,0.678826532132619,115009280,115009280,0.160157135641349,0.874372096775879,TRUE,0.903164179078752,4111,""
"chr2",86355070,86355070,0.165646891584056,0.689111771331851,86355070,86355070,0.161222419853057,0.862063482956861,TRUE,0.903430576806304,4112,"PTCD3;PTCD3"
"chr18",13606899,13606899,0.157838950903408,0.829678942004541,13606899,13606899,0.174998724654412,0.716418771231974,TRUE,0.903607270686721,4113,"LDLRAD4;LDLRAD4"
"chr6",15088016,15088016,0.156218124530993,0.862270470650639,15088016,15088016,0.177835303483249,0.68943294657139,TRUE,0.903648935511559,4114,""
"chr6",28351829,28351829,0.166198614356067,0.680078849030628,28351829,28351829,0.160089614378455,0.875154172540757,TRUE,0.904010587202936,4115,"ZSCAN12"
"chr3",190040181,190040181,-0.165765731124262,0.687165130014482,190040181,190040181,-0.160857663653375,0.866238764475188,TRUE,0.904049619856508,4116,"CLDN1;CLDN1"
"chr13",103498980,103498980,-0.16738235514867,0.661288135694235,103498980,103498980,-0.157875805329664,0.901288857251284,TRUE,0.904444726318065,4117,"ERCC5"
"chr8",98961742,98961742,0.165290379264313,0.694933815685176,98961742,98961742,0.161523322233449,0.858608732254508,TRUE,0.904788290571037,4118,"MATN2;MATN2"
"chr19",37997831,37997831,-0.16875282921888,0.640055367157561,37997831,37997831,-0.155283267301359,0.932812841772786,TRUE,0.904982137030299,4119,"ZNF793"
"chr1",24867657,24867657,-0.162344390844182,0.745200817693651,24867657,24867657,-0.166579021165207,0.802422667850595,TRUE,0.905452917918809,4120,""
"chr14",55850710,55850710,0.166454370707921,0.675921842313858,55850710,55850710,0.159273251515021,0.884712738481038,TRUE,0.905468670764597,4121,"ATG14"
"chr17",80780101,80780101,0.163581358223344,0.72372294965701,80780101,80780101,0.164284769137676,0.827484056775347,TRUE,0.905916667595495,4122,"TBCD"
"chr5",145582587,145582587,-0.159292938940237,0.801324133286449,145582587,145582587,-0.171865726943295,0.747356217727908,TRUE,0.905919421380441,4123,"RBM27"
"chr19",38384689,38384689,0.166208850597928,0.679920167591439,38384689,38384689,0.159523157982041,0.88177373219473,TRUE,0.906258040624238,4124,"WDR87;WDR87"
"chr17",21002712,21002712,-0.152756048237731,0.936608627502399,21002712,21002712,-0.183283806740606,0.640292218575476,TRUE,0.906343695995626,4125,""
"chr6",16206931,16206931,-0.156556647889185,0.855395764919035,16206931,16206931,-0.176410831554952,0.702849482259227,TRUE,0.9071145286233,4126,""
"chr19",15919767,15919767,-0.156500883594651,0.856554958906722,15919767,15919767,-0.176469893467913,0.702299299741045,TRUE,0.90728919301214,4127,"OR10H1"
"chr10",27223302,27223302,-0.159240207128119,0.802346995333425,27223302,27223302,-0.171530089306332,0.750751641656058,TRUE,0.907697972359826,4128,"LINC00202-1"
"chr15",38781997,38781997,0.152731831654763,0.937153210281961,38781997,38781997,0.182906189586553,0.643608013791482,TRUE,0.908100930800956,4129,"RASGRP1;RASGRP1"
"chr5",125758791,125758791,-0.162202270742861,0.747675652158366,125758791,125758791,-0.166111145445912,0.807460330577207,TRUE,0.908383344669579,4130,"GRAMD3;GRAMD3;GRAMD3;GRAMD3"
"chr2",61126923,61126923,-0.163008108942388,0.733564178819827,61126923,61126923,-0.164649819234273,0.823447279589191,TRUE,0.908551299512238,4131,"REL;REL"
"chr22",45083122,45083122,0.154500965667126,0.898569781094112,45083122,45083122,0.179608333576794,0.673034394565758,TRUE,0.908912281334253,4132,"PRR5;PRR5;PRR5;PRR5"
"chr2",170550605,170550605,-0.165812766622378,0.686376192718235,170550605,170550605,-0.15950737922694,0.881959344542159,TRUE,0.909207469823788,4133,"C2orf77;KLHL23;PHOSPHO2"
"chr7",137647868,137647868,0.168286847424298,0.647210186603413,137647868,137647868,0.155031042751955,0.93593001636261,TRUE,0.90940186889251,4134,"CREB3L2;CREB3L2"
"chr20",16298023,16298023,0.166020937563608,0.682985773799236,16298023,16298023,0.159032334526256,0.887566363839451,TRUE,0.909628166829993,4135,"KIF16B;KIF16B"
"chr6",142606522,142606522,0.165853788161372,0.685675163449332,142606522,142606522,0.159271874454179,0.884728641665757,TRUE,0.909848878477461,4136,""
"chr6",40898134,40898134,0.157801241024935,0.830391146022683,40898134,40898134,0.173472003396207,0.731338627828107,TRUE,0.910178736281253,4137,"LOC101929555"
"chr6",4775222,4775222,-0.159549608282072,0.796489191782536,4775222,4775222,-0.170276267673881,0.763538704479202,TRUE,0.91060366188786,4138,"CDYL;CDYL"
"chr11",115266615,115266615,0.1651660620061,0.697018278909821,115266615,115266615,0.16030838501041,0.872595902783193,TRUE,0.910635969516092,4139,"CADM1;CADM1;CADM1;CADM1;CADM1"
"chr6",24933103,24933103,-0.158453028075771,0.817560298946892,24933103,24933103,-0.172065473103322,0.745335385383041,TRUE,0.911202396769291,4140,""
"chr1",153488025,153488025,-0.153819153318987,0.913460506946224,153488025,153488025,-0.180247613685623,0.66723939436161,TRUE,0.911271836332598,4141,""
"chr4",120243252,120243252,0.168103808529888,0.650039633110633,120243252,120243252,0.15472743956572,0.939675235162235,TRUE,0.911928557608443,4142,"FABP2"
"chr1",209980186,209980186,0.168907821028256,0.637698985034776,209980186,209980186,0.153237516867893,0.958353018067296,TRUE,0.912083557338946,4143,"IRF6"
"chr19",35323673,35323673,0.158981297271665,0.807273569781094,35323673,35323673,0.170759198696603,0.758598791824154,TRUE,0.912700760946199,4144,""
"chr10",133850544,133850544,-0.164484676447182,0.708429187849025,133850544,133850544,-0.160959372959952,0.865072154967249,TRUE,0.91291911456618,4145,""
"chr12",118345094,118345094,-0.155370110265308,0.87995860872882,118345094,118345094,-0.177042145871894,0.696880524523876,TRUE,0.913106849069687,4146,"KSR2"
"chr14",31535484,31535484,0.166230409726881,0.679568535482064,31535484,31535484,0.157743094654714,0.902879250915636,TRUE,0.913274152252541,4147,"AP4S1;AP4S1;AP4S1;AP4S1;AP4S1;AP4S1"
"chr17",65685799,65685799,-0.167595351334455,0.658010954234187,65685799,65685799,-0.155275748483801,0.932906381072037,TRUE,0.913417830559408,4148,"PITPNC1;PITPNC1"
"chr1",235777897,235777897,0.16300345749525,0.733653576813736,235777897,235777897,0.163445145478943,0.836859341331445,TRUE,0.913467709170589,4149,"MIR5096;GNG4;GNG4;GNG4"
"chr8",23605601,23605601,-0.1521328362715,0.950563654351596,23605601,23605601,-0.182458572209877,0.647535799647844,TRUE,0.914226310478418,4150,""
"chr1",165873825,165873825,0.160967814973204,0.770078789431965,165873825,165873825,0.166739201420616,0.800695085720421,TRUE,0.914746714300941,4151,"UCK2"
"chr6",166572345,166572345,0.161505674077086,0.760198076155171,166572345,166572345,0.165767398050178,0.811207993128621,TRUE,0.914785611300482,4152,"T"
"chr6",14744370,14744370,-0.156234772328389,0.861911388708437,14744370,14744370,-0.175091979573568,0.71551503422418,TRUE,0.914800983333065,4153,""
"chr1",192938578,192938578,0.16662729291643,0.673160934268635,192938578,192938578,0.156495564518534,0.917946033388567,TRUE,0.915386993240725,4154,""
"chr10",133989812,133989812,-0.153849541414816,0.912847385704665,133989812,133989812,-0.179148550141186,0.677259528620582,TRUE,0.915535751636418,4155,"JAKMIP3"
"chr22",33024853,33024853,-0.154392505173925,0.901042380608979,33024853,33024853,-0.177917032095773,0.688664969374527,TRUE,0.916628802745103,4156,"SYN3;SYN3;SYN3"
"chr10",22284645,22284645,0.164169626166239,0.713742408620351,22284645,22284645,0.160570451179365,0.86955444690265,TRUE,0.916686800592227,4157,"DNAJC1"
"chr14",92248966,92248966,0.167507346641844,0.659394388189929,92248966,92248966,0.154583767686993,0.941470490418876,TRUE,0.916764280006954,4158,"TC2N;TC2N;TC2N"
"chr1",153085969,153085969,0.167662311351247,0.656933708407583,153085969,153085969,0.153899480010258,0.950021516294599,TRUE,0.918329162522723,4159,"SPRR2F;SPRR2F"
"chr1",16698494,16698494,-0.154756446559697,0.893047220020383,16698494,16698494,-0.176713782063527,0.699981006409171,TRUE,0.918806821083892,4160,"SZRD1;SZRD1;SZRD1;SZRD1;SZRD1;SZRD1"
"chr11",31370145,31370145,0.156990404548574,0.846516309174022,31370145,31370145,0.172656505835459,0.739421769226668,TRUE,0.919189892128237,4161,"DCDC1"
"chr19",50059027,50059027,0.159253156681068,0.802096680950479,50059027,50059027,0.168653042555687,0.780389952104721,TRUE,0.919197202333419,4162,"NOSIP"
"chr3",107140105,107140105,-0.157203840659252,0.84215592202111,107140105,107140105,-0.172217398687995,0.743797626372608,TRUE,0.919405701489193,4163,""
"chr16",32895392,32895392,-0.162289618083289,0.746125341947327,32895392,32895392,-0.163170750385892,0.839936175218657,TRUE,0.919547873864859,4164,"SLC6A10P"
"chr2",198300208,198300208,-0.151922726680056,0.955292808229383,198300208,198300208,-0.181302149556436,0.657771735987884,TRUE,0.920324606380807,4165,"SF3B1;SF3B1;SF3B1"
"chr17",55928083,55928083,-0.150164784144304,0.996114912181371,55928083,55928083,-0.18428579102465,0.631600056634888,TRUE,0.920687291052642,4166,"MRPS23"
"chr19",41903737,41903737,-0.157939877133101,0.827709951188695,41903737,41903737,-0.170556575308345,0.760675755267808,TRUE,0.920906138961918,4167,"BCKDHA;BCKDHA;EXOSC5"
"chr11",17744494,17744494,-0.157851531210308,0.829433842504574,17744494,17744494,-0.170645759240934,0.759763295945936,TRUE,0.921162427993056,4168,""
"chr12",59314400,59314400,0.161438424950188,0.761457842886006,59314400,59314400,0.164118866316917,0.8293333753408,TRUE,0.921774712997865,4169,"LRIG3;LRIG3"
"chr14",90527978,90527978,0.159619102615115,0.795210055486355,90527978,90527978,0.167310169403555,0.794585593459107,TRUE,0.921940109017561,4170,"KCNK13"
"chr2",202285765,202285765,0.155807316780764,0.870772219871386,202285765,202285765,0.174007389061082,0.726075726378902,TRUE,0.922116334626233,4171,"TRAK2"
"chr15",85376808,85376808,-0.154123465749362,0.906887519444064,85376808,85376808,-0.176986766317637,0.697400742885505,TRUE,0.922215996339382,4172,"ALPK3"
"chr12",133209336,133209336,-0.161128969549131,0.767188999278856,133209336,133209336,-0.164506915723817,0.82501729612324,TRUE,0.922435792588447,4173,"POLE"
"chr4",39619646,39619646,0.162138636178492,0.748782697316272,39619646,39619646,0.16267835299264,0.845471235424806,TRUE,0.922495255270793,4174,"SMIM14"
"chr1",245836746,245836746,0.165015266807347,0.69953185250523,245836746,245836746,0.157561867996381,0.905053400488134,TRUE,0.922513289163755,4175,"KIF26B"
"chr11",2481206,2481206,0.154307170996272,0.902932403196872,2481206,2481206,0.176548054850576,0.7015526771752,TRUE,0.922669053314907,4176,"KCNQ1;KCNQ1"
"chr16",50058797,50058797,-0.165300628192791,0.694780349128966,50058797,50058797,-0.156988626302114,0.911948389766831,TRUE,0.922737144507041,4177,"CNEP1R1;CNEP1R1;CNEP1R1;CNEP1R1"
"chr10",7276370,7276370,0.164463424793311,0.708775605075422,7276370,7276370,0.158331964884354,0.895851885482332,TRUE,0.923353635823176,4178,"SFMBT2;SFMBT2"
"chr10",22608951,22608951,-0.168749917537158,0.640088891405277,22608951,22608951,-0.150570288766041,0.992549677526274,TRUE,0.923517979251163,4179,"COMMD3;BMI1"
"chr8",93978221,93978221,-0.152750618793687,0.936730059777459,93978221,93978221,-0.178650103498185,0.681864647280522,TRUE,0.92505261231833,4180,"C8orf83"
"chr11",45124456,45124456,0.151591184646562,0.962928141892496,45124456,45124456,0.180465453640678,0.665273640422452,TRUE,0.925896006578987,4181,"PRDM11"
"chr19",17000585,17000585,0.158879074190757,0.809244795546788,17000585,17000585,0.167517802998529,0.792379035978267,TRUE,0.926170880379191,4182,"F2RL3"
"chr9",35161847,35161847,-0.152485384633243,0.942681731221951,35161847,35161847,-0.178713413118071,0.681280026660204,TRUE,0.926615189398149,4183,"UNC13B"
"chr15",69696587,69696587,0.164824319932748,0.702668232124871,69696587,69696587,0.156720965107382,0.915200421859232,TRUE,0.926991909412831,4184,"PAQR5;PAQR5"
"chr1",181003128,181003128,-0.158187592789208,0.82282509580485,181003128,181003128,-0.168490531215356,0.782108661536091,TRUE,0.927193227777262,4185,"MR1"
"chr1",65209468,65209468,0.164438467429614,0.709183855914273,65209468,65209468,0.157148639734635,0.910007298922651,TRUE,0.927994550313733,4186,"RAVER2"
"chr7",117110958,117110958,-0.159334085461167,0.800532216057072,117110958,117110958,-0.1662132797126,0.806362785254447,TRUE,0.928063245510942,4187,""
"chr20",10762181,10762181,-0.158350465969703,0.819610492940538,10762181,10762181,-0.167954481511007,0.787750494897334,TRUE,0.928119776431559,4188,""
"chr12",132478954,132478954,0.160118652761517,0.785771117296128,132478954,132478954,0.164767777172113,0.822144421519964,TRUE,0.928281007654914,4189,"EP400"
"chr14",91110600,91110600,-0.15063487838119,0.985215806757296,91110600,91110600,-0.181443157247804,0.656518429685704,TRUE,0.928627874431621,4190,"LOC101928909;TTC7B"
"chr5",88101160,88101160,0.15470606445994,0.894077531900184,88101160,88101160,0.174274106477607,0.723464145236154,TRUE,0.928636894394583,4191,"MEF2C;MEF2C;MEF2C;MEF2C;MEF2C;MEF2C;MEF2C"
"chr12",114838772,114838772,0.155497502048075,0.877319132958656,114838772,114838772,0.172168532900572,0.744299760970998,TRUE,0.931289396919793,4192,"TBX5;TBX5;TBX5;TBX5"
"chr11",112394375,112394375,-0.154179653622256,0.905632967596207,112394375,112394375,-0.174435195551518,0.721897662743154,TRUE,0.931623872223712,4193,"LOC101928823"
"chr1",85935147,85935147,0.159683891169498,0.79397338323728,85935147,85935147,0.164527073441731,0.824796155384416,TRUE,0.932086998711554,4194,"DDAH1"
"chr1",244583702,244583702,0.159885980939457,0.790173223512864,244583702,244583702,0.164127774984402,0.829229083533677,TRUE,0.932242857941814,4195,"ADSS"
"chr2",65483279,65483279,0.166441356613023,0.676145337298631,65483279,65483279,0.152364857329843,0.969454794464308,TRUE,0.932351761900682,4196,"ACTR2;ACTR2"
"chr7",6071095,6071095,0.159719537082975,0.793293958483572,6071095,6071095,0.164191584386411,0.828517538205051,TRUE,0.933095128068232,4197,"ANKRD61;EIF2AK1;EIF2AK1"
"chr2",65617203,65617203,-0.166314064823282,0.678212665907777,65617203,65617203,-0.152233966370961,0.971117523181617,TRUE,0.933667093709168,4198,"SPRED2"
"chr12",26868704,26868704,0.157164705935608,0.842952309150183,26868704,26868704,0.168513094062618,0.781868158763862,TRUE,0.933856264149731,4199,"ITPR2"
"chr10",62149329,62149329,0.156745638091503,0.851554631114078,62149329,62149329,0.169022528582474,0.776528673893204,TRUE,0.934761129456304,4200,"ANK3;ANK3"
"chr17",59402087,59402087,-0.16231665399615,0.745672392111521,59402087,59402087,-0.159005010678953,0.887886984074182,TRUE,0.935098226581049,4201,"BCAS3;BCAS3"
"chr4",187762379,187762379,0.152599775889666,0.940048960301331,187762379,187762379,0.176211192932655,0.704761436062844,TRUE,0.935278475098612,4202,""
"chr1",213055918,213055918,0.158561136059771,0.815447526357509,213055918,213055918,0.165489388378335,0.814244373524679,TRUE,0.935879331094607,4203,"FLVCR1"
"chr15",43662639,43662639,-0.160537806988672,0.778041170756128,43662639,43662639,-0.161823257847613,0.855186878210855,TRUE,0.936449968243768,4204,"TUBGCP4;ZSCAN29"
"chr12",32418899,32418899,0.163842259209583,0.719369267353641,32418899,32418899,0.155888708814756,0.925373046229844,TRUE,0.936577955684958,4205,"BICD1;BICD1"
"chr10",82247853,82247853,-0.159965220717962,0.788678787048019,82247853,82247853,-0.162611162145791,0.846228084151984,TRUE,0.937274541557234,4206,"TSPAN14;TSPAN14"
"chr15",25123287,25123287,-0.150593893597551,0.986129901245016,25123287,25123287,-0.179197664748926,0.676806306654156,TRUE,0.937281333571668,4207,"SNRPN;SNRPN;SNRPN;SNRPN"
"chr8",118690518,118690518,-0.154915500720866,0.889649351268557,118690518,118690518,-0.171425289503661,0.751819561187898,TRUE,0.937860759541222,4208,""
"chr14",95784478,95784478,0.152956405970078,0.932152882489317,95784478,95784478,0.174848410571181,0.717859682479195,TRUE,0.937981021847728,4209,"CLMN"
"chr14",79080084,79080084,0.163234860168812,0.729700695516393,79080084,79080084,0.156531463134085,0.917506346047435,TRUE,0.938121557888625,4210,"NRXN3;NRXN3"
"chr21",32185756,32185756,0.161028849268171,0.768980684073449,32185756,32185756,0.160443648864544,0.871024983940791,TRUE,0.938240400527191,4211,"KRTAP8-1"
"chr2",187719078,187719078,0.163290143398093,0.728764251530196,187719078,187719078,0.156210200721212,0.921425785551532,TRUE,0.938919873471228,4212,""
"chr8",28747380,28747380,-0.164902883453357,0.701404740477624,28747380,28747380,-0.153241982132472,0.958297150141779,TRUE,0.939179204638917,4213,"HMBOX1;HMBOX1;INTS9;INTS9;INTS9;INTS9;INTS9"
"chr2",25650928,25650928,0.156517418959265,0.856238341011628,25650928,25650928,0.167973350624091,0.78755074638571,TRUE,0.94004052680304,4214,"DTNB;DTNB;DTNB;DTNB;DTNB;DTNB;DTNB;DTNB"
"chr17",68160968,68160968,0.16533794184986,0.694146368355494,68160968,68160968,0.152200321831215,0.97155281176953,TRUE,0.940067597931626,4215,""
"chr4",89858963,89858963,0.162069537483109,0.750032779264433,89858963,89858963,0.158029230131418,0.899465931205154,TRUE,0.940157799527211,4216,"FAM13A"
"chr1",245116811,245116811,0.150755623848635,0.982413924631531,245116811,245116811,0.178059287448385,0.687351396393609,TRUE,0.940407294834785,4217,""
"chr4",73295728,73295728,0.163819774510193,0.71976261852684,73295728,73295728,0.154843231299508,0.93824218151692,TRUE,0.940426166519634,4218,"ADAMTS3"
"chr8",49021981,49021981,0.152279238105934,0.947273063192462,49021981,49021981,0.175330596392567,0.713188469732405,TRUE,0.940533120056325,4219,""
"chr6",56407956,56407956,-0.165633996560705,0.689312171834864,56407956,56407956,-0.151308550969973,0.982976712248528,TRUE,0.941312020970187,4220,"DST;DST;DST;DST;DST"
"chr14",23563154,23563154,0.157893543127381,0.828600206211373,23563154,23563154,0.165155721487907,0.817876089452745,TRUE,0.941356572004406,4221,"ACIN1;ACIN1;ACIN1"
"chr4",78484327,78484327,0.154596768511714,0.896457008504729,78484327,78484327,0.170943828077738,0.7567143584253,TRUE,0.941616754726016,4222,"CXCL13"
"chr11",12214522,12214522,-0.155085416279398,0.886039162281198,12214522,12214522,-0.169909169941092,0.767334377354226,TRUE,0.942207402712409,4223,"MICAL2;MICAL2;MICAL2;MICAL2;MICAL2;MICAL2;MICAL2"
"chr12",122684944,122684944,0.16012094644833,0.785723438366043,122684944,122684944,0.16081735884876,0.866703528469295,TRUE,0.942631294495453,4224,"LRRC43;LRRC43"
"chr13",106118023,106118023,0.157204727551292,0.84213580747248,106118023,106118023,0.165821171754568,0.810624537989926,TRUE,0.943269607086803,4225,"DAOA;DAOA;DAOA;DAOA-AS1"
"chr3",33444388,33444388,0.151194023813846,0.972124215532603,33444388,33444388,0.17628505740469,0.704054966218703,TRUE,0.943944148887648,4226,"UBP1;UBP1;UBP1"
"chr9",84229438,84229438,0.154501465203686,0.898554881428461,84229438,84229438,0.170357764153415,0.762708468005988,TRUE,0.944287280273054,4227,"TLE1;TLE1;TLE1"
"chr14",93076432,93076432,0.164823897922975,0.702678661890827,93076432,93076432,0.151577925202298,0.979506772688901,TRUE,0.945393007852853,4228,"RIN3"
"chr5",180627171,180627171,0.150273948682358,0.9936296479507,180627171,180627171,0.177442283712935,0.693105755125694,TRUE,0.945546761824982,4229,"TRIM7;TRIM7;TRIM7;TRIM7;TRIM7;TRIM7"
"chr14",29858610,29858610,0.165217995108972,0.696154098302034,29858610,29858610,0.150798117359233,0.989588752666227,TRUE,0.945627227812304,4230,""
"chr14",23044096,23044096,0.154118303441403,0.907003736836145,23044096,23044096,0.170546597972853,0.760781250152734,TRUE,0.946045604499548,4231,"DAD1"
"chr1",3605087,3605087,0.16095931985509,0.770233745954741,3605087,3605087,0.158199262847088,0.897435925392032,TRUE,0.946491259705039,4232,"TP73"
"chr2",186995757,186995757,0.164763639943634,0.703667999690087,186995757,186995757,0.151250554287919,0.983728598279764,TRUE,0.946853521573405,4233,""
"chr4",120206463,120206463,-0.155668440687734,0.873728313536644,120206463,120206463,-0.167499971824699,0.792570325349082,TRUE,0.946953817894804,4234,"USP53"
"chr3",156394028,156394028,-0.157162735173244,0.842998498113702,156394028,156394028,-0.164760746152202,0.822223448693206,TRUE,0.947189429111587,4235,"TIPARP;LOC100287227"
"chr16",74734251,74734251,-0.160641364354849,0.776108684121128,74734251,74734251,-0.158440292561214,0.894560795017874,TRUE,0.947607532840205,4236,"MLKL;MLKL"
"chr7",78972726,78972726,0.164229141111043,0.71279031998522,78972726,78972726,0.151992396111317,0.974213418332785,TRUE,0.947656229507667,4237,"MAGI2;MAGI2"
"chr3",99945494,99945494,0.153444347736531,0.921548790445142,99945494,99945494,0.171017489552851,0.755964502587858,TRUE,0.94847252506169,4238,""
"chr7",36429182,36429182,-0.157549294137121,0.835282706256072,36429182,36429182,-0.163628653671242,0.834795649339815,TRUE,0.948700752189486,4239,"ANLN;KIAA0895"
"chr2",179544947,179544947,0.157383180000101,0.838597881863531,179544947,179544947,0.163771745147058,0.83319611980339,TRUE,0.949213491498258,4240,"TTN;TTN;TTN;TTN"
"chr2",19263192,19263192,0.156484535339548,0.856869341851969,19263192,19263192,0.165131853263905,0.818143774264105,TRUE,0.950043453621807,4241,""
"chr8",95907155,95907155,-0.163447845267215,0.726061452181013,95907155,95907155,-0.152510549588772,0.967589347137047,TRUE,0.950570044000122,4242,"CCNE2"
"chr9",36488008,36488008,-0.158993656967547,0.807047839846474,36488008,36488008,-0.160290608021041,0.872805802263786,TRUE,0.95122664225381,4243,""
"chr4",56913347,56913347,0.163386956771045,0.727061964729511,56913347,56913347,0.15236371216313,0.969469494571224,TRUE,0.951390606079503,4244,""
"chr7",65730729,65730729,0.157920149808441,0.828088402696244,65730729,65730729,0.162078637411387,0.852265955687787,TRUE,0.951700331541785,4245,"TPST1"
"chr21",32086966,32086966,0.161395385437579,0.762266894730882,32086966,32086966,0.155775314451879,0.926762300323861,TRUE,0.951939990566607,4246,""
"chr11",66112445,66112445,0.160569968274571,0.777473493494806,66112445,66112445,0.156921439589688,0.912756632473942,TRUE,0.953046133637584,4247,"BRMS1;BRMS1;BRMS1;BRMS1"
"chr12",123753186,123753186,-0.161002411539674,0.769459708324145,123753186,123753186,-0.156135401608203,0.922336289871972,TRUE,0.953065518932227,4248,"CDK2AP1"
"chr12",5815452,5815452,0.163254740165967,0.729373647855342,5815452,5815452,0.151655445650105,0.97851479744343,TRUE,0.954426689955743,4249,"ANO2;ANO2"
"chr1",151042953,151042953,-0.157420754649665,0.837852153597673,151042953,151042953,-0.162027417179676,0.852851065058462,TRUE,0.954716305420073,4250,"GABPB2"
"chr6",14596742,14596742,0.152841658727735,0.934679120800529,14596742,14596742,0.17009266428202,0.765437499619339,TRUE,0.955009959784982,4251,""
"chr15",29285727,29285727,0.159111250356083,0.804805440165923,29285727,29285727,0.158792804298941,0.890389235521504,TRUE,0.95539467503301,4252,"APBA2;APBA2"
"chr11",93063888,93063888,0.159409761173543,0.799169641633242,93063888,93063888,0.158214460517437,0.897258133050329,TRUE,0.95555160137814,4253,"CCDC67;CCDC67"
"chr3",104078476,104078476,0.163488013601404,0.725393947159826,104078476,104078476,0.150616853043266,0.991943852659663,TRUE,0.956374982669159,4254,""
"chr5",83477227,83477227,-0.151330963500962,0.968905887751879,83477227,83477227,-0.172315525564332,0.742823208543837,TRUE,0.956432793712336,4255,"EDIL3;EDIL3"
"chr7",128379115,128379115,-0.160177509601532,0.784667797054634,128379115,128379115,-0.156498536650509,0.917910768170441,TRUE,0.956606658284869,4256,"CALU;CALU"
"chr21",33606144,33606144,0.153980448120988,0.910008999398053,33606144,33606144,0.167548089836174,0.792052249969792,TRUE,0.956776995658969,4257,""
"chr9",128524817,128524817,0.159394957361131,0.79942964079886,128524817,128524817,0.157756178039801,0.902718301663187,TRUE,0.957066257033119,4258,"PBX3;PBX3;PBX3;PBX3"
"chr12",110035743,110035743,-0.157367092653272,0.838912264808778,110035743,110035743,-0.161269782328797,0.861517285633905,TRUE,0.957416983719153,4259,""
"chr5",131786388,131786388,0.1573729462294,0.838796047416696,131786388,131786388,0.160930394620971,0.8654048435762,TRUE,0.958436405637963,4260,"C5orf56"
"chr17",79919578,79919578,0.15437586854022,0.901467021080047,79919578,79919578,0.165858814554298,0.810210002494131,TRUE,0.959857580050683,4261,"NOTUM"
"chr8",94766468,94766468,0.152907470017653,0.933210758750574,94766468,94766468,0.168392999358562,0.783142105369614,TRUE,0.960001663570715,4262,"TMEM67;TMEM67;TMEM67"
"chr16",85688175,85688175,0.160925865341879,0.770879646460733,85688175,85688175,0.153888701893674,0.950154042833931,TRUE,0.960507152250072,4263,"KIAA0182;KIAA0182"
"chr3",88229941,88229941,0.16260482578783,0.740602035890315,88229941,88229941,0.150825634422912,0.989236025292605,TRUE,0.960561867742605,4264,""
"chr9",35492537,35492537,0.155828054877775,0.870334169701232,35492537,35492537,0.162956385879896,0.842333871685586,TRUE,0.960711584460637,4265,"RUSC2;RUSC2"
"chr4",124317983,124317983,-0.153384774158489,0.922816007008803,124317983,124317983,-0.167192403439549,0.795843787264865,TRUE,0.961115704165052,4266,"SPRY1;SPRY1"
"chr6",143592425,143592425,0.156621638322102,0.854092044174529,143592425,143592425,0.161402703709403,0.859989264034448,TRUE,0.961144282666454,4267,"AIG1"
"chr16",58019893,58019893,0.160770245018886,0.773788061195907,58019893,58019893,0.153868643103962,0.950408193019998,TRUE,0.96142281851772,4268,"TEPP;TEPP"
"chr2",234545005,234545005,0.150335342952648,0.992132976536007,234545005,234545005,0.172444374745282,0.741529147981051,TRUE,0.961509124413663,4269,"UGT1A10;UGT1A8"
"chr1",2482908,2482908,-0.153744850011771,0.915014542073676,2482908,2482908,-0.166107563731024,0.807500220125642,TRUE,0.962478001627627,4270,"LOC115110"
"chr9",32645756,32645756,0.153955645365074,0.910545387361508,32645756,32645756,0.16570193314452,0.811920779131232,TRUE,0.962603860916565,4271,""
"chr12",81331012,81331012,0.155308690874844,0.881289893854782,81331012,81331012,0.163224800713252,0.83933234294966,TRUE,0.962725902340597,4272,"MIR618;LIN7A"
"chr10",99257444,99257444,-0.156534617604556,0.855867339336905,99257444,99257444,-0.160921854161833,0.865501728935593,TRUE,0.963044616535797,4273,"UBTD1;MMS19"
"chr12",115044403,115044403,0.157799947372807,0.830423925287117,115044403,115044403,0.158514589585054,0.893683676106491,TRUE,0.963457940671391,4274,""
"chr1",64402207,64402207,0.151583317062192,0.963098743064206,64402207,64402207,0.169428444141807,0.772315758597326,TRUE,0.963957063019119,4275,"ROR1;ROR1"
"chr7",4901628,4901628,0.152412399138288,0.944313244610791,4901628,4901628,0.167957750352614,0.787714214582311,TRUE,0.96396671935085,4276,"PAPOLB;RADIL"
"chr6",166755721,166755721,-0.158079387756463,0.824908814046213,166755721,166755721,-0.157516658085289,0.905590311554292,TRUE,0.964901083940675,4277,"SFT2D1"
"chr17",48074191,48074191,0.158716056603396,0.81239011496582,48074191,48074191,0.156205614022062,0.921479773667981,TRUE,0.965357798667986,4278,""
"chr16",8807308,8807308,0.158358169283617,0.819461496284023,8807308,8807308,0.15677139958116,0.914582077464225,TRUE,0.965607395217874,4279,"ABAT;ABAT;ABAT"
"chr2",73517755,73517755,0.157624552481616,0.833846378487267,73517755,73517755,0.158049758203989,0.899222119968964,TRUE,0.965707765628485,4280,""
"chr20",49526606,49526606,0.150790408777777,0.98160338282009,49526606,49526606,0.170150402704187,0.764836336679218,TRUE,0.965981509247024,4281,"ADNP;ADNP;ADNP;ADNP"
"chr10",65389292,65389292,-0.160402035361307,0.78053835471932,65389292,65389292,-0.152939561648295,0.962116884572881,TRUE,0.966039729831119,4282,""
"chr4",6262323,6262323,-0.161636209802838,0.757834989182843,6262323,6262323,-0.150556444547416,0.992739049491839,TRUE,0.966428917284809,4283,""
"chr2",101730305,101730305,0.160376034615945,0.781012164087038,101730305,101730305,0.152402467791025,0.968969578147535,TRUE,0.967680656636411,4284,"TBC1D8"
"chr19",55034805,55034805,-0.158165899809235,0.823259421058591,55034805,55034805,-0.156281726026362,0.920550358468311,TRUE,0.967979406177897,4285,""
"chr2",223517425,223517425,0.16082151280646,0.772810643129168,223517425,223517425,0.15135612731086,0.982366789398148,TRUE,0.968347489130245,4286,"FARSB"
"chr7",155299687,155299687,-0.15793405285283,0.827823933630929,155299687,155299687,-0.156453467038474,0.918464785499123,TRUE,0.968661709312354,4287,"CNPY1"
"chr19",18208438,18208438,-0.15259363812684,0.940188272175172,18208438,18208438,-0.16557007344953,0.813358607491581,TRUE,0.969850095576656,4288,"MAST3;IL12RB1"
"chr1",201158860,201158860,0.160938098816493,0.770633801977484,201158860,201158860,0.150532598192387,0.993043578560943,TRUE,0.970000844142685,4289,"IGFN1"
"chr22",24852178,24852178,0.153556155872724,0.919148454308685,24852178,24852178,0.163729829709157,0.833670997170286,TRUE,0.970266238910918,4290,"ADORA2A-AS1;ADORA2A-AS1"
"chr3",30301024,30301024,0.158864158415276,0.809541298893253,30301024,30301024,0.154121758299292,0.947228307999648,TRUE,0.970413268324125,4291,""
"chr9",107509795,107509795,-0.155404315513844,0.879209900529832,107509795,107509795,-0.160169980279039,0.874220208203141,TRUE,0.970889753509409,4292,"NIPSNAP3A"
"chr9",100000026,100000026,-0.154513041993261,0.898276257680778,100000026,100000026,-0.161678420442599,0.85683167354965,TRUE,0.971164952850139,4293,"KIAA1529"
"chr1",240565751,240565751,0.152132064046362,0.950585258866791,240565751,240565751,0.165888153731361,0.809894232166796,TRUE,0.97121780014537,4294,"FMN2;FMN2"
"chr3",40271748,40271748,-0.150910665471375,0.978724767416219,40271748,40271748,-0.168006185660312,0.787203771227838,TRUE,0.971369870841281,4295,"MYRIP;MYRIP;MYRIP;MYRIP;MYRIP;MYRIP;EIF1B-AS1"
"chr5",59747372,59747372,0.156087048433626,0.86495837033417,59747372,59747372,0.158644151086097,0.892153586717059,TRUE,0.971687018510651,4296,"PDE4D"
"chr8",103209781,103209781,-0.158050471197222,0.82550405568899,103209781,103209781,-0.155045212942032,0.935754442195608,TRUE,0.971892246295911,4297,""
"chr16",50778876,50778876,-0.159052841690147,0.805939304722002,50778876,50778876,-0.153185518255716,0.959009033836037,TRUE,0.972004163864626,4298,"CYLD;CYLD;CYLD"
"chr4",81124717,81124717,-0.158617606823339,0.814310681868299,81124717,81124717,-0.153942739003005,0.949479416955412,TRUE,0.972073195157232,4299,"PRDM8;PRDM8"
"chr14",75447888,75447888,0.15882893668908,0.810207313947875,75447888,75447888,0.153195194287111,0.958886470284768,TRUE,0.973022661723712,4300,""
"chr4",16207836,16207836,0.153186204421388,0.92710264081674,16207836,16207836,0.163319195309123,0.838274987944784,TRUE,0.973090806850402,4301,"TAPT1"
"chr15",60291880,60291880,0.156454620360019,0.857477993193833,60291880,60291880,0.157290463421362,0.908303815944736,TRUE,0.97351341480905,4302,""
"chr19",8517024,8517024,-0.158222336926787,0.822126301485795,8517024,8517024,-0.154045959889295,0.948178175521983,TRUE,0.9736810031764,4303,"HNRNPM;HNRNPM;HNRNPM"
"chr1",65086941,65086941,0.154778686230272,0.892562235903426,65086941,65086941,0.160153113524319,0.874417888924789,TRUE,0.973917086918493,4304,"CACHD1"
"chr16",64807168,64807168,0.156244434212167,0.861730357770772,64807168,64807168,0.157369775126326,0.907344286203788,TRUE,0.974266208719159,4305,""
"chr11",66205994,66205994,-0.158649433098727,0.813713205275674,66205994,66205994,-0.153002589139961,0.961324281877219,TRUE,0.974353756067336,4306,"MRPL11;MRPL11;MRPL11"
"chr18",51993345,51993345,0.155259704872904,0.882335850383517,51993345,51993345,0.159060294860885,0.887235517443387,TRUE,0.974500254241073,4307,""
"chr3",114477829,114477829,0.155013329802092,0.887551478344826,114477829,114477829,0.159318735863233,0.884177594435404,TRUE,0.974966376770116,4308,"ZBTB20;ZBTB20;ZBTB20;ZBTB20;ZBTB20;ZBTB20;ZBTB20"
"chr7",117571560,117571560,0.156877083487648,0.848819797483744,117571560,117571560,0.155940124150834,0.924746468271116,TRUE,0.975012402010213,4309,""
"chr1",214387743,214387743,-0.159945689452347,0.78903786899022,214387743,214387743,-0.150316496631886,0.995861863508868,TRUE,0.975212849512054,4310,""
"chr21",31125799,31125799,0.154462480701256,0.899451841300681,31125799,31125799,0.160162740886417,0.874306792208838,TRUE,0.975363072130972,4311,"GRIK1-AS1;GRIK1;GRIK1"
"chr8",121432283,121432283,0.150249747562588,0.994174975713545,121432283,121432283,0.167612617170682,0.791369277739008,TRUE,0.975450137841506,4312,"MRPL13"
"chr8",59555794,59555794,0.156849314189179,0.849394924577892,59555794,59555794,0.155787336626219,0.926614321753985,TRUE,0.97552250202823,4313,"NSMAF;NSMAF"
"chr3",153964763,153964763,0.158373344669302,0.819159033071298,153964763,153964763,0.153031457474393,0.960959448533196,TRUE,0.975550535352705,4314,"SGEF"
"chr8",14122001,14122001,-0.152489107326805,0.942610212826824,14122001,14122001,-0.163556410962946,0.835606786952892,TRUE,0.975663553245269,4315,"SGCZ"
"chr6",8551990,8551990,0.153269922536316,0.925302016222756,8551990,8551990,0.161920864054535,0.854077076532967,TRUE,0.976286417458475,4316,""
"chr6",53214303,53214303,-0.151719850755795,0.959948208762195,53214303,53214303,-0.164620681708848,0.823768200593373,TRUE,0.976402903341157,4317,"ELOVL5;ELOVL5;ELOVL5;ELOVL5;ELOVL5"
"chr1",2838805,2838805,-0.156201663631969,0.862622847743297,2838805,2838805,-0.156512012438597,0.917744329875512,TRUE,0.976611888166188,4318,""
"chr15",20486561,20486561,0.159403806411906,0.799270214376389,20486561,20486561,0.150704415628448,0.990804500383218,TRUE,0.976671021664437,4319,"CHEK2P2"
"chr13",66437506,66437506,-0.151366421508382,0.968039472194244,66437506,66437506,-0.165006419154921,0.819521260753354,TRUE,0.976998342380421,4320,""
"chr6",74231656,74231656,-0.153148389547662,0.927910202695052,74231656,74231656,-0.161745784273078,0.856071629147056,TRUE,0.97723583076027,4321,"EEF1A1"
"chr3",171114259,171114259,0.15887032711965,0.809414651735215,171114259,171114259,0.151219474138287,0.984130689439526,TRUE,0.977742049418916,4322,"TNIK;TNIK;TNIK;TNIK;TNIK;TNIK;TNIK;TNIK;TNIK"
"chr8",99048265,99048265,0.157031108873728,0.845613389435541,99048265,99048265,0.154139484963634,0.947006603318104,TRUE,0.978693281165413,4323,"MATN2;MATN2"
"chr4",6760562,6760562,0.15680839445265,0.850211426255595,6760562,6760562,0.15454352350214,0.941978151655928,TRUE,0.978710854075894,4324,""
"chr7",105518278,105518278,0.154388743306973,0.901130288636323,105518278,105518278,0.158647361888972,0.892116140920413,TRUE,0.979378420441861,4325,"ATXN7L1;ATXN7L1"
"chr1",39587760,39587760,0.157444041712142,0.83739398887889,39587760,39587760,0.152888135712643,0.962775795247587,TRUE,0.979879249841921,4326,"MACF1"
"chr7",134576255,134576255,-0.153189639388247,0.927023672588787,134576255,134576255,-0.160305663116478,0.872629476173157,TRUE,0.980461711941896,4327,"CALD1;CALD1;CALD1;CALD1;CALD1;CALD1;CALD1"
"chr5",120480501,120480501,0.155043400774659,0.88694208201968,120480501,120480501,0.156926144398298,0.912697493680646,TRUE,0.980580594788444,4328,""
"chr11",20419234,20419234,0.151573910297534,0.963326707948674,20419234,20419234,0.162825326998111,0.843803769588644,TRUE,0.98128138651181,4329,"PRMT3;PRMT3;PRMT3"
"chr8",12651554,12651554,0.15308730819023,0.929249682637122,12651554,12651554,0.160016061837069,0.876012530957636,TRUE,0.98152413086582,4330,"LINC00681;LOC340357"
"chr21",41238156,41238156,0.158029415168151,0.825921991310515,41238156,41238156,0.15107988491724,0.985943050958691,TRUE,0.98158121724516,4331,"PCP4"
"chr4",124365262,124365262,-0.153197875901112,0.926846366567534,124365262,124365262,-0.159604978421558,0.880815593512493,TRUE,0.982003523681551,4332,""
"chr10",114715786,114715786,-0.151149706773639,0.9731761319276,114715786,114715786,-0.163252575509832,0.839019730701561,TRUE,0.982030544545146,4333,"TCF7L2;TCF7L2;TCF7L2;TCF7L2;TCF7L2;TCF7L2;TCF7L2;TCF7L2;TCF7L2;TCF7L2;TCF7L2;TCF7L2;TCF7L2"
"chr10",96991431,96991431,0.156496259006165,0.856641376967501,96991431,96991431,0.153522702293582,0.954750176006523,TRUE,0.982306010442513,4334,""
"chr2",101437415,101437415,0.156411663226717,0.858363778316815,101437415,101437415,0.153225127480467,0.958507387988005,TRUE,0.983270517999133,4335,"NPAS2"
"chr15",67228949,67228949,0.156068650201919,0.865353956457217,67228949,67228949,0.153704209910049,0.952464967314256,TRUE,0.983556262575966,4336,""
"chr7",155708770,155708770,0.157271400298766,0.840809737229497,155708770,155708770,0.151444299171808,0.981227587506428,TRUE,0.983711756917525,4337,""
"chr16",88760471,88760471,-0.154985876675555,0.888119155606148,88760471,88760471,-0.15549946059006,0.930165356276829,TRUE,0.983917242534292,4338,""
"chr5",83552385,83552385,0.151451896032391,0.966059306629159,83552385,83552385,0.161587852361335,0.85786914017458,TRUE,0.984420159528159,4339,"EDIL3;EDIL3"
"chr1",209942726,209942726,-0.154247227401167,0.904163860562969,209942726,209942726,-0.15660449432391,0.91661328635515,TRUE,0.984423191176665,4340,"TRAF3IP3;TRAF3IP3;TRAF3IP3"
"chr2",180725907,180725907,-0.15010427870323,0.997544535100632,180725907,180725907,-0.163925235352007,0.831475154601137,TRUE,0.984547800175984,4341,"ZNF385B;MIR1258;ZNF385B"
"chr10",11213396,11213396,-0.150267727080508,0.993759275041868,11213396,11213396,-0.163508086339802,0.836151066870598,TRUE,0.98482684861284,4342,"CELF2;CELF2;CELF2;CELF2"
"chr11",76571458,76571458,0.153749503337749,0.914921419163354,76571458,76571458,0.157192217639915,0.909485275944316,TRUE,0.985043577023205,4343,"ACER3"
"chr8",27348001,27348001,0.150469902758345,0.989015966481712,27348001,27348001,0.162986403470887,0.842000092787376,TRUE,0.98516168657612,4344,"EPHX2"
"chr6",151108748,151108748,0.154735304098306,0.893485270190537,151108748,151108748,0.155250169140536,0.933218993320136,TRUE,0.985356083651423,4345,"PLEKHG1"
"chr6",139890518,139890518,0.156618472218353,0.854147172937439,139890518,139890518,0.151814138876959,0.976472196909549,TRUE,0.985398495070889,4346,""
"chr1",89578854,89578854,0.150527781355601,0.987694366138424,89578854,89578854,0.162753605094909,0.844612914604109,TRUE,0.985429045287248,4347,"GBP2"
"chr3",14596904,14596904,0.154096952944368,0.90747084135432,14596904,14596904,0.156382175721154,0.919334159597143,TRUE,0.985438020836645,4348,""
"chr8",669477,669477,0.15678110656227,0.850790278266156,669477,669477,0.151441505689663,0.981263040705461,TRUE,0.985542935198536,4349,"ERICH1"
"chr11",47400156,47400156,-0.153316260899487,0.924330558022278,47400156,47400156,-0.157288048073922,0.908334381640191,TRUE,0.986387222908023,4350,"SPI1;SPI1"
"chr7",81739279,81739279,0.150054003147048,0.99868659447282,81739279,81739279,0.163030533791235,0.841508409927407,TRUE,0.986527042193551,4351,"CACNA2D1;CACNA2D1"
"chr8",19458710,19458710,0.157181459568014,0.842615576706459,19458710,19458710,0.1500496661426,0.999344435385436,TRUE,0.986814037270175,4352,"CSGALNACT1;CSGALNACT1;CSGALNACT1"
"chr2",163163925,163163925,0.154149835502028,0.906334741848393,163163925,163163925,0.155445442190986,0.930824981278982,TRUE,0.987083449451262,4353,"IFIH1"
"chr1",198176505,198176505,0.155304476703885,0.881375566932278,198176505,198176505,0.153221655144105,0.958552841771282,TRUE,0.987287650678889,4354,"NEK7"
"chr6",31465369,31465369,-0.151741267517603,0.959458009762261,31465369,31465369,-0.159312316046747,0.884256057665925,TRUE,0.987880630957559,4355,"MICB"
"chr5",76369058,76369058,0.153976687506195,0.910080517793181,76369058,76369058,0.15528946059586,0.932738363737491,TRUE,0.987956202815029,4356,""
"chr2",110379643,110379643,0.150915419227088,0.978615254873681,110379643,110379643,0.160645701167596,0.868685862324438,TRUE,0.988158836063627,4357,""
"chr12",93485243,93485243,0.152446753929043,0.943532502130652,93485243,93485243,0.157203396338051,0.909352824597347,TRUE,0.989404316317992,4358,"LOC643339"
"chr7",90095724,90095724,0.151325103366383,0.969058609324807,90095724,90095724,0.159035045113118,0.887534444681467,TRUE,0.989718676270432,4359,""
"chr1",193155783,193155783,-0.156150708492534,0.863626340224925,193155783,193155783,-0.150290429438048,0.996202936066265,TRUE,0.989759965128275,4360,"B3GALT2;CDC73"
"chr8",59918888,59918888,-0.150796211203228,0.98146481592953,59918888,59918888,-0.159828165775931,0.878204162754471,TRUE,0.989996087346664,4361,"TOX"
"chr8",9911636,9911636,-0.151369739214324,0.967959013999726,9911636,9911636,-0.15876454829204,0.890723615958616,TRUE,0.990034304573256,4362,"MSRA;MSRA"
"chr2",242753187,242753187,0.155403865003724,0.879223310228918,242753187,242753187,0.151306923800312,0.982998856399355,TRUE,0.990341919392477,4363,"NEU4;NEU4;NEU4;NEU4;NEU4"
"chr16",46863953,46863953,-0.154137451167254,0.906576116431947,46863953,46863953,-0.153539611505647,0.954536140945979,TRUE,0.990499379137814,4364,"C16orf87"
"chr18",57447294,57447294,0.155863004102239,0.869595146284917,57447294,57447294,0.150316531117376,0.995861525143236,TRUE,0.990591215452738,4365,""
"chr11",133229387,133229387,0.153256847400241,0.92556648528807,133229387,133229387,0.154956481213119,0.936847212803334,TRUE,0.99075135064097,4366,"OPCML"
"chr2",169316491,169316491,0.151167792166357,0.972738081757445,169316491,169316491,0.158600155461935,0.892673429116874,TRUE,0.990924877327494,4367,"LASS6"
"chr4",188462685,188462685,0.155583899054917,0.875498393816043,188462685,188462685,0.150263194630996,0.996549948820318,TRUE,0.991499547883397,4368,""
"chr6",34286233,34286233,0.150976353077086,0.977139442990899,34286233,34286233,0.158546239699755,0.893308766985861,TRUE,0.99155529476418,4369,"NUDT3;RPS10-NUDT3"
"chr1",42655586,42655586,0.153262097833741,0.925464422578357,42655586,42655586,0.154410741272778,0.943626518631953,TRUE,0.991610333319421,4370,"FOXJ3;FOXJ3;FOXJ3;FOXJ3"
"chr9",32455910,32455910,0.152515224347081,0.942020186067025,32455910,32455910,0.155751928907807,0.927054197076025,TRUE,0.991611823040696,4371,"DDX58"
"chr2",107679531,107679531,0.154397642850175,0.900913498501094,107679531,107679531,0.152290526512751,0.970394698998581,TRUE,0.991738380756585,4372,""
"chr7",94897259,94897259,0.151740386904633,0.959476634344325,94897259,94897259,0.155698066353988,0.927717318523045,TRUE,0.993729432150243,4373,"PPP1R9A;PPP1R9A;PPP1R9A;PPP1R9A;PPP1R9A"
"chr2",220114289,220114289,-0.152787842142356,0.935912068133191,220114289,220114289,-0.153808623888579,0.951165417708989,TRUE,0.993739217369422,4374,"STK16;STK16"
"chr5",45696206,45696206,-0.152391668170434,0.94477289929614,45696206,45696206,-0.154141196326974,0.94698483512909,TRUE,0.994248815642672,4375,"HCN1;HCN1"
"chr3",18003913,18003913,0.152435110524671,0.943784306480163,18003913,18003913,0.153735052423047,0.952081862226086,TRUE,0.994671583783368,4376,"LOC339862"
"chr3",63739116,63739116,-0.150640631820054,0.985077239866737,63739116,63739116,-0.156368963493587,0.919495710388494,TRUE,0.995414362822142,4377,""
"chr4",90472258,90472258,0.15262163257979,0.939562486217809,90472258,90472258,0.152765060327835,0.96434923303414,TRUE,0.995443220137776,4378,""
"chr15",63510942,63510942,0.153687420399545,0.916311557968639,63510942,63510942,0.150813931759831,0.989387086749354,TRUE,0.995494410271994,4379,"RAB8B"
"chr19",19174731,19174731,-0.153244752606953,0.925827229436971,19174731,19174731,-0.151552692799559,0.979831979657759,TRUE,0.995549964906431,4380,"SLC25A42"
"chr19",18344740,18344740,0.151975637780115,0.954139574107957,18344740,18344740,0.153707869032199,0.952418310453175,TRUE,0.995703014258192,4381,"PDE4C"
"chr17",16042481,16042481,0.153669313756715,0.916712358974665,16042481,16042481,0.150196560096251,0.997422556189937,TRUE,0.996222552108108,4382,"NCOR1;NCOR1;NCOR1;NCOR1;NCOR1;NCOR1"
"chr6",106763756,106763756,0.153265282299669,0.925410783782012,106763756,106763756,0.1507881484944,0.989714925450908,TRUE,0.996359439321729,4383,"ATG5;ATG5;ATG5;ATG5;ATG5;ATG5;ATG5"
"chr1",205198673,205198673,-0.151789994686737,0.95831222547366,205198673,205198673,-0.153278012712603,0.957839717403039,TRUE,0.996534395028084,4384,"TMCC2;TMCC2"
"chr16",53534040,53534040,0.150887011292407,0.979286484811281,53534040,53534040,0.154007703141374,0.948662564722766,TRUE,0.997418551032995,4385,"AKTIP;AKTIP"
"chr11",88236826,88236826,0.152691689697515,0.938051660120747,88236826,88236826,0.150536851630759,0.992988988905593,TRUE,0.997596614872032,4386,"GRM5-AS1"
"chr22",29707782,29707782,-0.152220485344351,0.948612543134532,29707782,29707782,-0.151341343674369,0.982556574921708,TRUE,0.997638346482852,4387,"GAS2L1;GAS2L1;GAS2L1"
"chr11",92958696,92958696,0.151265197626849,0.970459177896048,92958696,92958696,0.151595079016625,0.979285105603538,TRUE,0.998746834512344,4388,""
"chr14",61870472,61870472,-0.150313921799482,0.992648504967549,61870472,61870472,-0.153005083889648,0.961291347622339,TRUE,0.99893593544727,4389,"PRKCH"
"chr19",47396080,47396080,0.151075205913292,0.974904493143174,47396080,47396080,0.151018999098898,0.986727269705907,TRUE,0.999267314409384,4390,""
"chr6",32793355,32793355,0.150630430432556,0.985305204751205,32793355,32793355,0.1515419762905,0.979969055335037,TRUE,0.999400316931193,4391,"TAP2;TAP2"
"chr3",15482580,15482580,-0.151054573736803,0.975385007360435,15482580,15482580,-0.150639022618856,0.991660114278857,TRUE,0.999457780135732,4392,"EAF1"
