"a","b","ind_a","ind_b","stim_a","stim_b","same_label","r"
"GSM5695305_204273120005_R02C01","GSM5695306_204088100082_R07C01","SFA_1","SFA_1","S","U",TRUE,0.992919776970805
"GSM5695305_204273120005_R02C01","GSM5695307_204088100053_R08C01","SFA_1","SFA_2","S","S",FALSE,0.212955419423141
"GSM5695305_204273120005_R02C01","GSM5695308_204088100082_R05C01","SFA_1","SFA_2","S","U",FALSE,0.215915447084108
"GSM5695305_204273120005_R02C01","GSM5695309_204088100071_R03C01","SFA_1","MFA_1","S","S",FALSE,0.286666608890606
"GSM5695305_204273120005_R02C01","GSM5695310_204281260061_R01C01","SFA_1","MFA_1","S","U",FALSE,0.277757509905954
"GSM5695305_204273120005_R02C01","GSM5695311_204281260060_R02C01","SFA_1","MFA_2","S","S",FALSE,0.329196057347789
"GSM5695305_204273120005_R02C01","GSM5695312_204273120074_R06C01","SFA_1","MFA_2","S","U",FALSE,0.305141993823919
"GSM5695305_204273120005_R02C01","GSM5695313_204273120005_R04C01","SFA_1","SFA_3","S","S",FALSE,0.213190655581867
"GSM5695305_204273120005_R02C01","GSM5695314_204273120073_R02C01","SFA_1","SFA_3","S","U",FALSE,0.210762500592141
"GSM5695305_204273120005_R02C01","GSM5695315_204273120005_R03C01","SFA_1","MFA_3","S","S",FALSE,0.06686275634036
"GSM5695305_204273120005_R02C01","GSM5695316_204281260061_R07C01","SFA_1","MFA_3","S","U",FALSE,0.0608685926975115
"GSM5695305_204273120005_R02C01","GSM5695317_204273120073_R07C01","SFA_1","SFA_4","S","S",FALSE,0.158451561057365
"GSM5695305_204273120005_R02C01","GSM5695318_204088100071_R04C01","SFA_1","SFA_4","S","U",FALSE,0.15658077949864
"GSM5695305_204273120005_R02C01","GSM5695319_204088100082_R01C01","SFA_1","SFA_4","S","S",FALSE,0.315807105866853
"GSM5695305_204273120005_R02C01","GSM5695320_204281260063_R01C01","SFA_1","SFA_1","S","U",TRUE,0.32612085997414
"GSM5695305_204273120005_R02C01","GSM5695321_204273120073_R04C01","SFA_1","MFA_4","S","S",FALSE,0.221361984723986
"GSM5695305_204273120005_R02C01","GSM5695322_204088100053_R06C01","SFA_1","MFA_4","S","U",FALSE,0.202237455639298
"GSM5695305_204273120005_R02C01","GSM5695323_204273120066_R02C01","SFA_1","MFA_5","S","S",FALSE,0.244704054234493
"GSM5695305_204273120005_R02C01","GSM5695324_204273120074_R08C01","SFA_1","MFA_5","S","U",FALSE,0.247197978071664
"GSM5695305_204273120005_R02C01","GSM5695325_204273120068_R02C01","SFA_1","NA_1","S","S",FALSE,0.230172549221619
"GSM5695305_204273120005_R02C01","GSM5695326_204281260060_R01C01","SFA_1","NA_1","S","U",FALSE,0.219758595411781
"GSM5695305_204273120005_R02C01","GSM5695327_204281260060_R07C01","SFA_1","NA_2","S","S",FALSE,0.27697399901864
"GSM5695305_204273120005_R02C01","GSM5695328_204281260061_R05C01","SFA_1","NA_2","S","U",FALSE,0.25218644195462
"GSM5695305_204273120005_R02C01","GSM5695329_204088100082_R02C01","SFA_1","MFA_6","S","S",FALSE,0.238763212870949
"GSM5695305_204273120005_R02C01","GSM5695330_204281260061_R04C01","SFA_1","MFA_6","S","U",FALSE,0.24480890145942
"GSM5695305_204273120005_R02C01","GSM5695331_204281260060_R06C01","SFA_1","MFA_7","S","S",FALSE,0.165353615419879
"GSM5695305_204273120005_R02C01","GSM5695332_204273120066_R08C01","SFA_1","MFA_7","S","U",FALSE,0.145620266208737
"GSM5695305_204273120005_R02C01","GSM5695333_204088100053_R02C01","SFA_1","NA_3","S","S",FALSE,0.0524612195649054
"GSM5695305_204273120005_R02C01","GSM5695334_204281260063_R08C01","SFA_1","NA_3","S","U",FALSE,0.0528957447508339
"GSM5695305_204273120005_R02C01","GSM5695335_204088100053_R05C01","SFA_1","NA_4","S","S",FALSE,0.301168366338988
"GSM5695305_204273120005_R02C01","GSM5695336_204273120005_R07C01","SFA_1","NA_4","S","U",FALSE,0.29569145466115
"GSM5695305_204273120005_R02C01","GSM5695337_204088100082_R04C01","SFA_1","NA_5","S","S",FALSE,0.278618566772566
"GSM5695305_204273120005_R02C01","GSM5695338_204088100071_R01C01","SFA_1","NA_5","S","U",FALSE,0.276696151644601
"GSM5695305_204273120005_R02C01","GSM5695339_204281260043_R04C01","SFA_1","MFA_8","S","S",FALSE,0.206014641064231
"GSM5695305_204273120005_R02C01","GSM5695340_204273120074_R05C01","SFA_1","MFA_8","S","U",FALSE,0.221935524985564
"GSM5695305_204273120005_R02C01","GSM5695341_204281260060_R05C01","SFA_1","NA_6","S","S",FALSE,0.306093509597035
"GSM5695305_204273120005_R02C01","GSM5695342_204281260063_R02C01","SFA_1","SFA_5","S","S",FALSE,0.225628714232801
"GSM5695305_204273120005_R02C01","GSM5695343_204273120068_R04C01","SFA_1","SFA_1","S","U",TRUE,0.256497804806016
"GSM5695305_204273120005_R02C01","GSM5695344_204088100053_R01C01","SFA_1","MFA_9","S","S",FALSE,0.0934117552673546
"GSM5695305_204273120005_R02C01","GSM5695345_204088100053_R03C01","SFA_1","MFA_9","S","U",FALSE,0.0808690338623371
"GSM5695305_204273120005_R02C01","GSM5695346_204273120074_R07C01","SFA_1","MFA_10","S","S",FALSE,0.346606387632445
"GSM5695305_204273120005_R02C01","GSM5695347_204281260061_R08C01","SFA_1","MFA_10","S","U",FALSE,0.354097442225473
"GSM5695305_204273120005_R02C01","GSM5695348_204281260061_R02C01","SFA_1","NA_7","S","S",FALSE,0.329205793711178
"GSM5695305_204273120005_R02C01","GSM5695349_204281260060_R04C01","SFA_1","NA_7","S","U",FALSE,0.337684449250074
"GSM5695305_204273120005_R02C01","GSM5695350_204088100071_R02C01","SFA_1","NA_8","S","S",FALSE,0.405891300680976
"GSM5695305_204273120005_R02C01","GSM5695351_204273120074_R03C01","SFA_1","NA_8","S","U",FALSE,0.371354849862904
"GSM5695305_204273120005_R02C01","GSM5695352_204088100053_R07C01","SFA_1","MFA_11","S","S",FALSE,0.197772454581514
"GSM5695305_204273120005_R02C01","GSM5695353_204273120074_R02C01","SFA_1","MFA_11","S","U",FALSE,0.202961015414678
"GSM5695305_204273120005_R02C01","GSM5695354_204273120066_R03C01","SFA_1","SFA_6","S","S",FALSE,0.183989350303132
"GSM5695305_204273120005_R02C01","GSM5695355_204273120068_R06C01","SFA_1","SFA_6","S","U",FALSE,0.190424474943624
"GSM5695305_204273120005_R02C01","GSM5695356_204273120068_R05C01","SFA_1","NA_9","S","S",FALSE,0.225379413661721
"GSM5695305_204273120005_R02C01","GSM5695357_204273120066_R06C01","SFA_1","NA_9","S","U",FALSE,0.222904179492144
"GSM5695305_204273120005_R02C01","GSM5695358_204273120005_R05C01","SFA_1","MFA_12","S","S",FALSE,0.323889199664826
"GSM5695305_204273120005_R02C01","GSM5695359_204273120074_R01C01","SFA_1","MFA_12","S","U",FALSE,0.333386219941191
"GSM5695305_204273120005_R02C01","GSM5695360_204273120005_R06C01","SFA_1","SFA_7","S","U",FALSE,0.234228973270521
"GSM5695305_204273120005_R02C01","GSM5695361_204281260043_R01C01","SFA_1","SFA_8","S","S",FALSE,0.282440292555127
"GSM5695305_204273120005_R02C01","GSM5695362_204088100071_R08C01","SFA_1","SFA_8","S","U",FALSE,0.270410245127004
"GSM5695305_204273120005_R02C01","GSM5695363_204281260060_R03C01","SFA_1","NA_10","S","S",FALSE,0.273906623150941
"GSM5695305_204273120005_R02C01","GSM5695364_204281260043_R08C01","SFA_1","NA_10","S","U",FALSE,0.29694529440333
"GSM5695305_204273120005_R02C01","GSM5695365_204088100053_R04C01","SFA_1","NA_11","S","S",FALSE,0.136624687188134
"GSM5695305_204273120005_R02C01","GSM5695366_204088100071_R06C01","SFA_1","NA_11","S","U",FALSE,0.142993913625567
"GSM5695305_204273120005_R02C01","GSM5695367_204281260061_R06C01","SFA_1","SFA_9","S","S",FALSE,0.219343400643687
"GSM5695305_204273120005_R02C01","GSM5695368_204281260043_R05C01","SFA_1","SFA_9","S","U",FALSE,0.218377487836931
"GSM5695305_204273120005_R02C01","GSM5695369_204273120066_R07C01","SFA_1","SFA_10","S","S",FALSE,0.0412518409066087
"GSM5695305_204273120005_R02C01","GSM5695370_204281260063_R07C01","SFA_1","NA_12","S","S",FALSE,0.243668048884339
"GSM5695305_204273120005_R02C01","GSM5695371_204281260061_R03C01","SFA_1","NA_13","S","S",FALSE,0.454152255164251
"GSM5695305_204273120005_R02C01","GSM5695372_204273120073_R05C01","SFA_1","NA_13","S","U",FALSE,0.447237190504389
"GSM5695305_204273120005_R02C01","GSM5695373_204281260043_R07C01","SFA_1","SFA_11","S","S",FALSE,0.263576588937253
"GSM5695305_204273120005_R02C01","GSM5695374_204281260043_R03C01","SFA_1","SFA_11","S","U",FALSE,0.252756941860961
"GSM5695305_204273120005_R02C01","GSM5695375_204088100071_R05C01","SFA_1","NA_14","S","S",FALSE,0.0519863127556541
"GSM5695305_204273120005_R02C01","GSM5695376_204281260063_R03C01","SFA_1","NA_14","S","U",FALSE,0.0496661221300316
"GSM5695305_204273120005_R02C01","GSM5695377_204273120073_R03C01","SFA_1","NA_15","S","S",FALSE,0.131009710787886
"GSM5695305_204273120005_R02C01","GSM5695378_204273120068_R01C01","SFA_1","NA_15","S","U",FALSE,0.13135100551825
"GSM5695305_204273120005_R02C01","GSM5695379_204088100071_R07C01","SFA_1","MFA_13","S","S",FALSE,0.260917316181115
"GSM5695305_204273120005_R02C01","GSM5695380_204273120068_R03C01","SFA_1","MFA_13","S","U",FALSE,0.253520890159857
"GSM5695305_204273120005_R02C01","GSM5695381_204273120066_R05C01","SFA_1","NA_16","S","S",FALSE,-0.122664164097096
"GSM5695305_204273120005_R02C01","GSM5695382_204088100082_R03C01","SFA_1","NA_16","S","U",FALSE,-0.130789657446171
"GSM5695305_204273120005_R02C01","GSM5695383_204281260043_R06C01","SFA_1","MFA_14","S","S",FALSE,0.319389604540757
"GSM5695305_204273120005_R02C01","GSM5695384_204281260063_R06C01","SFA_1","MFA_14","S","U",FALSE,0.322737262959192
"GSM5695305_204273120005_R02C01","GSM5695385_204281260063_R04C01","SFA_1","SFA_12","S","S",FALSE,0.135162691099849
"GSM5695305_204273120005_R02C01","GSM5695386_204273120074_R04C01","SFA_1","SFA_12","S","U",FALSE,0.124349352793441
"GSM5695305_204273120005_R02C01","GSM5695387_204273120073_R01C01","SFA_1","NA_17","S","S",FALSE,-0.124447314463203
"GSM5695305_204273120005_R02C01","GSM5695388_204281260063_R05C01","SFA_1","NA_17","S","U",FALSE,-0.114431397996186
"GSM5695305_204273120005_R02C01","GSM5695389_204088100082_R06C01","SFA_1","SFA_13","S","S",FALSE,0.18493319082588
"GSM5695305_204273120005_R02C01","GSM5695390_204273120066_R01C01","SFA_1","SFA_13","S","U",FALSE,0.194533316762254
"GSM5695305_204273120005_R02C01","GSM5695391_204281260043_R02C01","SFA_1","MFA_15","S","S",FALSE,0.197042226556688
"GSM5695305_204273120005_R02C01","GSM5695392_204273120073_R06C01","SFA_1","MFA_15","S","U",FALSE,0.164626933918703
"GSM5695306_204088100082_R07C01","GSM5695307_204088100053_R08C01","SFA_1","SFA_2","U","S",FALSE,0.224741446477864
"GSM5695306_204088100082_R07C01","GSM5695308_204088100082_R05C01","SFA_1","SFA_2","U","U",FALSE,0.230852341924215
"GSM5695306_204088100082_R07C01","GSM5695309_204088100071_R03C01","SFA_1","MFA_1","U","S",FALSE,0.289149905206004
"GSM5695306_204088100082_R07C01","GSM5695310_204281260061_R01C01","SFA_1","MFA_1","U","U",FALSE,0.280925475633291
"GSM5695306_204088100082_R07C01","GSM5695311_204281260060_R02C01","SFA_1","MFA_2","U","S",FALSE,0.350297448761914
"GSM5695306_204088100082_R07C01","GSM5695312_204273120074_R06C01","SFA_1","MFA_2","U","U",FALSE,0.327594113983293
"GSM5695306_204088100082_R07C01","GSM5695313_204273120005_R04C01","SFA_1","SFA_3","U","S",FALSE,0.186363399056281
"GSM5695306_204088100082_R07C01","GSM5695314_204273120073_R02C01","SFA_1","SFA_3","U","U",FALSE,0.184428679192344
"GSM5695306_204088100082_R07C01","GSM5695315_204273120005_R03C01","SFA_1","MFA_3","U","S",FALSE,0.0433067784734728
"GSM5695306_204088100082_R07C01","GSM5695316_204281260061_R07C01","SFA_1","MFA_3","U","U",FALSE,0.0371988601513554
"GSM5695306_204088100082_R07C01","GSM5695317_204273120073_R07C01","SFA_1","SFA_4","U","S",FALSE,0.169098528571426
"GSM5695306_204088100082_R07C01","GSM5695318_204088100071_R04C01","SFA_1","SFA_4","U","U",FALSE,0.170350364861391
"GSM5695306_204088100082_R07C01","GSM5695319_204088100082_R01C01","SFA_1","SFA_4","U","S",FALSE,0.360055655011302
"GSM5695306_204088100082_R07C01","GSM5695320_204281260063_R01C01","SFA_1","SFA_1","U","U",TRUE,0.373049905975051
"GSM5695306_204088100082_R07C01","GSM5695321_204273120073_R04C01","SFA_1","MFA_4","U","S",FALSE,0.185242494452347
"GSM5695306_204088100082_R07C01","GSM5695322_204088100053_R06C01","SFA_1","MFA_4","U","U",FALSE,0.167622829224959
"GSM5695306_204088100082_R07C01","GSM5695323_204273120066_R02C01","SFA_1","MFA_5","U","S",FALSE,0.258492189827486
"GSM5695306_204088100082_R07C01","GSM5695324_204273120074_R08C01","SFA_1","MFA_5","U","U",FALSE,0.261608946226223
"GSM5695306_204088100082_R07C01","GSM5695325_204273120068_R02C01","SFA_1","NA_1","U","S",FALSE,0.240466958780953
"GSM5695306_204088100082_R07C01","GSM5695326_204281260060_R01C01","SFA_1","NA_1","U","U",FALSE,0.228978391668302
"GSM5695306_204088100082_R07C01","GSM5695327_204281260060_R07C01","SFA_1","NA_2","U","S",FALSE,0.276355005741358
"GSM5695306_204088100082_R07C01","GSM5695328_204281260061_R05C01","SFA_1","NA_2","U","U",FALSE,0.251762822848829
"GSM5695306_204088100082_R07C01","GSM5695329_204088100082_R02C01","SFA_1","MFA_6","U","S",FALSE,0.217801477394593
"GSM5695306_204088100082_R07C01","GSM5695330_204281260061_R04C01","SFA_1","MFA_6","U","U",FALSE,0.226429183893875
"GSM5695306_204088100082_R07C01","GSM5695331_204281260060_R06C01","SFA_1","MFA_7","U","S",FALSE,0.163196879789672
"GSM5695306_204088100082_R07C01","GSM5695332_204273120066_R08C01","SFA_1","MFA_7","U","U",FALSE,0.142458081337807
"GSM5695306_204088100082_R07C01","GSM5695333_204088100053_R02C01","SFA_1","NA_3","U","S",FALSE,0.0515760807525669
"GSM5695306_204088100082_R07C01","GSM5695334_204281260063_R08C01","SFA_1","NA_3","U","U",FALSE,0.0526993458371544
"GSM5695306_204088100082_R07C01","GSM5695335_204088100053_R05C01","SFA_1","NA_4","U","S",FALSE,0.313734736905374
"GSM5695306_204088100082_R07C01","GSM5695336_204273120005_R07C01","SFA_1","NA_4","U","U",FALSE,0.305576989537081
"GSM5695306_204088100082_R07C01","GSM5695337_204088100082_R04C01","SFA_1","NA_5","U","S",FALSE,0.251333346565679
"GSM5695306_204088100082_R07C01","GSM5695338_204088100071_R01C01","SFA_1","NA_5","U","U",FALSE,0.247441348432755
"GSM5695306_204088100082_R07C01","GSM5695339_204281260043_R04C01","SFA_1","MFA_8","U","S",FALSE,0.20626450904094
"GSM5695306_204088100082_R07C01","GSM5695340_204273120074_R05C01","SFA_1","MFA_8","U","U",FALSE,0.224738868563005
"GSM5695306_204088100082_R07C01","GSM5695341_204281260060_R05C01","SFA_1","NA_6","U","S",FALSE,0.306943335737156
"GSM5695306_204088100082_R07C01","GSM5695342_204281260063_R02C01","SFA_1","SFA_5","U","S",FALSE,0.238286668779852
"GSM5695306_204088100082_R07C01","GSM5695343_204273120068_R04C01","SFA_1","SFA_1","U","U",TRUE,0.272120420175681
"GSM5695306_204088100082_R07C01","GSM5695344_204088100053_R01C01","SFA_1","MFA_9","U","S",FALSE,0.105843107891312
"GSM5695306_204088100082_R07C01","GSM5695345_204088100053_R03C01","SFA_1","MFA_9","U","U",FALSE,0.0957373057372042
"GSM5695306_204088100082_R07C01","GSM5695346_204273120074_R07C01","SFA_1","MFA_10","U","S",FALSE,0.361343415946121
"GSM5695306_204088100082_R07C01","GSM5695347_204281260061_R08C01","SFA_1","MFA_10","U","U",FALSE,0.367295586601395
"GSM5695306_204088100082_R07C01","GSM5695348_204281260061_R02C01","SFA_1","NA_7","U","S",FALSE,0.339315720124225
"GSM5695306_204088100082_R07C01","GSM5695349_204281260060_R04C01","SFA_1","NA_7","U","U",FALSE,0.347095171008195
"GSM5695306_204088100082_R07C01","GSM5695350_204088100071_R02C01","SFA_1","NA_8","U","S",FALSE,0.429062882615575
"GSM5695306_204088100082_R07C01","GSM5695351_204273120074_R03C01","SFA_1","NA_8","U","U",FALSE,0.391879337983149
"GSM5695306_204088100082_R07C01","GSM5695352_204088100053_R07C01","SFA_1","MFA_11","U","S",FALSE,0.212210333541193
"GSM5695306_204088100082_R07C01","GSM5695353_204273120074_R02C01","SFA_1","MFA_11","U","U",FALSE,0.219517400679508
"GSM5695306_204088100082_R07C01","GSM5695354_204273120066_R03C01","SFA_1","SFA_6","U","S",FALSE,0.191647694471085
"GSM5695306_204088100082_R07C01","GSM5695355_204273120068_R06C01","SFA_1","SFA_6","U","U",FALSE,0.198479090201026
"GSM5695306_204088100082_R07C01","GSM5695356_204273120068_R05C01","SFA_1","NA_9","U","S",FALSE,0.227457582261065
"GSM5695306_204088100082_R07C01","GSM5695357_204273120066_R06C01","SFA_1","NA_9","U","U",FALSE,0.226049319503892
"GSM5695306_204088100082_R07C01","GSM5695358_204273120005_R05C01","SFA_1","MFA_12","U","S",FALSE,0.345450525899414
"GSM5695306_204088100082_R07C01","GSM5695359_204273120074_R01C01","SFA_1","MFA_12","U","U",FALSE,0.356133062240186
"GSM5695306_204088100082_R07C01","GSM5695360_204273120005_R06C01","SFA_1","SFA_7","U","U",FALSE,0.213797980590332
"GSM5695306_204088100082_R07C01","GSM5695361_204281260043_R01C01","SFA_1","SFA_8","U","S",FALSE,0.284697322109269
"GSM5695306_204088100082_R07C01","GSM5695362_204088100071_R08C01","SFA_1","SFA_8","U","U",FALSE,0.271456346445825
"GSM5695306_204088100082_R07C01","GSM5695363_204281260060_R03C01","SFA_1","NA_10","U","S",FALSE,0.261442816977083
"GSM5695306_204088100082_R07C01","GSM5695364_204281260043_R08C01","SFA_1","NA_10","U","U",FALSE,0.290693135158567
"GSM5695306_204088100082_R07C01","GSM5695365_204088100053_R04C01","SFA_1","NA_11","U","S",FALSE,0.167769317272103
"GSM5695306_204088100082_R07C01","GSM5695366_204088100071_R06C01","SFA_1","NA_11","U","U",FALSE,0.173061676177477
"GSM5695306_204088100082_R07C01","GSM5695367_204281260061_R06C01","SFA_1","SFA_9","U","S",FALSE,0.236104487632031
"GSM5695306_204088100082_R07C01","GSM5695368_204281260043_R05C01","SFA_1","SFA_9","U","U",FALSE,0.234753348242959
"GSM5695306_204088100082_R07C01","GSM5695369_204273120066_R07C01","SFA_1","SFA_10","U","S",FALSE,0.0518780987668098
"GSM5695306_204088100082_R07C01","GSM5695370_204281260063_R07C01","SFA_1","NA_12","U","S",FALSE,0.270618734271328
"GSM5695306_204088100082_R07C01","GSM5695371_204281260061_R03C01","SFA_1","NA_13","U","S",FALSE,0.46205073788147
"GSM5695306_204088100082_R07C01","GSM5695372_204273120073_R05C01","SFA_1","NA_13","U","U",FALSE,0.456603020685211
"GSM5695306_204088100082_R07C01","GSM5695373_204281260043_R07C01","SFA_1","SFA_11","U","S",FALSE,0.28530693588649
"GSM5695306_204088100082_R07C01","GSM5695374_204281260043_R03C01","SFA_1","SFA_11","U","U",FALSE,0.277068360967984
"GSM5695306_204088100082_R07C01","GSM5695375_204088100071_R05C01","SFA_1","NA_14","U","S",FALSE,0.0626242676980232
"GSM5695306_204088100082_R07C01","GSM5695376_204281260063_R03C01","SFA_1","NA_14","U","U",FALSE,0.0545808880114509
"GSM5695306_204088100082_R07C01","GSM5695377_204273120073_R03C01","SFA_1","NA_15","U","S",FALSE,0.144316658361227
"GSM5695306_204088100082_R07C01","GSM5695378_204273120068_R01C01","SFA_1","NA_15","U","U",FALSE,0.145209424902356
"GSM5695306_204088100082_R07C01","GSM5695379_204088100071_R07C01","SFA_1","MFA_13","U","S",FALSE,0.242889636274632
"GSM5695306_204088100082_R07C01","GSM5695380_204273120068_R03C01","SFA_1","MFA_13","U","U",FALSE,0.235735721495726
"GSM5695306_204088100082_R07C01","GSM5695381_204273120066_R05C01","SFA_1","NA_16","U","S",FALSE,-0.0933821248795578
"GSM5695306_204088100082_R07C01","GSM5695382_204088100082_R03C01","SFA_1","NA_16","U","U",FALSE,-0.0971747694297832
"GSM5695306_204088100082_R07C01","GSM5695383_204281260043_R06C01","SFA_1","MFA_14","U","S",FALSE,0.313550863458517
"GSM5695306_204088100082_R07C01","GSM5695384_204281260063_R06C01","SFA_1","MFA_14","U","U",FALSE,0.316713759326876
"GSM5695306_204088100082_R07C01","GSM5695385_204281260063_R04C01","SFA_1","SFA_12","U","S",FALSE,0.143345855329483
"GSM5695306_204088100082_R07C01","GSM5695386_204273120074_R04C01","SFA_1","SFA_12","U","U",FALSE,0.135020112551333
"GSM5695306_204088100082_R07C01","GSM5695387_204273120073_R01C01","SFA_1","NA_17","U","S",FALSE,-0.0929034725500883
"GSM5695306_204088100082_R07C01","GSM5695388_204281260063_R05C01","SFA_1","NA_17","U","U",FALSE,-0.0821138175427041
"GSM5695306_204088100082_R07C01","GSM5695389_204088100082_R06C01","SFA_1","SFA_13","U","S",FALSE,0.200558041904451
"GSM5695306_204088100082_R07C01","GSM5695390_204273120066_R01C01","SFA_1","SFA_13","U","U",FALSE,0.208574058697793
"GSM5695306_204088100082_R07C01","GSM5695391_204281260043_R02C01","SFA_1","MFA_15","U","S",FALSE,0.207991309187422
"GSM5695306_204088100082_R07C01","GSM5695392_204273120073_R06C01","SFA_1","MFA_15","U","U",FALSE,0.174319585865719
"GSM5695307_204088100053_R08C01","GSM5695308_204088100082_R05C01","SFA_2","SFA_2","S","U",TRUE,0.995574704686773
"GSM5695307_204088100053_R08C01","GSM5695309_204088100071_R03C01","SFA_2","MFA_1","S","S",FALSE,0.241654401133834
"GSM5695307_204088100053_R08C01","GSM5695310_204281260061_R01C01","SFA_2","MFA_1","S","U",FALSE,0.231518534555887
"GSM5695307_204088100053_R08C01","GSM5695311_204281260060_R02C01","SFA_2","MFA_2","S","S",FALSE,0.19284324157753
"GSM5695307_204088100053_R08C01","GSM5695312_204273120074_R06C01","SFA_2","MFA_2","S","U",FALSE,0.207983909565152
"GSM5695307_204088100053_R08C01","GSM5695313_204273120005_R04C01","SFA_2","SFA_3","S","S",FALSE,0.0013438638642566
"GSM5695307_204088100053_R08C01","GSM5695314_204273120073_R02C01","SFA_2","SFA_3","S","U",FALSE,0.0254163689144958
"GSM5695307_204088100053_R08C01","GSM5695315_204273120005_R03C01","SFA_2","MFA_3","S","S",FALSE,0.0307993409358264
"GSM5695307_204088100053_R08C01","GSM5695316_204281260061_R07C01","SFA_2","MFA_3","S","U",FALSE,0.0331542735747967
"GSM5695307_204088100053_R08C01","GSM5695317_204273120073_R07C01","SFA_2","SFA_4","S","S",FALSE,0.19448345319743
"GSM5695307_204088100053_R08C01","GSM5695318_204088100071_R04C01","SFA_2","SFA_4","S","U",FALSE,0.176102750126824
"GSM5695307_204088100053_R08C01","GSM5695319_204088100082_R01C01","SFA_2","SFA_4","S","S",FALSE,0.184646960171725
"GSM5695307_204088100053_R08C01","GSM5695320_204281260063_R01C01","SFA_2","SFA_1","S","U",FALSE,0.139398560878213
"GSM5695307_204088100053_R08C01","GSM5695321_204273120073_R04C01","SFA_2","MFA_4","S","S",FALSE,-0.129151598425326
"GSM5695307_204088100053_R08C01","GSM5695322_204088100053_R06C01","SFA_2","MFA_4","S","U",FALSE,-0.147271488047086
"GSM5695307_204088100053_R08C01","GSM5695323_204273120066_R02C01","SFA_2","MFA_5","S","S",FALSE,0.116882478222049
"GSM5695307_204088100053_R08C01","GSM5695324_204273120074_R08C01","SFA_2","MFA_5","S","U",FALSE,0.129098494699396
"GSM5695307_204088100053_R08C01","GSM5695325_204273120068_R02C01","SFA_2","NA_1","S","S",FALSE,0.140897067642761
"GSM5695307_204088100053_R08C01","GSM5695326_204281260060_R01C01","SFA_2","NA_1","S","U",FALSE,0.142786143418488
"GSM5695307_204088100053_R08C01","GSM5695327_204281260060_R07C01","SFA_2","NA_2","S","S",FALSE,0.158647564013741
"GSM5695307_204088100053_R08C01","GSM5695328_204281260061_R05C01","SFA_2","NA_2","S","U",FALSE,0.151440429621498
"GSM5695307_204088100053_R08C01","GSM5695329_204088100082_R02C01","SFA_2","MFA_6","S","S",FALSE,-0.0364451627339397
"GSM5695307_204088100053_R08C01","GSM5695330_204281260061_R04C01","SFA_2","MFA_6","S","U",FALSE,-0.0540901292444456
"GSM5695307_204088100053_R08C01","GSM5695331_204281260060_R06C01","SFA_2","MFA_7","S","S",FALSE,0.250341043765675
"GSM5695307_204088100053_R08C01","GSM5695332_204273120066_R08C01","SFA_2","MFA_7","S","U",FALSE,0.236037774176449
"GSM5695307_204088100053_R08C01","GSM5695333_204088100053_R02C01","SFA_2","NA_3","S","S",FALSE,0.0149897760766075
"GSM5695307_204088100053_R08C01","GSM5695334_204281260063_R08C01","SFA_2","NA_3","S","U",FALSE,0.0186860523848611
"GSM5695307_204088100053_R08C01","GSM5695335_204088100053_R05C01","SFA_2","NA_4","S","S",FALSE,-0.0058869855289949
"GSM5695307_204088100053_R08C01","GSM5695336_204273120005_R07C01","SFA_2","NA_4","S","U",FALSE,0.00843137960033961
"GSM5695307_204088100053_R08C01","GSM5695337_204088100082_R04C01","SFA_2","NA_5","S","S",FALSE,-0.0195496207167687
"GSM5695307_204088100053_R08C01","GSM5695338_204088100071_R01C01","SFA_2","NA_5","S","U",FALSE,-0.0177629478187522
"GSM5695307_204088100053_R08C01","GSM5695339_204281260043_R04C01","SFA_2","MFA_8","S","S",FALSE,0.152173537209278
"GSM5695307_204088100053_R08C01","GSM5695340_204273120074_R05C01","SFA_2","MFA_8","S","U",FALSE,0.155148030561072
"GSM5695307_204088100053_R08C01","GSM5695341_204281260060_R05C01","SFA_2","NA_6","S","S",FALSE,0.124654392156907
"GSM5695307_204088100053_R08C01","GSM5695342_204281260063_R02C01","SFA_2","SFA_5","S","S",FALSE,0.21277741493072
"GSM5695307_204088100053_R08C01","GSM5695343_204273120068_R04C01","SFA_2","SFA_1","S","U",FALSE,0.224367395787476
"GSM5695307_204088100053_R08C01","GSM5695344_204088100053_R01C01","SFA_2","MFA_9","S","S",FALSE,0.0530465977019765
"GSM5695307_204088100053_R08C01","GSM5695345_204088100053_R03C01","SFA_2","MFA_9","S","U",FALSE,0.046871537536329
"GSM5695307_204088100053_R08C01","GSM5695346_204273120074_R07C01","SFA_2","MFA_10","S","S",FALSE,0.29208325721063
"GSM5695307_204088100053_R08C01","GSM5695347_204281260061_R08C01","SFA_2","MFA_10","S","U",FALSE,0.303827451028921
"GSM5695307_204088100053_R08C01","GSM5695348_204281260061_R02C01","SFA_2","NA_7","S","S",FALSE,0.0413389504477713
"GSM5695307_204088100053_R08C01","GSM5695349_204281260060_R04C01","SFA_2","NA_7","S","U",FALSE,0.0349012739097474
"GSM5695307_204088100053_R08C01","GSM5695350_204088100071_R02C01","SFA_2","NA_8","S","S",FALSE,0.171956554050603
"GSM5695307_204088100053_R08C01","GSM5695351_204273120074_R03C01","SFA_2","NA_8","S","U",FALSE,0.120424208759027
"GSM5695307_204088100053_R08C01","GSM5695352_204088100053_R07C01","SFA_2","MFA_11","S","S",FALSE,0.0815312102482156
"GSM5695307_204088100053_R08C01","GSM5695353_204273120074_R02C01","SFA_2","MFA_11","S","U",FALSE,0.0830242465011853
"GSM5695307_204088100053_R08C01","GSM5695354_204273120066_R03C01","SFA_2","SFA_6","S","S",FALSE,0.228331758238427
"GSM5695307_204088100053_R08C01","GSM5695355_204273120068_R06C01","SFA_2","SFA_6","S","U",FALSE,0.229790184680808
"GSM5695307_204088100053_R08C01","GSM5695356_204273120068_R05C01","SFA_2","NA_9","S","S",FALSE,0.0435049143576003
"GSM5695307_204088100053_R08C01","GSM5695357_204273120066_R06C01","SFA_2","NA_9","S","U",FALSE,0.0414560922991087
"GSM5695307_204088100053_R08C01","GSM5695358_204273120005_R05C01","SFA_2","MFA_12","S","S",FALSE,0.25702258124037
"GSM5695307_204088100053_R08C01","GSM5695359_204273120074_R01C01","SFA_2","MFA_12","S","U",FALSE,0.274104641011103
"GSM5695307_204088100053_R08C01","GSM5695360_204273120005_R06C01","SFA_2","SFA_7","S","U",FALSE,0.132763901758337
"GSM5695307_204088100053_R08C01","GSM5695361_204281260043_R01C01","SFA_2","SFA_8","S","S",FALSE,0.236190396598517
"GSM5695307_204088100053_R08C01","GSM5695362_204088100071_R08C01","SFA_2","SFA_8","S","U",FALSE,0.229144617632998
"GSM5695307_204088100053_R08C01","GSM5695363_204281260060_R03C01","SFA_2","NA_10","S","S",FALSE,0.15042657707044
"GSM5695307_204088100053_R08C01","GSM5695364_204281260043_R08C01","SFA_2","NA_10","S","U",FALSE,0.205693281893181
"GSM5695307_204088100053_R08C01","GSM5695365_204088100053_R04C01","SFA_2","NA_11","S","S",FALSE,0.0692477880618997
"GSM5695307_204088100053_R08C01","GSM5695366_204088100071_R06C01","SFA_2","NA_11","S","U",FALSE,0.0487551417031367
"GSM5695307_204088100053_R08C01","GSM5695367_204281260061_R06C01","SFA_2","SFA_9","S","S",FALSE,0.092977445426597
"GSM5695307_204088100053_R08C01","GSM5695368_204281260043_R05C01","SFA_2","SFA_9","S","U",FALSE,0.108128747397673
"GSM5695307_204088100053_R08C01","GSM5695369_204273120066_R07C01","SFA_2","SFA_10","S","S",FALSE,0.214428582541963
"GSM5695307_204088100053_R08C01","GSM5695370_204281260063_R07C01","SFA_2","NA_12","S","S",FALSE,0.321296699057736
"GSM5695307_204088100053_R08C01","GSM5695371_204281260061_R03C01","SFA_2","NA_13","S","S",FALSE,0.14855686897023
"GSM5695307_204088100053_R08C01","GSM5695372_204273120073_R05C01","SFA_2","NA_13","S","U",FALSE,0.140536367035262
"GSM5695307_204088100053_R08C01","GSM5695373_204281260043_R07C01","SFA_2","SFA_11","S","S",FALSE,0.299040643054865
"GSM5695307_204088100053_R08C01","GSM5695374_204281260043_R03C01","SFA_2","SFA_11","S","U",FALSE,0.303886351003771
"GSM5695307_204088100053_R08C01","GSM5695375_204088100071_R05C01","SFA_2","NA_14","S","S",FALSE,0.107168448731696
"GSM5695307_204088100053_R08C01","GSM5695376_204281260063_R03C01","SFA_2","NA_14","S","U",FALSE,0.109272815952506
"GSM5695307_204088100053_R08C01","GSM5695377_204273120073_R03C01","SFA_2","NA_15","S","S",FALSE,0.399495165502356
"GSM5695307_204088100053_R08C01","GSM5695378_204273120068_R01C01","SFA_2","NA_15","S","U",FALSE,0.389106542136353
"GSM5695307_204088100053_R08C01","GSM5695379_204088100071_R07C01","SFA_2","MFA_13","S","S",FALSE,0.174829798281883
"GSM5695307_204088100053_R08C01","GSM5695380_204273120068_R03C01","SFA_2","MFA_13","S","U",FALSE,0.169979751223171
"GSM5695307_204088100053_R08C01","GSM5695381_204273120066_R05C01","SFA_2","NA_16","S","S",FALSE,-0.00174013123508159
"GSM5695307_204088100053_R08C01","GSM5695382_204088100082_R03C01","SFA_2","NA_16","S","U",FALSE,-0.00522600230632827
"GSM5695307_204088100053_R08C01","GSM5695383_204281260043_R06C01","SFA_2","MFA_14","S","S",FALSE,0.136362930495053
"GSM5695307_204088100053_R08C01","GSM5695384_204281260063_R06C01","SFA_2","MFA_14","S","U",FALSE,0.129017880447402
"GSM5695307_204088100053_R08C01","GSM5695385_204281260063_R04C01","SFA_2","SFA_12","S","S",FALSE,0.268973801994159
"GSM5695307_204088100053_R08C01","GSM5695386_204273120074_R04C01","SFA_2","SFA_12","S","U",FALSE,0.266922002074652
"GSM5695307_204088100053_R08C01","GSM5695387_204273120073_R01C01","SFA_2","NA_17","S","S",FALSE,0.14943137554007
"GSM5695307_204088100053_R08C01","GSM5695388_204281260063_R05C01","SFA_2","NA_17","S","U",FALSE,0.137408044546681
"GSM5695307_204088100053_R08C01","GSM5695389_204088100082_R06C01","SFA_2","SFA_13","S","S",FALSE,0.102791695753748
"GSM5695307_204088100053_R08C01","GSM5695390_204273120066_R01C01","SFA_2","SFA_13","S","U",FALSE,0.119568464243861
"GSM5695307_204088100053_R08C01","GSM5695391_204281260043_R02C01","SFA_2","MFA_15","S","S",FALSE,0.181097885566091
"GSM5695307_204088100053_R08C01","GSM5695392_204273120073_R06C01","SFA_2","MFA_15","S","U",FALSE,0.187935210234116
"GSM5695308_204088100082_R05C01","GSM5695309_204088100071_R03C01","SFA_2","MFA_1","U","S",FALSE,0.243467625941556
"GSM5695308_204088100082_R05C01","GSM5695310_204281260061_R01C01","SFA_2","MFA_1","U","U",FALSE,0.23365265644818
"GSM5695308_204088100082_R05C01","GSM5695311_204281260060_R02C01","SFA_2","MFA_2","U","S",FALSE,0.200084661664873
"GSM5695308_204088100082_R05C01","GSM5695312_204273120074_R06C01","SFA_2","MFA_2","U","U",FALSE,0.215833187569205
"GSM5695308_204088100082_R05C01","GSM5695313_204273120005_R04C01","SFA_2","SFA_3","U","S",FALSE,-0.0179327181626235
"GSM5695308_204088100082_R05C01","GSM5695314_204273120073_R02C01","SFA_2","SFA_3","U","U",FALSE,0.00833663557933934
"GSM5695308_204088100082_R05C01","GSM5695315_204273120005_R03C01","SFA_2","MFA_3","U","S",FALSE,0.0152031196351311
"GSM5695308_204088100082_R05C01","GSM5695316_204281260061_R07C01","SFA_2","MFA_3","U","U",FALSE,0.0187951991820435
"GSM5695308_204088100082_R05C01","GSM5695317_204273120073_R07C01","SFA_2","SFA_4","U","S",FALSE,0.186476458184976
"GSM5695308_204088100082_R05C01","GSM5695318_204088100071_R04C01","SFA_2","SFA_4","U","U",FALSE,0.168529326658632
"GSM5695308_204088100082_R05C01","GSM5695319_204088100082_R01C01","SFA_2","SFA_4","U","S",FALSE,0.198676166405775
"GSM5695308_204088100082_R05C01","GSM5695320_204281260063_R01C01","SFA_2","SFA_1","U","U",FALSE,0.154056317826166
"GSM5695308_204088100082_R05C01","GSM5695321_204273120073_R04C01","SFA_2","MFA_4","U","S",FALSE,-0.12789603066389
"GSM5695308_204088100082_R05C01","GSM5695322_204088100053_R06C01","SFA_2","MFA_4","U","U",FALSE,-0.144736761676593
"GSM5695308_204088100082_R05C01","GSM5695323_204273120066_R02C01","SFA_2","MFA_5","U","S",FALSE,0.150610119043018
"GSM5695308_204088100082_R05C01","GSM5695324_204273120074_R08C01","SFA_2","MFA_5","U","U",FALSE,0.164045597855649
"GSM5695308_204088100082_R05C01","GSM5695325_204273120068_R02C01","SFA_2","NA_1","U","S",FALSE,0.152606170699522
"GSM5695308_204088100082_R05C01","GSM5695326_204281260060_R01C01","SFA_2","NA_1","U","U",FALSE,0.15057968478601
"GSM5695308_204088100082_R05C01","GSM5695327_204281260060_R07C01","SFA_2","NA_2","U","S",FALSE,0.170823433072396
"GSM5695308_204088100082_R05C01","GSM5695328_204281260061_R05C01","SFA_2","NA_2","U","U",FALSE,0.166666558313272
"GSM5695308_204088100082_R05C01","GSM5695329_204088100082_R02C01","SFA_2","MFA_6","U","S",FALSE,-0.0396154007983882
"GSM5695308_204088100082_R05C01","GSM5695330_204281260061_R04C01","SFA_2","MFA_6","U","U",FALSE,-0.0570692201479033
"GSM5695308_204088100082_R05C01","GSM5695331_204281260060_R06C01","SFA_2","MFA_7","U","S",FALSE,0.243378162153712
"GSM5695308_204088100082_R05C01","GSM5695332_204273120066_R08C01","SFA_2","MFA_7","U","U",FALSE,0.228027102502856
"GSM5695308_204088100082_R05C01","GSM5695333_204088100053_R02C01","SFA_2","NA_3","U","S",FALSE,0.0141909270160613
"GSM5695308_204088100082_R05C01","GSM5695334_204281260063_R08C01","SFA_2","NA_3","U","U",FALSE,0.0167715558578097
"GSM5695308_204088100082_R05C01","GSM5695335_204088100053_R05C01","SFA_2","NA_4","U","S",FALSE,-0.0175715643621137
"GSM5695308_204088100082_R05C01","GSM5695336_204273120005_R07C01","SFA_2","NA_4","U","U",FALSE,-0.00604537266779608
"GSM5695308_204088100082_R05C01","GSM5695337_204088100082_R04C01","SFA_2","NA_5","U","S",FALSE,-0.025099143131284
"GSM5695308_204088100082_R05C01","GSM5695338_204088100071_R01C01","SFA_2","NA_5","U","U",FALSE,-0.0262829121409307
"GSM5695308_204088100082_R05C01","GSM5695339_204281260043_R04C01","SFA_2","MFA_8","U","S",FALSE,0.146439664228532
"GSM5695308_204088100082_R05C01","GSM5695340_204273120074_R05C01","SFA_2","MFA_8","U","U",FALSE,0.151942467617934
"GSM5695308_204088100082_R05C01","GSM5695341_204281260060_R05C01","SFA_2","NA_6","U","S",FALSE,0.128292366593074
"GSM5695308_204088100082_R05C01","GSM5695342_204281260063_R02C01","SFA_2","SFA_5","U","S",FALSE,0.214069793936113
"GSM5695308_204088100082_R05C01","GSM5695343_204273120068_R04C01","SFA_2","SFA_1","U","U",FALSE,0.227884023078151
"GSM5695308_204088100082_R05C01","GSM5695344_204088100053_R01C01","SFA_2","MFA_9","U","S",FALSE,0.0529418253722031
"GSM5695308_204088100082_R05C01","GSM5695345_204088100053_R03C01","SFA_2","MFA_9","U","U",FALSE,0.0485897623500843
"GSM5695308_204088100082_R05C01","GSM5695346_204273120074_R07C01","SFA_2","MFA_10","U","S",FALSE,0.289743094090629
"GSM5695308_204088100082_R05C01","GSM5695347_204281260061_R08C01","SFA_2","MFA_10","U","U",FALSE,0.301934062495545
"GSM5695308_204088100082_R05C01","GSM5695348_204281260061_R02C01","SFA_2","NA_7","U","S",FALSE,0.0429375402640173
"GSM5695308_204088100082_R05C01","GSM5695349_204281260060_R04C01","SFA_2","NA_7","U","U",FALSE,0.0382964403388623
"GSM5695308_204088100082_R05C01","GSM5695350_204088100071_R02C01","SFA_2","NA_8","U","S",FALSE,0.185279225747957
"GSM5695308_204088100082_R05C01","GSM5695351_204273120074_R03C01","SFA_2","NA_8","U","U",FALSE,0.131506440672171
"GSM5695308_204088100082_R05C01","GSM5695352_204088100053_R07C01","SFA_2","MFA_11","U","S",FALSE,0.0874887336296611
"GSM5695308_204088100082_R05C01","GSM5695353_204273120074_R02C01","SFA_2","MFA_11","U","U",FALSE,0.0893594113158938
"GSM5695308_204088100082_R05C01","GSM5695354_204273120066_R03C01","SFA_2","SFA_6","U","S",FALSE,0.229695725266727
"GSM5695308_204088100082_R05C01","GSM5695355_204273120068_R06C01","SFA_2","SFA_6","U","U",FALSE,0.231147357465128
"GSM5695308_204088100082_R05C01","GSM5695356_204273120068_R05C01","SFA_2","NA_9","U","S",FALSE,0.0453397719045289
"GSM5695308_204088100082_R05C01","GSM5695357_204273120066_R06C01","SFA_2","NA_9","U","U",FALSE,0.0439529846004644
"GSM5695308_204088100082_R05C01","GSM5695358_204273120005_R05C01","SFA_2","MFA_12","U","S",FALSE,0.281619315071117
"GSM5695308_204088100082_R05C01","GSM5695359_204273120074_R01C01","SFA_2","MFA_12","U","U",FALSE,0.300115011446789
"GSM5695308_204088100082_R05C01","GSM5695360_204273120005_R06C01","SFA_2","SFA_7","U","U",FALSE,0.112881595911058
"GSM5695308_204088100082_R05C01","GSM5695361_204281260043_R01C01","SFA_2","SFA_8","U","S",FALSE,0.242128708640233
"GSM5695308_204088100082_R05C01","GSM5695362_204088100071_R08C01","SFA_2","SFA_8","U","U",FALSE,0.236717736358408
"GSM5695308_204088100082_R05C01","GSM5695363_204281260060_R03C01","SFA_2","NA_10","U","S",FALSE,0.144840638383596
"GSM5695308_204088100082_R05C01","GSM5695364_204281260043_R08C01","SFA_2","NA_10","U","U",FALSE,0.198754815516057
"GSM5695308_204088100082_R05C01","GSM5695365_204088100053_R04C01","SFA_2","NA_11","U","S",FALSE,0.0794910815667667
"GSM5695308_204088100082_R05C01","GSM5695366_204088100071_R06C01","SFA_2","NA_11","U","U",FALSE,0.0585231339682187
"GSM5695308_204088100082_R05C01","GSM5695367_204281260061_R06C01","SFA_2","SFA_9","U","S",FALSE,0.103521060428985
"GSM5695308_204088100082_R05C01","GSM5695368_204281260043_R05C01","SFA_2","SFA_9","U","U",FALSE,0.117393122828319
"GSM5695308_204088100082_R05C01","GSM5695369_204273120066_R07C01","SFA_2","SFA_10","U","S",FALSE,0.217180231198792
"GSM5695308_204088100082_R05C01","GSM5695370_204281260063_R07C01","SFA_2","NA_12","U","S",FALSE,0.341022367897289
"GSM5695308_204088100082_R05C01","GSM5695371_204281260061_R03C01","SFA_2","NA_13","U","S",FALSE,0.160617152105341
"GSM5695308_204088100082_R05C01","GSM5695372_204273120073_R05C01","SFA_2","NA_13","U","U",FALSE,0.152421368024466
"GSM5695308_204088100082_R05C01","GSM5695373_204281260043_R07C01","SFA_2","SFA_11","U","S",FALSE,0.297531888752634
"GSM5695308_204088100082_R05C01","GSM5695374_204281260043_R03C01","SFA_2","SFA_11","U","U",FALSE,0.304435445700565
"GSM5695308_204088100082_R05C01","GSM5695375_204088100071_R05C01","SFA_2","NA_14","U","S",FALSE,0.104134309932782
"GSM5695308_204088100082_R05C01","GSM5695376_204281260063_R03C01","SFA_2","NA_14","U","U",FALSE,0.103891905993348
"GSM5695308_204088100082_R05C01","GSM5695377_204273120073_R03C01","SFA_2","NA_15","U","S",FALSE,0.414294545164131
"GSM5695308_204088100082_R05C01","GSM5695378_204273120068_R01C01","SFA_2","NA_15","U","U",FALSE,0.405002196816988
"GSM5695308_204088100082_R05C01","GSM5695379_204088100071_R07C01","SFA_2","MFA_13","U","S",FALSE,0.169966830217243
"GSM5695308_204088100082_R05C01","GSM5695380_204273120068_R03C01","SFA_2","MFA_13","U","U",FALSE,0.164961068097863
"GSM5695308_204088100082_R05C01","GSM5695381_204273120066_R05C01","SFA_2","NA_16","U","S",FALSE,0.012048668020718
"GSM5695308_204088100082_R05C01","GSM5695382_204088100082_R03C01","SFA_2","NA_16","U","U",FALSE,0.00841840877584385
"GSM5695308_204088100082_R05C01","GSM5695383_204281260043_R06C01","SFA_2","MFA_14","U","S",FALSE,0.144155474646082
"GSM5695308_204088100082_R05C01","GSM5695384_204281260063_R06C01","SFA_2","MFA_14","U","U",FALSE,0.135108718908303
"GSM5695308_204088100082_R05C01","GSM5695385_204281260063_R04C01","SFA_2","SFA_12","U","S",FALSE,0.257381111836424
"GSM5695308_204088100082_R05C01","GSM5695386_204273120074_R04C01","SFA_2","SFA_12","U","U",FALSE,0.255358304464955
"GSM5695308_204088100082_R05C01","GSM5695387_204273120073_R01C01","SFA_2","NA_17","U","S",FALSE,0.160013931597313
"GSM5695308_204088100082_R05C01","GSM5695388_204281260063_R05C01","SFA_2","NA_17","U","U",FALSE,0.148219962190481
"GSM5695308_204088100082_R05C01","GSM5695389_204088100082_R06C01","SFA_2","SFA_13","U","S",FALSE,0.111128824442064
"GSM5695308_204088100082_R05C01","GSM5695390_204273120066_R01C01","SFA_2","SFA_13","U","U",FALSE,0.12760786977196
"GSM5695308_204088100082_R05C01","GSM5695391_204281260043_R02C01","SFA_2","MFA_15","U","S",FALSE,0.178832901695252
"GSM5695308_204088100082_R05C01","GSM5695392_204273120073_R06C01","SFA_2","MFA_15","U","U",FALSE,0.187580704027669
"GSM5695309_204088100071_R03C01","GSM5695310_204281260061_R01C01","MFA_1","MFA_1","S","U",TRUE,0.997427615707832
"GSM5695309_204088100071_R03C01","GSM5695311_204281260060_R02C01","MFA_1","MFA_2","S","S",FALSE,0.186840840457205
"GSM5695309_204088100071_R03C01","GSM5695312_204273120074_R06C01","MFA_1","MFA_2","S","U",FALSE,0.204328543281585
"GSM5695309_204088100071_R03C01","GSM5695313_204273120005_R04C01","MFA_1","SFA_3","S","S",FALSE,0.230434425720864
"GSM5695309_204088100071_R03C01","GSM5695314_204273120073_R02C01","MFA_1","SFA_3","S","U",FALSE,0.239039583456161
"GSM5695309_204088100071_R03C01","GSM5695315_204273120005_R03C01","MFA_1","MFA_3","S","S",FALSE,0.119626180941441
"GSM5695309_204088100071_R03C01","GSM5695316_204281260061_R07C01","MFA_1","MFA_3","S","U",FALSE,0.112387438472011
"GSM5695309_204088100071_R03C01","GSM5695317_204273120073_R07C01","MFA_1","SFA_4","S","S",FALSE,0.0900327903205626
"GSM5695309_204088100071_R03C01","GSM5695318_204088100071_R04C01","MFA_1","SFA_4","S","U",FALSE,0.0731877162836218
"GSM5695309_204088100071_R03C01","GSM5695319_204088100082_R01C01","MFA_1","SFA_4","S","S",FALSE,0.133357544148268
"GSM5695309_204088100071_R03C01","GSM5695320_204281260063_R01C01","MFA_1","SFA_1","S","U",FALSE,0.115428834226545
"GSM5695309_204088100071_R03C01","GSM5695321_204273120073_R04C01","MFA_1","MFA_4","S","S",FALSE,0.262267025134304
"GSM5695309_204088100071_R03C01","GSM5695322_204088100053_R06C01","MFA_1","MFA_4","S","U",FALSE,0.227131674317779
"GSM5695309_204088100071_R03C01","GSM5695323_204273120066_R02C01","MFA_1","MFA_5","S","S",FALSE,0.185369490241786
"GSM5695309_204088100071_R03C01","GSM5695324_204273120074_R08C01","MFA_1","MFA_5","S","U",FALSE,0.200264086959581
"GSM5695309_204088100071_R03C01","GSM5695325_204273120068_R02C01","MFA_1","NA_1","S","S",FALSE,0.263563800886278
"GSM5695309_204088100071_R03C01","GSM5695326_204281260060_R01C01","MFA_1","NA_1","S","U",FALSE,0.254296830138371
"GSM5695309_204088100071_R03C01","GSM5695327_204281260060_R07C01","MFA_1","NA_2","S","S",FALSE,0.0856927913221229
"GSM5695309_204088100071_R03C01","GSM5695328_204281260061_R05C01","MFA_1","NA_2","S","U",FALSE,0.0703662253634313
"GSM5695309_204088100071_R03C01","GSM5695329_204088100082_R02C01","MFA_1","MFA_6","S","S",FALSE,0.215841452772106
"GSM5695309_204088100071_R03C01","GSM5695330_204281260061_R04C01","MFA_1","MFA_6","S","U",FALSE,0.198264138206839
"GSM5695309_204088100071_R03C01","GSM5695331_204281260060_R06C01","MFA_1","MFA_7","S","S",FALSE,0.0247944921186933
"GSM5695309_204088100071_R03C01","GSM5695332_204273120066_R08C01","MFA_1","MFA_7","S","U",FALSE,0.0130661322130792
"GSM5695309_204088100071_R03C01","GSM5695333_204088100053_R02C01","MFA_1","NA_3","S","S",FALSE,0.338199629204034
"GSM5695309_204088100071_R03C01","GSM5695334_204281260063_R08C01","MFA_1","NA_3","S","U",FALSE,0.347090654321265
"GSM5695309_204088100071_R03C01","GSM5695335_204088100053_R05C01","MFA_1","NA_4","S","S",FALSE,0.339349956844815
"GSM5695309_204088100071_R03C01","GSM5695336_204273120005_R07C01","MFA_1","NA_4","S","U",FALSE,0.311397547617979
"GSM5695309_204088100071_R03C01","GSM5695337_204088100082_R04C01","MFA_1","NA_5","S","S",FALSE,0.19400685422566
"GSM5695309_204088100071_R03C01","GSM5695338_204088100071_R01C01","MFA_1","NA_5","S","U",FALSE,0.186007993845409
"GSM5695309_204088100071_R03C01","GSM5695339_204281260043_R04C01","MFA_1","MFA_8","S","S",FALSE,0.0601053301676517
"GSM5695309_204088100071_R03C01","GSM5695340_204273120074_R05C01","MFA_1","MFA_8","S","U",FALSE,0.0552877962809096
"GSM5695309_204088100071_R03C01","GSM5695341_204281260060_R05C01","MFA_1","NA_6","S","S",FALSE,0.127951408443793
"GSM5695309_204088100071_R03C01","GSM5695342_204281260063_R02C01","MFA_1","SFA_5","S","S",FALSE,0.297880449967176
"GSM5695309_204088100071_R03C01","GSM5695343_204273120068_R04C01","MFA_1","SFA_1","S","U",FALSE,0.293428749730733
"GSM5695309_204088100071_R03C01","GSM5695344_204088100053_R01C01","MFA_1","MFA_9","S","S",FALSE,0.173882158089735
"GSM5695309_204088100071_R03C01","GSM5695345_204088100053_R03C01","MFA_1","MFA_9","S","U",FALSE,0.171326046136595
"GSM5695309_204088100071_R03C01","GSM5695346_204273120074_R07C01","MFA_1","MFA_10","S","S",FALSE,0.25150943572276
"GSM5695309_204088100071_R03C01","GSM5695347_204281260061_R08C01","MFA_1","MFA_10","S","U",FALSE,0.199801820693733
"GSM5695309_204088100071_R03C01","GSM5695348_204281260061_R02C01","MFA_1","NA_7","S","S",FALSE,0.260408714182725
"GSM5695309_204088100071_R03C01","GSM5695349_204281260060_R04C01","MFA_1","NA_7","S","U",FALSE,0.252350198256846
"GSM5695309_204088100071_R03C01","GSM5695350_204088100071_R02C01","MFA_1","NA_8","S","S",FALSE,0.236887897390603
"GSM5695309_204088100071_R03C01","GSM5695351_204273120074_R03C01","MFA_1","NA_8","S","U",FALSE,0.191045402026517
"GSM5695309_204088100071_R03C01","GSM5695352_204088100053_R07C01","MFA_1","MFA_11","S","S",FALSE,0.205692332889614
"GSM5695309_204088100071_R03C01","GSM5695353_204273120074_R02C01","MFA_1","MFA_11","S","U",FALSE,0.198868825965195
"GSM5695309_204088100071_R03C01","GSM5695354_204273120066_R03C01","MFA_1","SFA_6","S","S",FALSE,0.14841102897826
"GSM5695309_204088100071_R03C01","GSM5695355_204273120068_R06C01","MFA_1","SFA_6","S","U",FALSE,0.131064722501811
"GSM5695309_204088100071_R03C01","GSM5695356_204273120068_R05C01","MFA_1","NA_9","S","S",FALSE,-0.053235495370787
"GSM5695309_204088100071_R03C01","GSM5695357_204273120066_R06C01","MFA_1","NA_9","S","U",FALSE,-0.0438067466894721
"GSM5695309_204088100071_R03C01","GSM5695358_204273120005_R05C01","MFA_1","MFA_12","S","S",FALSE,0.311075905576751
"GSM5695309_204088100071_R03C01","GSM5695359_204273120074_R01C01","MFA_1","MFA_12","S","U",FALSE,0.323875064849073
"GSM5695309_204088100071_R03C01","GSM5695360_204273120005_R06C01","MFA_1","SFA_7","S","U",FALSE,0.20482826310385
"GSM5695309_204088100071_R03C01","GSM5695361_204281260043_R01C01","MFA_1","SFA_8","S","S",FALSE,0.390145888648994
"GSM5695309_204088100071_R03C01","GSM5695362_204088100071_R08C01","MFA_1","SFA_8","S","U",FALSE,0.379007308279447
"GSM5695309_204088100071_R03C01","GSM5695363_204281260060_R03C01","MFA_1","NA_10","S","S",FALSE,0.136542080746485
"GSM5695309_204088100071_R03C01","GSM5695364_204281260043_R08C01","MFA_1","NA_10","S","U",FALSE,0.132953690695587
"GSM5695309_204088100071_R03C01","GSM5695365_204088100053_R04C01","MFA_1","NA_11","S","S",FALSE,0.140523957271843
"GSM5695309_204088100071_R03C01","GSM5695366_204088100071_R06C01","MFA_1","NA_11","S","U",FALSE,0.135678854228439
"GSM5695309_204088100071_R03C01","GSM5695367_204281260061_R06C01","MFA_1","SFA_9","S","S",FALSE,0.100131242219847
"GSM5695309_204088100071_R03C01","GSM5695368_204281260043_R05C01","MFA_1","SFA_9","S","U",FALSE,0.107345021281653
"GSM5695309_204088100071_R03C01","GSM5695369_204273120066_R07C01","MFA_1","SFA_10","S","S",FALSE,0.0586309595317107
"GSM5695309_204088100071_R03C01","GSM5695370_204281260063_R07C01","MFA_1","NA_12","S","S",FALSE,0.104764050271263
"GSM5695309_204088100071_R03C01","GSM5695371_204281260061_R03C01","MFA_1","NA_13","S","S",FALSE,0.163321269608741
"GSM5695309_204088100071_R03C01","GSM5695372_204273120073_R05C01","MFA_1","NA_13","S","U",FALSE,0.147695945469872
"GSM5695309_204088100071_R03C01","GSM5695373_204281260043_R07C01","MFA_1","SFA_11","S","S",FALSE,0.266590982005053
"GSM5695309_204088100071_R03C01","GSM5695374_204281260043_R03C01","MFA_1","SFA_11","S","U",FALSE,0.257196953828572
"GSM5695309_204088100071_R03C01","GSM5695375_204088100071_R05C01","MFA_1","NA_14","S","S",FALSE,0.314301807766383
"GSM5695309_204088100071_R03C01","GSM5695376_204281260063_R03C01","MFA_1","NA_14","S","U",FALSE,0.301075513952616
"GSM5695309_204088100071_R03C01","GSM5695377_204273120073_R03C01","MFA_1","NA_15","S","S",FALSE,0.146130347688299
"GSM5695309_204088100071_R03C01","GSM5695378_204273120068_R01C01","MFA_1","NA_15","S","U",FALSE,0.150736806379396
"GSM5695309_204088100071_R03C01","GSM5695379_204088100071_R07C01","MFA_1","MFA_13","S","S",FALSE,0.300120942629635
"GSM5695309_204088100071_R03C01","GSM5695380_204273120068_R03C01","MFA_1","MFA_13","S","U",FALSE,0.285664720237254
"GSM5695309_204088100071_R03C01","GSM5695381_204273120066_R05C01","MFA_1","NA_16","S","S",FALSE,0.0328934747002559
"GSM5695309_204088100071_R03C01","GSM5695382_204088100082_R03C01","MFA_1","NA_16","S","U",FALSE,0.0113292194151594
"GSM5695309_204088100071_R03C01","GSM5695383_204281260043_R06C01","MFA_1","MFA_14","S","S",FALSE,0.0205329276688585
"GSM5695309_204088100071_R03C01","GSM5695384_204281260063_R06C01","MFA_1","MFA_14","S","U",FALSE,0.00403075560037065
"GSM5695309_204088100071_R03C01","GSM5695385_204281260063_R04C01","MFA_1","SFA_12","S","S",FALSE,0.303304650947877
"GSM5695309_204088100071_R03C01","GSM5695386_204273120074_R04C01","MFA_1","SFA_12","S","U",FALSE,0.329886974002613
"GSM5695309_204088100071_R03C01","GSM5695387_204273120073_R01C01","MFA_1","NA_17","S","S",FALSE,0.127467560233159
"GSM5695309_204088100071_R03C01","GSM5695388_204281260063_R05C01","MFA_1","NA_17","S","U",FALSE,0.134828047515113
"GSM5695309_204088100071_R03C01","GSM5695389_204088100082_R06C01","MFA_1","SFA_13","S","S",FALSE,0.207714068266134
"GSM5695309_204088100071_R03C01","GSM5695390_204273120066_R01C01","MFA_1","SFA_13","S","U",FALSE,0.186690809618465
"GSM5695309_204088100071_R03C01","GSM5695391_204281260043_R02C01","MFA_1","MFA_15","S","S",FALSE,0.48556659915879
"GSM5695309_204088100071_R03C01","GSM5695392_204273120073_R06C01","MFA_1","MFA_15","S","U",FALSE,0.481352718529805
"GSM5695310_204281260061_R01C01","GSM5695311_204281260060_R02C01","MFA_1","MFA_2","U","S",FALSE,0.188580897162375
"GSM5695310_204281260061_R01C01","GSM5695312_204273120074_R06C01","MFA_1","MFA_2","U","U",FALSE,0.205029327020879
"GSM5695310_204281260061_R01C01","GSM5695313_204273120005_R04C01","MFA_1","SFA_3","U","S",FALSE,0.229709072300807
"GSM5695310_204281260061_R01C01","GSM5695314_204273120073_R02C01","MFA_1","SFA_3","U","U",FALSE,0.237250625647695
"GSM5695310_204281260061_R01C01","GSM5695315_204273120005_R03C01","MFA_1","MFA_3","U","S",FALSE,0.111547768300605
"GSM5695310_204281260061_R01C01","GSM5695316_204281260061_R07C01","MFA_1","MFA_3","U","U",FALSE,0.105293563306213
"GSM5695310_204281260061_R01C01","GSM5695317_204273120073_R07C01","MFA_1","SFA_4","U","S",FALSE,0.0898300248438208
"GSM5695310_204281260061_R01C01","GSM5695318_204088100071_R04C01","MFA_1","SFA_4","U","U",FALSE,0.0726164710054073
"GSM5695310_204281260061_R01C01","GSM5695319_204088100082_R01C01","MFA_1","SFA_4","U","S",FALSE,0.127009861038271
"GSM5695310_204281260061_R01C01","GSM5695320_204281260063_R01C01","MFA_1","SFA_1","U","U",FALSE,0.107340966554387
"GSM5695310_204281260061_R01C01","GSM5695321_204273120073_R04C01","MFA_1","MFA_4","U","S",FALSE,0.26828785128802
"GSM5695310_204281260061_R01C01","GSM5695322_204088100053_R06C01","MFA_1","MFA_4","U","U",FALSE,0.232298778439494
"GSM5695310_204281260061_R01C01","GSM5695323_204273120066_R02C01","MFA_1","MFA_5","U","S",FALSE,0.198044205992016
"GSM5695310_204281260061_R01C01","GSM5695324_204273120074_R08C01","MFA_1","MFA_5","U","U",FALSE,0.212607453201539
"GSM5695310_204281260061_R01C01","GSM5695325_204273120068_R02C01","MFA_1","NA_1","U","S",FALSE,0.265920151572215
"GSM5695310_204281260061_R01C01","GSM5695326_204281260060_R01C01","MFA_1","NA_1","U","U",FALSE,0.259341849955023
"GSM5695310_204281260061_R01C01","GSM5695327_204281260060_R07C01","MFA_1","NA_2","U","S",FALSE,0.096155410598895
"GSM5695310_204281260061_R01C01","GSM5695328_204281260061_R05C01","MFA_1","NA_2","U","U",FALSE,0.0807222637930254
"GSM5695310_204281260061_R01C01","GSM5695329_204088100082_R02C01","MFA_1","MFA_6","U","S",FALSE,0.219645308951536
"GSM5695310_204281260061_R01C01","GSM5695330_204281260061_R04C01","MFA_1","MFA_6","U","U",FALSE,0.201957168076985
"GSM5695310_204281260061_R01C01","GSM5695331_204281260060_R06C01","MFA_1","MFA_7","U","S",FALSE,0.0323825976278864
"GSM5695310_204281260061_R01C01","GSM5695332_204273120066_R08C01","MFA_1","MFA_7","U","U",FALSE,0.0213559689901348
"GSM5695310_204281260061_R01C01","GSM5695333_204088100053_R02C01","MFA_1","NA_3","U","S",FALSE,0.319889040397635
"GSM5695310_204281260061_R01C01","GSM5695334_204281260063_R08C01","MFA_1","NA_3","U","U",FALSE,0.330347620259712
"GSM5695310_204281260061_R01C01","GSM5695335_204088100053_R05C01","MFA_1","NA_4","U","S",FALSE,0.332305195218978
"GSM5695310_204281260061_R01C01","GSM5695336_204273120005_R07C01","MFA_1","NA_4","U","U",FALSE,0.304002921818421
"GSM5695310_204281260061_R01C01","GSM5695337_204088100082_R04C01","MFA_1","NA_5","U","S",FALSE,0.190286845825135
"GSM5695310_204281260061_R01C01","GSM5695338_204088100071_R01C01","MFA_1","NA_5","U","U",FALSE,0.182392371275579
"GSM5695310_204281260061_R01C01","GSM5695339_204281260043_R04C01","MFA_1","MFA_8","U","S",FALSE,0.069797327018375
"GSM5695310_204281260061_R01C01","GSM5695340_204273120074_R05C01","MFA_1","MFA_8","U","U",FALSE,0.0655033523545411
"GSM5695310_204281260061_R01C01","GSM5695341_204281260060_R05C01","MFA_1","NA_6","U","S",FALSE,0.136685344278819
"GSM5695310_204281260061_R01C01","GSM5695342_204281260063_R02C01","MFA_1","SFA_5","U","S",FALSE,0.298560820211089
"GSM5695310_204281260061_R01C01","GSM5695343_204273120068_R04C01","MFA_1","SFA_1","U","U",FALSE,0.294596671886393
"GSM5695310_204281260061_R01C01","GSM5695344_204088100053_R01C01","MFA_1","MFA_9","U","S",FALSE,0.179805412977744
"GSM5695310_204281260061_R01C01","GSM5695345_204088100053_R03C01","MFA_1","MFA_9","U","U",FALSE,0.177394759178326
"GSM5695310_204281260061_R01C01","GSM5695346_204273120074_R07C01","MFA_1","MFA_10","U","S",FALSE,0.249864109815725
"GSM5695310_204281260061_R01C01","GSM5695347_204281260061_R08C01","MFA_1","MFA_10","U","U",FALSE,0.198508422090138
"GSM5695310_204281260061_R01C01","GSM5695348_204281260061_R02C01","MFA_1","NA_7","U","S",FALSE,0.264369671939088
"GSM5695310_204281260061_R01C01","GSM5695349_204281260060_R04C01","MFA_1","NA_7","U","U",FALSE,0.256157176955214
"GSM5695310_204281260061_R01C01","GSM5695350_204088100071_R02C01","MFA_1","NA_8","U","S",FALSE,0.235310059028832
"GSM5695310_204281260061_R01C01","GSM5695351_204273120074_R03C01","MFA_1","NA_8","U","U",FALSE,0.190312765426405
"GSM5695310_204281260061_R01C01","GSM5695352_204088100053_R07C01","MFA_1","MFA_11","U","S",FALSE,0.201033658735074
"GSM5695310_204281260061_R01C01","GSM5695353_204273120074_R02C01","MFA_1","MFA_11","U","U",FALSE,0.194578586243834
"GSM5695310_204281260061_R01C01","GSM5695354_204273120066_R03C01","MFA_1","SFA_6","U","S",FALSE,0.151744202894204
"GSM5695310_204281260061_R01C01","GSM5695355_204273120068_R06C01","MFA_1","SFA_6","U","U",FALSE,0.134364486616659
"GSM5695310_204281260061_R01C01","GSM5695356_204273120068_R05C01","MFA_1","NA_9","U","S",FALSE,-0.0542349412818976
"GSM5695310_204281260061_R01C01","GSM5695357_204273120066_R06C01","MFA_1","NA_9","U","U",FALSE,-0.0451119683131228
"GSM5695310_204281260061_R01C01","GSM5695358_204273120005_R05C01","MFA_1","MFA_12","U","S",FALSE,0.305753936901701
"GSM5695310_204281260061_R01C01","GSM5695359_204273120074_R01C01","MFA_1","MFA_12","U","U",FALSE,0.317717372730535
"GSM5695310_204281260061_R01C01","GSM5695360_204273120005_R06C01","MFA_1","SFA_7","U","U",FALSE,0.201568119110077
"GSM5695310_204281260061_R01C01","GSM5695361_204281260043_R01C01","MFA_1","SFA_8","U","S",FALSE,0.380506755406477
"GSM5695310_204281260061_R01C01","GSM5695362_204088100071_R08C01","MFA_1","SFA_8","U","U",FALSE,0.369146516229348
"GSM5695310_204281260061_R01C01","GSM5695363_204281260060_R03C01","MFA_1","NA_10","U","S",FALSE,0.136740395618427
"GSM5695310_204281260061_R01C01","GSM5695364_204281260043_R08C01","MFA_1","NA_10","U","U",FALSE,0.137554017363756
"GSM5695310_204281260061_R01C01","GSM5695365_204088100053_R04C01","MFA_1","NA_11","U","S",FALSE,0.137675498785302
"GSM5695310_204281260061_R01C01","GSM5695366_204088100071_R06C01","MFA_1","NA_11","U","U",FALSE,0.132710680091305
"GSM5695310_204281260061_R01C01","GSM5695367_204281260061_R06C01","MFA_1","SFA_9","U","S",FALSE,0.103089046725391
"GSM5695310_204281260061_R01C01","GSM5695368_204281260043_R05C01","MFA_1","SFA_9","U","U",FALSE,0.109980153219498
"GSM5695310_204281260061_R01C01","GSM5695369_204273120066_R07C01","MFA_1","SFA_10","U","S",FALSE,0.0574474131412225
"GSM5695310_204281260061_R01C01","GSM5695370_204281260063_R07C01","MFA_1","NA_12","U","S",FALSE,0.117727623653886
"GSM5695310_204281260061_R01C01","GSM5695371_204281260061_R03C01","MFA_1","NA_13","U","S",FALSE,0.164470472856017
"GSM5695310_204281260061_R01C01","GSM5695372_204273120073_R05C01","MFA_1","NA_13","U","U",FALSE,0.148863480746814
"GSM5695310_204281260061_R01C01","GSM5695373_204281260043_R07C01","MFA_1","SFA_11","U","S",FALSE,0.265193047156003
"GSM5695310_204281260061_R01C01","GSM5695374_204281260043_R03C01","MFA_1","SFA_11","U","U",FALSE,0.256365223113379
"GSM5695310_204281260061_R01C01","GSM5695375_204088100071_R05C01","MFA_1","NA_14","U","S",FALSE,0.323240235311384
"GSM5695310_204281260061_R01C01","GSM5695376_204281260063_R03C01","MFA_1","NA_14","U","U",FALSE,0.308995688022079
"GSM5695310_204281260061_R01C01","GSM5695377_204273120073_R03C01","MFA_1","NA_15","U","S",FALSE,0.129851648576811
"GSM5695310_204281260061_R01C01","GSM5695378_204273120068_R01C01","MFA_1","NA_15","U","U",FALSE,0.135970525343831
"GSM5695310_204281260061_R01C01","GSM5695379_204088100071_R07C01","MFA_1","MFA_13","U","S",FALSE,0.287137946186369
"GSM5695310_204281260061_R01C01","GSM5695380_204273120068_R03C01","MFA_1","MFA_13","U","U",FALSE,0.273217834221004
"GSM5695310_204281260061_R01C01","GSM5695381_204273120066_R05C01","MFA_1","NA_16","U","S",FALSE,0.0210308514020343
"GSM5695310_204281260061_R01C01","GSM5695382_204088100082_R03C01","MFA_1","NA_16","U","U",FALSE,0.00123167948248341
"GSM5695310_204281260061_R01C01","GSM5695383_204281260043_R06C01","MFA_1","MFA_14","U","S",FALSE,0.01785885379401
"GSM5695310_204281260061_R01C01","GSM5695384_204281260063_R06C01","MFA_1","MFA_14","U","U",FALSE,0.00295212181439741
"GSM5695310_204281260061_R01C01","GSM5695385_204281260063_R04C01","MFA_1","SFA_12","U","S",FALSE,0.305406049755872
"GSM5695310_204281260061_R01C01","GSM5695386_204273120074_R04C01","MFA_1","SFA_12","U","U",FALSE,0.332024807922074
"GSM5695310_204281260061_R01C01","GSM5695387_204273120073_R01C01","MFA_1","NA_17","U","S",FALSE,0.143260659150468
"GSM5695310_204281260061_R01C01","GSM5695388_204281260063_R05C01","MFA_1","NA_17","U","U",FALSE,0.151149957325387
"GSM5695310_204281260061_R01C01","GSM5695389_204088100082_R06C01","MFA_1","SFA_13","U","S",FALSE,0.206294791075066
"GSM5695310_204281260061_R01C01","GSM5695390_204273120066_R01C01","MFA_1","SFA_13","U","U",FALSE,0.186709174293887
"GSM5695310_204281260061_R01C01","GSM5695391_204281260043_R02C01","MFA_1","MFA_15","U","S",FALSE,0.482806968007423
"GSM5695310_204281260061_R01C01","GSM5695392_204273120073_R06C01","MFA_1","MFA_15","U","U",FALSE,0.475710362068215
"GSM5695311_204281260060_R02C01","GSM5695312_204273120074_R06C01","MFA_2","MFA_2","S","U",TRUE,0.995568100271066
"GSM5695311_204281260060_R02C01","GSM5695313_204273120005_R04C01","MFA_2","SFA_3","S","S",FALSE,0.276992204665808
"GSM5695311_204281260060_R02C01","GSM5695314_204273120073_R02C01","MFA_2","SFA_3","S","U",FALSE,0.28639912187869
"GSM5695311_204281260060_R02C01","GSM5695315_204273120005_R03C01","MFA_2","MFA_3","S","S",FALSE,0.113678820503368
"GSM5695311_204281260060_R02C01","GSM5695316_204281260061_R07C01","MFA_2","MFA_3","S","U",FALSE,0.127389503797213
"GSM5695311_204281260060_R02C01","GSM5695317_204273120073_R07C01","MFA_2","SFA_4","S","S",FALSE,0.335536456011684
"GSM5695311_204281260060_R02C01","GSM5695318_204088100071_R04C01","MFA_2","SFA_4","S","U",FALSE,0.328848349787288
"GSM5695311_204281260060_R02C01","GSM5695319_204088100082_R01C01","MFA_2","SFA_4","S","S",FALSE,0.229323696807485
"GSM5695311_204281260060_R02C01","GSM5695320_204281260063_R01C01","MFA_2","SFA_1","S","U",FALSE,0.219043426127117
"GSM5695311_204281260060_R02C01","GSM5695321_204273120073_R04C01","MFA_2","MFA_4","S","S",FALSE,0.0467129232731269
"GSM5695311_204281260060_R02C01","GSM5695322_204088100053_R06C01","MFA_2","MFA_4","S","U",FALSE,0.059687493061834
"GSM5695311_204281260060_R02C01","GSM5695323_204273120066_R02C01","MFA_2","MFA_5","S","S",FALSE,0.351373982402086
"GSM5695311_204281260060_R02C01","GSM5695324_204273120074_R08C01","MFA_2","MFA_5","S","U",FALSE,0.351985042310127
"GSM5695311_204281260060_R02C01","GSM5695325_204273120068_R02C01","MFA_2","NA_1","S","S",FALSE,0.237994278609209
"GSM5695311_204281260060_R02C01","GSM5695326_204281260060_R01C01","MFA_2","NA_1","S","U",FALSE,0.255027125688442
"GSM5695311_204281260060_R02C01","GSM5695327_204281260060_R07C01","MFA_2","NA_2","S","S",FALSE,0.267028830113252
"GSM5695311_204281260060_R02C01","GSM5695328_204281260061_R05C01","MFA_2","NA_2","S","U",FALSE,0.263779326237195
"GSM5695311_204281260060_R02C01","GSM5695329_204088100082_R02C01","MFA_2","MFA_6","S","S",FALSE,0.0555869442165554
"GSM5695311_204281260060_R02C01","GSM5695330_204281260061_R04C01","MFA_2","MFA_6","S","U",FALSE,0.0644721062823061
"GSM5695311_204281260060_R02C01","GSM5695331_204281260060_R06C01","MFA_2","MFA_7","S","S",FALSE,0.167078445393938
"GSM5695311_204281260060_R02C01","GSM5695332_204273120066_R08C01","MFA_2","MFA_7","S","U",FALSE,0.174284266605907
"GSM5695311_204281260060_R02C01","GSM5695333_204088100053_R02C01","MFA_2","NA_3","S","S",FALSE,0.313730348792019
"GSM5695311_204281260060_R02C01","GSM5695334_204281260063_R08C01","MFA_2","NA_3","S","U",FALSE,0.321687849374142
"GSM5695311_204281260060_R02C01","GSM5695335_204088100053_R05C01","MFA_2","NA_4","S","S",FALSE,0.22318246193773
"GSM5695311_204281260060_R02C01","GSM5695336_204273120005_R07C01","MFA_2","NA_4","S","U",FALSE,0.205857444914467
"GSM5695311_204281260060_R02C01","GSM5695337_204088100082_R04C01","MFA_2","NA_5","S","S",FALSE,0.207284178624232
"GSM5695311_204281260060_R02C01","GSM5695338_204088100071_R01C01","MFA_2","NA_5","S","U",FALSE,0.182507922120838
"GSM5695311_204281260060_R02C01","GSM5695339_204281260043_R04C01","MFA_2","MFA_8","S","S",FALSE,0.33336260996867
"GSM5695311_204281260060_R02C01","GSM5695340_204273120074_R05C01","MFA_2","MFA_8","S","U",FALSE,0.327469034300207
"GSM5695311_204281260060_R02C01","GSM5695341_204281260060_R05C01","MFA_2","NA_6","S","S",FALSE,0.429519254533697
"GSM5695311_204281260060_R02C01","GSM5695342_204281260063_R02C01","MFA_2","SFA_5","S","S",FALSE,0.278668019126058
"GSM5695311_204281260060_R02C01","GSM5695343_204273120068_R04C01","MFA_2","SFA_1","S","U",FALSE,0.281099338776707
"GSM5695311_204281260060_R02C01","GSM5695344_204088100053_R01C01","MFA_2","MFA_9","S","S",FALSE,0.258286016957974
"GSM5695311_204281260060_R02C01","GSM5695345_204088100053_R03C01","MFA_2","MFA_9","S","U",FALSE,0.264866148259084
"GSM5695311_204281260060_R02C01","GSM5695346_204273120074_R07C01","MFA_2","MFA_10","S","S",FALSE,0.118604486204503
"GSM5695311_204281260060_R02C01","GSM5695347_204281260061_R08C01","MFA_2","MFA_10","S","U",FALSE,0.117976635286665
"GSM5695311_204281260060_R02C01","GSM5695348_204281260061_R02C01","MFA_2","NA_7","S","S",FALSE,0.46226279705158
"GSM5695311_204281260060_R02C01","GSM5695349_204281260060_R04C01","MFA_2","NA_7","S","U",FALSE,0.474994510230624
"GSM5695311_204281260060_R02C01","GSM5695350_204088100071_R02C01","MFA_2","NA_8","S","S",FALSE,0.355590957832332
"GSM5695311_204281260060_R02C01","GSM5695351_204273120074_R03C01","MFA_2","NA_8","S","U",FALSE,0.30649756945093
"GSM5695311_204281260060_R02C01","GSM5695352_204088100053_R07C01","MFA_2","MFA_11","S","S",FALSE,0.343136109566751
"GSM5695311_204281260060_R02C01","GSM5695353_204273120074_R02C01","MFA_2","MFA_11","S","U",FALSE,0.324034108584594
"GSM5695311_204281260060_R02C01","GSM5695354_204273120066_R03C01","MFA_2","SFA_6","S","S",FALSE,0.252648584780741
"GSM5695311_204281260060_R02C01","GSM5695355_204273120068_R06C01","MFA_2","SFA_6","S","U",FALSE,0.259342823142836
"GSM5695311_204281260060_R02C01","GSM5695356_204273120068_R05C01","MFA_2","NA_9","S","S",FALSE,0.233749974108431
"GSM5695311_204281260060_R02C01","GSM5695357_204273120066_R06C01","MFA_2","NA_9","S","U",FALSE,0.21130426652046
"GSM5695311_204281260060_R02C01","GSM5695358_204273120005_R05C01","MFA_2","MFA_12","S","S",FALSE,0.222785999927348
"GSM5695311_204281260060_R02C01","GSM5695359_204273120074_R01C01","MFA_2","MFA_12","S","U",FALSE,0.228793382268477
"GSM5695311_204281260060_R02C01","GSM5695360_204273120005_R06C01","MFA_2","SFA_7","S","U",FALSE,0.403433420329798
"GSM5695311_204281260060_R02C01","GSM5695361_204281260043_R01C01","MFA_2","SFA_8","S","S",FALSE,0.407260082106465
"GSM5695311_204281260060_R02C01","GSM5695362_204088100071_R08C01","MFA_2","SFA_8","S","U",FALSE,0.403208847924563
"GSM5695311_204281260060_R02C01","GSM5695363_204281260060_R03C01","MFA_2","NA_10","S","S",FALSE,0.239519500305002
"GSM5695311_204281260060_R02C01","GSM5695364_204281260043_R08C01","MFA_2","NA_10","S","U",FALSE,0.27361284935557
"GSM5695311_204281260060_R02C01","GSM5695365_204088100053_R04C01","MFA_2","NA_11","S","S",FALSE,0.14734341468009
"GSM5695311_204281260060_R02C01","GSM5695366_204088100071_R06C01","MFA_2","NA_11","S","U",FALSE,0.144626914700544
"GSM5695311_204281260060_R02C01","GSM5695367_204281260061_R06C01","MFA_2","SFA_9","S","S",FALSE,0.234168968262302
"GSM5695311_204281260060_R02C01","GSM5695368_204281260043_R05C01","MFA_2","SFA_9","S","U",FALSE,0.241230514837094
"GSM5695311_204281260060_R02C01","GSM5695369_204273120066_R07C01","MFA_2","SFA_10","S","S",FALSE,0.333211498453981
"GSM5695311_204281260060_R02C01","GSM5695370_204281260063_R07C01","MFA_2","NA_12","S","S",FALSE,0.239476903256852
"GSM5695311_204281260060_R02C01","GSM5695371_204281260061_R03C01","MFA_2","NA_13","S","S",FALSE,0.258944132663678
"GSM5695311_204281260060_R02C01","GSM5695372_204273120073_R05C01","MFA_2","NA_13","S","U",FALSE,0.249663622945274
"GSM5695311_204281260060_R02C01","GSM5695373_204281260043_R07C01","MFA_2","SFA_11","S","S",FALSE,0.388694358550005
"GSM5695311_204281260060_R02C01","GSM5695374_204281260043_R03C01","MFA_2","SFA_11","S","U",FALSE,0.404320453840478
"GSM5695311_204281260060_R02C01","GSM5695375_204088100071_R05C01","MFA_2","NA_14","S","S",FALSE,0.128904113135713
"GSM5695311_204281260060_R02C01","GSM5695376_204281260063_R03C01","MFA_2","NA_14","S","U",FALSE,0.0976790335161176
"GSM5695311_204281260060_R02C01","GSM5695377_204273120073_R03C01","MFA_2","NA_15","S","S",FALSE,0.217644351051623
"GSM5695311_204281260060_R02C01","GSM5695378_204273120068_R01C01","MFA_2","NA_15","S","U",FALSE,0.210165551182653
"GSM5695311_204281260060_R02C01","GSM5695379_204088100071_R07C01","MFA_2","MFA_13","S","S",FALSE,0.334727790237536
"GSM5695311_204281260060_R02C01","GSM5695380_204273120068_R03C01","MFA_2","MFA_13","S","U",FALSE,0.333256465449795
"GSM5695311_204281260060_R02C01","GSM5695381_204273120066_R05C01","MFA_2","NA_16","S","S",FALSE,0.192730375168364
"GSM5695311_204281260060_R02C01","GSM5695382_204088100082_R03C01","MFA_2","NA_16","S","U",FALSE,0.200633407077828
"GSM5695311_204281260060_R02C01","GSM5695383_204281260043_R06C01","MFA_2","MFA_14","S","S",FALSE,0.460863323233185
"GSM5695311_204281260060_R02C01","GSM5695384_204281260063_R06C01","MFA_2","MFA_14","S","U",FALSE,0.448958833051513
"GSM5695311_204281260060_R02C01","GSM5695385_204281260063_R04C01","MFA_2","SFA_12","S","S",FALSE,0.268647298081507
"GSM5695311_204281260060_R02C01","GSM5695386_204273120074_R04C01","MFA_2","SFA_12","S","U",FALSE,0.268872367891131
"GSM5695311_204281260060_R02C01","GSM5695387_204273120073_R01C01","MFA_2","NA_17","S","S",FALSE,0.268862681660363
"GSM5695311_204281260060_R02C01","GSM5695388_204281260063_R05C01","MFA_2","NA_17","S","U",FALSE,0.276438465723458
"GSM5695311_204281260060_R02C01","GSM5695389_204088100082_R06C01","MFA_2","SFA_13","S","S",FALSE,0.356543368318409
"GSM5695311_204281260060_R02C01","GSM5695390_204273120066_R01C01","MFA_2","SFA_13","S","U",FALSE,0.376997844426381
"GSM5695311_204281260060_R02C01","GSM5695391_204281260043_R02C01","MFA_2","MFA_15","S","S",FALSE,0.361398956019164
"GSM5695311_204281260060_R02C01","GSM5695392_204273120073_R06C01","MFA_2","MFA_15","S","U",FALSE,0.327283371357054
"GSM5695312_204273120074_R06C01","GSM5695313_204273120005_R04C01","MFA_2","SFA_3","U","S",FALSE,0.27239317189355
"GSM5695312_204273120074_R06C01","GSM5695314_204273120073_R02C01","MFA_2","SFA_3","U","U",FALSE,0.285202302977083
"GSM5695312_204273120074_R06C01","GSM5695315_204273120005_R03C01","MFA_2","MFA_3","U","S",FALSE,0.104744174565661
"GSM5695312_204273120074_R06C01","GSM5695316_204281260061_R07C01","MFA_2","MFA_3","U","U",FALSE,0.117340385169086
"GSM5695312_204273120074_R06C01","GSM5695317_204273120073_R07C01","MFA_2","SFA_4","U","S",FALSE,0.334021287901701
"GSM5695312_204273120074_R06C01","GSM5695318_204088100071_R04C01","MFA_2","SFA_4","U","U",FALSE,0.327128254565604
"GSM5695312_204273120074_R06C01","GSM5695319_204088100082_R01C01","MFA_2","SFA_4","U","S",FALSE,0.234890679913533
"GSM5695312_204273120074_R06C01","GSM5695320_204281260063_R01C01","MFA_2","SFA_1","U","U",FALSE,0.225545006695692
"GSM5695312_204273120074_R06C01","GSM5695321_204273120073_R04C01","MFA_2","MFA_4","U","S",FALSE,0.0453527334396932
"GSM5695312_204273120074_R06C01","GSM5695322_204088100053_R06C01","MFA_2","MFA_4","U","U",FALSE,0.0595344990742537
"GSM5695312_204273120074_R06C01","GSM5695323_204273120066_R02C01","MFA_2","MFA_5","U","S",FALSE,0.350663770549799
"GSM5695312_204273120074_R06C01","GSM5695324_204273120074_R08C01","MFA_2","MFA_5","U","U",FALSE,0.350006965745019
"GSM5695312_204273120074_R06C01","GSM5695325_204273120068_R02C01","MFA_2","NA_1","U","S",FALSE,0.248963586815891
"GSM5695312_204273120074_R06C01","GSM5695326_204281260060_R01C01","MFA_2","NA_1","U","U",FALSE,0.265282254921144
"GSM5695312_204273120074_R06C01","GSM5695327_204281260060_R07C01","MFA_2","NA_2","U","S",FALSE,0.266266945962897
"GSM5695312_204273120074_R06C01","GSM5695328_204281260061_R05C01","MFA_2","NA_2","U","U",FALSE,0.264039636636379
"GSM5695312_204273120074_R06C01","GSM5695329_204088100082_R02C01","MFA_2","MFA_6","U","S",FALSE,0.0606547846788993
"GSM5695312_204273120074_R06C01","GSM5695330_204281260061_R04C01","MFA_2","MFA_6","U","U",FALSE,0.0704691958807115
"GSM5695312_204273120074_R06C01","GSM5695331_204281260060_R06C01","MFA_2","MFA_7","U","S",FALSE,0.167048665033103
"GSM5695312_204273120074_R06C01","GSM5695332_204273120066_R08C01","MFA_2","MFA_7","U","U",FALSE,0.174475922345266
"GSM5695312_204273120074_R06C01","GSM5695333_204088100053_R02C01","MFA_2","NA_3","U","S",FALSE,0.324736248746447
"GSM5695312_204273120074_R06C01","GSM5695334_204281260063_R08C01","MFA_2","NA_3","U","U",FALSE,0.331210706077983
"GSM5695312_204273120074_R06C01","GSM5695335_204088100053_R05C01","MFA_2","NA_4","U","S",FALSE,0.225278387330101
"GSM5695312_204273120074_R06C01","GSM5695336_204273120005_R07C01","MFA_2","NA_4","U","U",FALSE,0.207542477637261
"GSM5695312_204273120074_R06C01","GSM5695337_204088100082_R04C01","MFA_2","NA_5","U","S",FALSE,0.222954777960246
"GSM5695312_204273120074_R06C01","GSM5695338_204088100071_R01C01","MFA_2","NA_5","U","U",FALSE,0.19736135741508
"GSM5695312_204273120074_R06C01","GSM5695339_204281260043_R04C01","MFA_2","MFA_8","U","S",FALSE,0.32832338810812
"GSM5695312_204273120074_R06C01","GSM5695340_204273120074_R05C01","MFA_2","MFA_8","U","U",FALSE,0.320462963484666
"GSM5695312_204273120074_R06C01","GSM5695341_204281260060_R05C01","MFA_2","NA_6","U","S",FALSE,0.426998239259303
"GSM5695312_204273120074_R06C01","GSM5695342_204281260063_R02C01","MFA_2","SFA_5","U","S",FALSE,0.295530536409042
"GSM5695312_204273120074_R06C01","GSM5695343_204273120068_R04C01","MFA_2","SFA_1","U","U",FALSE,0.294383118001065
"GSM5695312_204273120074_R06C01","GSM5695344_204088100053_R01C01","MFA_2","MFA_9","U","S",FALSE,0.274075355324743
"GSM5695312_204273120074_R06C01","GSM5695345_204088100053_R03C01","MFA_2","MFA_9","U","U",FALSE,0.279793375578438
"GSM5695312_204273120074_R06C01","GSM5695346_204273120074_R07C01","MFA_2","MFA_10","U","S",FALSE,0.110158855973234
"GSM5695312_204273120074_R06C01","GSM5695347_204281260061_R08C01","MFA_2","MFA_10","U","U",FALSE,0.10637242636776
"GSM5695312_204273120074_R06C01","GSM5695348_204281260061_R02C01","MFA_2","NA_7","U","S",FALSE,0.455956266588172
"GSM5695312_204273120074_R06C01","GSM5695349_204281260060_R04C01","MFA_2","NA_7","U","U",FALSE,0.466514323135777
"GSM5695312_204273120074_R06C01","GSM5695350_204088100071_R02C01","MFA_2","NA_8","U","S",FALSE,0.366503000629423
"GSM5695312_204273120074_R06C01","GSM5695351_204273120074_R03C01","MFA_2","NA_8","U","U",FALSE,0.316458528036546
"GSM5695312_204273120074_R06C01","GSM5695352_204088100053_R07C01","MFA_2","MFA_11","U","S",FALSE,0.352969924817724
"GSM5695312_204273120074_R06C01","GSM5695353_204273120074_R02C01","MFA_2","MFA_11","U","U",FALSE,0.333930335307744
"GSM5695312_204273120074_R06C01","GSM5695354_204273120066_R03C01","MFA_2","SFA_6","U","S",FALSE,0.256839093913746
"GSM5695312_204273120074_R06C01","GSM5695355_204273120068_R06C01","MFA_2","SFA_6","U","U",FALSE,0.265279835994465
"GSM5695312_204273120074_R06C01","GSM5695356_204273120068_R05C01","MFA_2","NA_9","U","S",FALSE,0.223731740578683
"GSM5695312_204273120074_R06C01","GSM5695357_204273120066_R06C01","MFA_2","NA_9","U","U",FALSE,0.201560603707945
"GSM5695312_204273120074_R06C01","GSM5695358_204273120005_R05C01","MFA_2","MFA_12","U","S",FALSE,0.230804020996158
"GSM5695312_204273120074_R06C01","GSM5695359_204273120074_R01C01","MFA_2","MFA_12","U","U",FALSE,0.239266246676615
"GSM5695312_204273120074_R06C01","GSM5695360_204273120005_R06C01","MFA_2","SFA_7","U","U",FALSE,0.402832438411386
"GSM5695312_204273120074_R06C01","GSM5695361_204281260043_R01C01","MFA_2","SFA_8","U","S",FALSE,0.421819796784564
"GSM5695312_204273120074_R06C01","GSM5695362_204088100071_R08C01","MFA_2","SFA_8","U","U",FALSE,0.415890532097372
"GSM5695312_204273120074_R06C01","GSM5695363_204281260060_R03C01","MFA_2","NA_10","U","S",FALSE,0.227448665385071
"GSM5695312_204273120074_R06C01","GSM5695364_204281260043_R08C01","MFA_2","NA_10","U","U",FALSE,0.258935361556536
"GSM5695312_204273120074_R06C01","GSM5695365_204088100053_R04C01","MFA_2","NA_11","U","S",FALSE,0.130880111305829
"GSM5695312_204273120074_R06C01","GSM5695366_204088100071_R06C01","MFA_2","NA_11","U","U",FALSE,0.127715695419639
"GSM5695312_204273120074_R06C01","GSM5695367_204281260061_R06C01","MFA_2","SFA_9","U","S",FALSE,0.246669996593602
"GSM5695312_204273120074_R06C01","GSM5695368_204281260043_R05C01","MFA_2","SFA_9","U","U",FALSE,0.252335822473389
"GSM5695312_204273120074_R06C01","GSM5695369_204273120066_R07C01","MFA_2","SFA_10","U","S",FALSE,0.326317198901258
"GSM5695312_204273120074_R06C01","GSM5695370_204281260063_R07C01","MFA_2","NA_12","U","S",FALSE,0.249905590533216
"GSM5695312_204273120074_R06C01","GSM5695371_204281260061_R03C01","MFA_2","NA_13","U","S",FALSE,0.253517573198273
"GSM5695312_204273120074_R06C01","GSM5695372_204273120073_R05C01","MFA_2","NA_13","U","U",FALSE,0.245243643613636
"GSM5695312_204273120074_R06C01","GSM5695373_204281260043_R07C01","MFA_2","SFA_11","U","S",FALSE,0.390797988742824
"GSM5695312_204273120074_R06C01","GSM5695374_204281260043_R03C01","MFA_2","SFA_11","U","U",FALSE,0.407177262182723
"GSM5695312_204273120074_R06C01","GSM5695375_204088100071_R05C01","MFA_2","NA_14","U","S",FALSE,0.134674112865766
"GSM5695312_204273120074_R06C01","GSM5695376_204281260063_R03C01","MFA_2","NA_14","U","U",FALSE,0.102433688106234
"GSM5695312_204273120074_R06C01","GSM5695377_204273120073_R03C01","MFA_2","NA_15","U","S",FALSE,0.230283937776885
"GSM5695312_204273120074_R06C01","GSM5695378_204273120068_R01C01","MFA_2","NA_15","U","U",FALSE,0.222680998676848
"GSM5695312_204273120074_R06C01","GSM5695379_204088100071_R07C01","MFA_2","MFA_13","U","S",FALSE,0.351342489316582
"GSM5695312_204273120074_R06C01","GSM5695380_204273120068_R03C01","MFA_2","MFA_13","U","U",FALSE,0.34686697513468
"GSM5695312_204273120074_R06C01","GSM5695381_204273120066_R05C01","MFA_2","NA_16","U","S",FALSE,0.207002080244258
"GSM5695312_204273120074_R06C01","GSM5695382_204088100082_R03C01","MFA_2","NA_16","U","U",FALSE,0.21334807978905
"GSM5695312_204273120074_R06C01","GSM5695383_204281260043_R06C01","MFA_2","MFA_14","U","S",FALSE,0.4553340222619
"GSM5695312_204273120074_R06C01","GSM5695384_204281260063_R06C01","MFA_2","MFA_14","U","U",FALSE,0.442640581355282
"GSM5695312_204273120074_R06C01","GSM5695385_204281260063_R04C01","MFA_2","SFA_12","U","S",FALSE,0.284179063648199
"GSM5695312_204273120074_R06C01","GSM5695386_204273120074_R04C01","MFA_2","SFA_12","U","U",FALSE,0.28559426173938
"GSM5695312_204273120074_R06C01","GSM5695387_204273120073_R01C01","MFA_2","NA_17","U","S",FALSE,0.286304720651023
"GSM5695312_204273120074_R06C01","GSM5695388_204281260063_R05C01","MFA_2","NA_17","U","U",FALSE,0.294948883756581
"GSM5695312_204273120074_R06C01","GSM5695389_204088100082_R06C01","MFA_2","SFA_13","U","S",FALSE,0.364991973711566
"GSM5695312_204273120074_R06C01","GSM5695390_204273120066_R01C01","MFA_2","SFA_13","U","U",FALSE,0.382220416972528
"GSM5695312_204273120074_R06C01","GSM5695391_204281260043_R02C01","MFA_2","MFA_15","U","S",FALSE,0.366332013187969
"GSM5695312_204273120074_R06C01","GSM5695392_204273120073_R06C01","MFA_2","MFA_15","U","U",FALSE,0.335191894618507
"GSM5695313_204273120005_R04C01","GSM5695314_204273120073_R02C01","SFA_3","SFA_3","S","U",TRUE,0.994806081137288
"GSM5695313_204273120005_R04C01","GSM5695315_204273120005_R03C01","SFA_3","MFA_3","S","S",FALSE,0.0117576178909327
"GSM5695313_204273120005_R04C01","GSM5695316_204281260061_R07C01","SFA_3","MFA_3","S","U",FALSE,0.00558933842947376
"GSM5695313_204273120005_R04C01","GSM5695317_204273120073_R07C01","SFA_3","SFA_4","S","S",FALSE,0.146221934694652
"GSM5695313_204273120005_R04C01","GSM5695318_204088100071_R04C01","SFA_3","SFA_4","S","U",FALSE,0.120821352595138
"GSM5695313_204273120005_R04C01","GSM5695319_204088100082_R01C01","SFA_3","SFA_4","S","S",FALSE,0.131748741247005
"GSM5695313_204273120005_R04C01","GSM5695320_204281260063_R01C01","SFA_3","SFA_1","S","U",FALSE,0.125024654456692
"GSM5695313_204273120005_R04C01","GSM5695321_204273120073_R04C01","SFA_3","MFA_4","S","S",FALSE,0.229126903685146
"GSM5695313_204273120005_R04C01","GSM5695322_204088100053_R06C01","SFA_3","MFA_4","S","U",FALSE,0.222182232798096
"GSM5695313_204273120005_R04C01","GSM5695323_204273120066_R02C01","SFA_3","MFA_5","S","S",FALSE,0.14911150691725
"GSM5695313_204273120005_R04C01","GSM5695324_204273120074_R08C01","SFA_3","MFA_5","S","U",FALSE,0.145839535157275
"GSM5695313_204273120005_R04C01","GSM5695325_204273120068_R02C01","SFA_3","NA_1","S","S",FALSE,0.273566936883966
"GSM5695313_204273120005_R04C01","GSM5695326_204281260060_R01C01","SFA_3","NA_1","S","U",FALSE,0.288389164116314
"GSM5695313_204273120005_R04C01","GSM5695327_204281260060_R07C01","SFA_3","NA_2","S","S",FALSE,0.215577368458422
"GSM5695313_204273120005_R04C01","GSM5695328_204281260061_R05C01","SFA_3","NA_2","S","U",FALSE,0.189423971719047
"GSM5695313_204273120005_R04C01","GSM5695329_204088100082_R02C01","SFA_3","MFA_6","S","S",FALSE,0.142553381401118
"GSM5695313_204273120005_R04C01","GSM5695330_204281260061_R04C01","SFA_3","MFA_6","S","U",FALSE,0.126748752835031
"GSM5695313_204273120005_R04C01","GSM5695331_204281260060_R06C01","SFA_3","MFA_7","S","S",FALSE,0.103925787203186
"GSM5695313_204273120005_R04C01","GSM5695332_204273120066_R08C01","SFA_3","MFA_7","S","U",FALSE,0.116030467818982
"GSM5695313_204273120005_R04C01","GSM5695333_204088100053_R02C01","SFA_3","NA_3","S","S",FALSE,0.335595771283014
"GSM5695313_204273120005_R04C01","GSM5695334_204281260063_R08C01","SFA_3","NA_3","S","U",FALSE,0.342755138680906
"GSM5695313_204273120005_R04C01","GSM5695335_204088100053_R05C01","SFA_3","NA_4","S","S",FALSE,0.308556773600383
"GSM5695313_204273120005_R04C01","GSM5695336_204273120005_R07C01","SFA_3","NA_4","S","U",FALSE,0.294651028681587
"GSM5695313_204273120005_R04C01","GSM5695337_204088100082_R04C01","SFA_3","NA_5","S","S",FALSE,0.313180540443313
"GSM5695313_204273120005_R04C01","GSM5695338_204088100071_R01C01","SFA_3","NA_5","S","U",FALSE,0.328019656372442
"GSM5695313_204273120005_R04C01","GSM5695339_204281260043_R04C01","SFA_3","MFA_8","S","S",FALSE,0.256776688650253
"GSM5695313_204273120005_R04C01","GSM5695340_204273120074_R05C01","SFA_3","MFA_8","S","U",FALSE,0.239509649500501
"GSM5695313_204273120005_R04C01","GSM5695341_204281260060_R05C01","SFA_3","NA_6","S","S",FALSE,0.465219812170345
"GSM5695313_204273120005_R04C01","GSM5695342_204281260063_R02C01","SFA_3","SFA_5","S","S",FALSE,0.160818847698868
"GSM5695313_204273120005_R04C01","GSM5695343_204273120068_R04C01","SFA_3","SFA_1","S","U",FALSE,0.153239128810839
"GSM5695313_204273120005_R04C01","GSM5695344_204088100053_R01C01","SFA_3","MFA_9","S","S",FALSE,0.25163841626839
"GSM5695313_204273120005_R04C01","GSM5695345_204088100053_R03C01","SFA_3","MFA_9","S","U",FALSE,0.238310855733571
"GSM5695313_204273120005_R04C01","GSM5695346_204273120074_R07C01","SFA_3","MFA_10","S","S",FALSE,0.10229781717233
"GSM5695313_204273120005_R04C01","GSM5695347_204281260061_R08C01","SFA_3","MFA_10","S","U",FALSE,0.0701037992420189
"GSM5695313_204273120005_R04C01","GSM5695348_204281260061_R02C01","SFA_3","NA_7","S","S",FALSE,0.297886830557392
"GSM5695313_204273120005_R04C01","GSM5695349_204281260060_R04C01","SFA_3","NA_7","S","U",FALSE,0.308981953946993
"GSM5695313_204273120005_R04C01","GSM5695350_204088100071_R02C01","SFA_3","NA_8","S","S",FALSE,0.0350710664841668
"GSM5695313_204273120005_R04C01","GSM5695351_204273120074_R03C01","SFA_3","NA_8","S","U",FALSE,0.00964862783899769
"GSM5695313_204273120005_R04C01","GSM5695352_204088100053_R07C01","SFA_3","MFA_11","S","S",FALSE,0.303404340372999
"GSM5695313_204273120005_R04C01","GSM5695353_204273120074_R02C01","SFA_3","MFA_11","S","U",FALSE,0.29874119469283
"GSM5695313_204273120005_R04C01","GSM5695354_204273120066_R03C01","SFA_3","SFA_6","S","S",FALSE,0.291922946173748
"GSM5695313_204273120005_R04C01","GSM5695355_204273120068_R06C01","SFA_3","SFA_6","S","U",FALSE,0.282739339287847
"GSM5695313_204273120005_R04C01","GSM5695356_204273120068_R05C01","SFA_3","NA_9","S","S",FALSE,0.197870421292574
"GSM5695313_204273120005_R04C01","GSM5695357_204273120066_R06C01","SFA_3","NA_9","S","U",FALSE,0.226740179977612
"GSM5695313_204273120005_R04C01","GSM5695358_204273120005_R05C01","SFA_3","MFA_12","S","S",FALSE,0.0853991100915099
"GSM5695313_204273120005_R04C01","GSM5695359_204273120074_R01C01","SFA_3","MFA_12","S","U",FALSE,0.0870167278409261
"GSM5695313_204273120005_R04C01","GSM5695360_204273120005_R06C01","SFA_3","SFA_7","S","U",FALSE,0.32916957334557
"GSM5695313_204273120005_R04C01","GSM5695361_204281260043_R01C01","SFA_3","SFA_8","S","S",FALSE,0.494754700463991
"GSM5695313_204273120005_R04C01","GSM5695362_204088100071_R08C01","SFA_3","SFA_8","S","U",FALSE,0.494878538481857
"GSM5695313_204273120005_R04C01","GSM5695363_204281260060_R03C01","SFA_3","NA_10","S","S",FALSE,0.221426186345327
"GSM5695313_204273120005_R04C01","GSM5695364_204281260043_R08C01","SFA_3","NA_10","S","U",FALSE,0.19486050450483
"GSM5695313_204273120005_R04C01","GSM5695365_204088100053_R04C01","SFA_3","NA_11","S","S",FALSE,-0.0316652262040177
"GSM5695313_204273120005_R04C01","GSM5695366_204088100071_R06C01","SFA_3","NA_11","S","U",FALSE,-0.0272741610239941
"GSM5695313_204273120005_R04C01","GSM5695367_204281260061_R06C01","SFA_3","SFA_9","S","S",FALSE,-0.0554606482031354
"GSM5695313_204273120005_R04C01","GSM5695368_204281260043_R05C01","SFA_3","SFA_9","S","U",FALSE,-0.0600788044511366
"GSM5695313_204273120005_R04C01","GSM5695369_204273120066_R07C01","SFA_3","SFA_10","S","S",FALSE,0.154874059811473
"GSM5695313_204273120005_R04C01","GSM5695370_204281260063_R07C01","SFA_3","NA_12","S","S",FALSE,-0.0879924461686952
"GSM5695313_204273120005_R04C01","GSM5695371_204281260061_R03C01","SFA_3","NA_13","S","S",FALSE,0.0685264604236192
"GSM5695313_204273120005_R04C01","GSM5695372_204273120073_R05C01","SFA_3","NA_13","S","U",FALSE,0.0552646896530449
"GSM5695313_204273120005_R04C01","GSM5695373_204281260043_R07C01","SFA_3","SFA_11","S","S",FALSE,0.00675521536013534
"GSM5695313_204273120005_R04C01","GSM5695374_204281260043_R03C01","SFA_3","SFA_11","S","U",FALSE,0.00200588810293472
"GSM5695313_204273120005_R04C01","GSM5695375_204088100071_R05C01","SFA_3","NA_14","S","S",FALSE,0.0694543172242889
"GSM5695313_204273120005_R04C01","GSM5695376_204281260063_R03C01","SFA_3","NA_14","S","U",FALSE,0.0588021890713708
"GSM5695313_204273120005_R04C01","GSM5695377_204273120073_R03C01","SFA_3","NA_15","S","S",FALSE,-0.0244456125938601
"GSM5695313_204273120005_R04C01","GSM5695378_204273120068_R01C01","SFA_3","NA_15","S","U",FALSE,-0.0271473416984993
"GSM5695313_204273120005_R04C01","GSM5695379_204088100071_R07C01","SFA_3","MFA_13","S","S",FALSE,0.297411311748277
"GSM5695313_204273120005_R04C01","GSM5695380_204273120068_R03C01","SFA_3","MFA_13","S","U",FALSE,0.295853835228214
"GSM5695313_204273120005_R04C01","GSM5695381_204273120066_R05C01","SFA_3","NA_16","S","S",FALSE,0.0325448448239179
"GSM5695313_204273120005_R04C01","GSM5695382_204088100082_R03C01","SFA_3","NA_16","S","U",FALSE,0.0169219439346723
"GSM5695313_204273120005_R04C01","GSM5695383_204281260043_R06C01","SFA_3","MFA_14","S","S",FALSE,0.226190418748561
"GSM5695313_204273120005_R04C01","GSM5695384_204281260063_R06C01","SFA_3","MFA_14","S","U",FALSE,0.205273345856766
"GSM5695313_204273120005_R04C01","GSM5695385_204281260063_R04C01","SFA_3","SFA_12","S","S",FALSE,0.105934855626902
"GSM5695313_204273120005_R04C01","GSM5695386_204273120074_R04C01","SFA_3","SFA_12","S","U",FALSE,0.108729184677213
"GSM5695313_204273120005_R04C01","GSM5695387_204273120073_R01C01","SFA_3","NA_17","S","S",FALSE,0.00260829264027338
"GSM5695313_204273120005_R04C01","GSM5695388_204281260063_R05C01","SFA_3","NA_17","S","U",FALSE,0.00132258661738335
"GSM5695313_204273120005_R04C01","GSM5695389_204088100082_R06C01","SFA_3","SFA_13","S","S",FALSE,0.103016387417663
"GSM5695313_204273120005_R04C01","GSM5695390_204273120066_R01C01","SFA_3","SFA_13","S","U",FALSE,0.0954093939303907
"GSM5695313_204273120005_R04C01","GSM5695391_204281260043_R02C01","SFA_3","MFA_15","S","S",FALSE,0.25719146659809
"GSM5695313_204273120005_R04C01","GSM5695392_204273120073_R06C01","SFA_3","MFA_15","S","U",FALSE,0.241973562525815
"GSM5695314_204273120073_R02C01","GSM5695315_204273120005_R03C01","SFA_3","MFA_3","U","S",FALSE,0.00674303969439787
"GSM5695314_204273120073_R02C01","GSM5695316_204281260061_R07C01","SFA_3","MFA_3","U","U",FALSE,0.00201778153680352
"GSM5695314_204273120073_R02C01","GSM5695317_204273120073_R07C01","SFA_3","SFA_4","U","S",FALSE,0.164597894430382
"GSM5695314_204273120073_R02C01","GSM5695318_204088100071_R04C01","SFA_3","SFA_4","U","U",FALSE,0.137969108358847
"GSM5695314_204273120073_R02C01","GSM5695319_204088100082_R01C01","SFA_3","SFA_4","U","S",FALSE,0.14071802961806
"GSM5695314_204273120073_R02C01","GSM5695320_204281260063_R01C01","SFA_3","SFA_1","U","U",FALSE,0.13493693251852
"GSM5695314_204273120073_R02C01","GSM5695321_204273120073_R04C01","SFA_3","MFA_4","U","S",FALSE,0.231211566996003
"GSM5695314_204273120073_R02C01","GSM5695322_204088100053_R06C01","SFA_3","MFA_4","U","U",FALSE,0.222032344367964
"GSM5695314_204273120073_R02C01","GSM5695323_204273120066_R02C01","SFA_3","MFA_5","U","S",FALSE,0.15835561751857
"GSM5695314_204273120073_R02C01","GSM5695324_204273120074_R08C01","SFA_3","MFA_5","U","U",FALSE,0.154187387049839
"GSM5695314_204273120073_R02C01","GSM5695325_204273120068_R02C01","SFA_3","NA_1","U","S",FALSE,0.28965002982495
"GSM5695314_204273120073_R02C01","GSM5695326_204281260060_R01C01","SFA_3","NA_1","U","U",FALSE,0.306056347784181
"GSM5695314_204273120073_R02C01","GSM5695327_204281260060_R07C01","SFA_3","NA_2","U","S",FALSE,0.223175612046764
"GSM5695314_204273120073_R02C01","GSM5695328_204281260061_R05C01","SFA_3","NA_2","U","U",FALSE,0.196707670134747
"GSM5695314_204273120073_R02C01","GSM5695329_204088100082_R02C01","SFA_3","MFA_6","U","S",FALSE,0.133229657201343
"GSM5695314_204273120073_R02C01","GSM5695330_204281260061_R04C01","SFA_3","MFA_6","U","U",FALSE,0.118983984527245
"GSM5695314_204273120073_R02C01","GSM5695331_204281260060_R06C01","SFA_3","MFA_7","U","S",FALSE,0.108922441899687
"GSM5695314_204273120073_R02C01","GSM5695332_204273120066_R08C01","SFA_3","MFA_7","U","U",FALSE,0.120383113692282
"GSM5695314_204273120073_R02C01","GSM5695333_204088100053_R02C01","SFA_3","NA_3","U","S",FALSE,0.335053402977215
"GSM5695314_204273120073_R02C01","GSM5695334_204281260063_R08C01","SFA_3","NA_3","U","U",FALSE,0.339238380524152
"GSM5695314_204273120073_R02C01","GSM5695335_204088100053_R05C01","SFA_3","NA_4","U","S",FALSE,0.305603253366359
"GSM5695314_204273120073_R02C01","GSM5695336_204273120005_R07C01","SFA_3","NA_4","U","U",FALSE,0.292706685702405
"GSM5695314_204273120073_R02C01","GSM5695337_204088100082_R04C01","SFA_3","NA_5","U","S",FALSE,0.328888796574001
"GSM5695314_204273120073_R02C01","GSM5695338_204088100071_R01C01","SFA_3","NA_5","U","U",FALSE,0.343285100432726
"GSM5695314_204273120073_R02C01","GSM5695339_204281260043_R04C01","SFA_3","MFA_8","U","S",FALSE,0.254924880764251
"GSM5695314_204273120073_R02C01","GSM5695340_204273120074_R05C01","SFA_3","MFA_8","U","U",FALSE,0.23482195130708
"GSM5695314_204273120073_R02C01","GSM5695341_204281260060_R05C01","SFA_3","NA_6","U","S",FALSE,0.451875184760089
"GSM5695314_204273120073_R02C01","GSM5695342_204281260063_R02C01","SFA_3","SFA_5","U","S",FALSE,0.198660781279261
"GSM5695314_204273120073_R02C01","GSM5695343_204273120068_R04C01","SFA_3","SFA_1","U","U",FALSE,0.187794397398475
"GSM5695314_204273120073_R02C01","GSM5695344_204088100053_R01C01","SFA_3","MFA_9","U","S",FALSE,0.257306152555456
"GSM5695314_204273120073_R02C01","GSM5695345_204088100053_R03C01","SFA_3","MFA_9","U","U",FALSE,0.243348637073528
"GSM5695314_204273120073_R02C01","GSM5695346_204273120074_R07C01","SFA_3","MFA_10","U","S",FALSE,0.100892413344285
"GSM5695314_204273120073_R02C01","GSM5695347_204281260061_R08C01","SFA_3","MFA_10","U","U",FALSE,0.0680757307814873
"GSM5695314_204273120073_R02C01","GSM5695348_204281260061_R02C01","SFA_3","NA_7","U","S",FALSE,0.29532225966841
"GSM5695314_204273120073_R02C01","GSM5695349_204281260060_R04C01","SFA_3","NA_7","U","U",FALSE,0.306764155266239
"GSM5695314_204273120073_R02C01","GSM5695350_204088100071_R02C01","SFA_3","NA_8","U","S",FALSE,0.0522614954622497
"GSM5695314_204273120073_R02C01","GSM5695351_204273120074_R03C01","SFA_3","NA_8","U","U",FALSE,0.0189701602492681
"GSM5695314_204273120073_R02C01","GSM5695352_204088100053_R07C01","SFA_3","MFA_11","U","S",FALSE,0.325154696197408
"GSM5695314_204273120073_R02C01","GSM5695353_204273120074_R02C01","SFA_3","MFA_11","U","U",FALSE,0.320957974044904
"GSM5695314_204273120073_R02C01","GSM5695354_204273120066_R03C01","SFA_3","SFA_6","U","S",FALSE,0.28467914884526
"GSM5695314_204273120073_R02C01","GSM5695355_204273120068_R06C01","SFA_3","SFA_6","U","U",FALSE,0.277721051026589
"GSM5695314_204273120073_R02C01","GSM5695356_204273120068_R05C01","SFA_3","NA_9","U","S",FALSE,0.206416081017258
"GSM5695314_204273120073_R02C01","GSM5695357_204273120066_R06C01","SFA_3","NA_9","U","U",FALSE,0.238245165267492
"GSM5695314_204273120073_R02C01","GSM5695358_204273120005_R05C01","SFA_3","MFA_12","U","S",FALSE,0.118145209016038
"GSM5695314_204273120073_R02C01","GSM5695359_204273120074_R01C01","SFA_3","MFA_12","U","U",FALSE,0.12096164069334
"GSM5695314_204273120073_R02C01","GSM5695360_204273120005_R06C01","SFA_3","SFA_7","U","U",FALSE,0.320104807201316
"GSM5695314_204273120073_R02C01","GSM5695361_204281260043_R01C01","SFA_3","SFA_8","U","S",FALSE,0.519157584784909
"GSM5695314_204273120073_R02C01","GSM5695362_204088100071_R08C01","SFA_3","SFA_8","U","U",FALSE,0.516460879602244
"GSM5695314_204273120073_R02C01","GSM5695363_204281260060_R03C01","SFA_3","NA_10","U","S",FALSE,0.234733373078985
"GSM5695314_204273120073_R02C01","GSM5695364_204281260043_R08C01","SFA_3","NA_10","U","U",FALSE,0.206014135076471
"GSM5695314_204273120073_R02C01","GSM5695365_204088100053_R04C01","SFA_3","NA_11","U","S",FALSE,-0.0100917132402072
"GSM5695314_204273120073_R02C01","GSM5695366_204088100071_R06C01","SFA_3","NA_11","U","U",FALSE,-0.00625444344783814
"GSM5695314_204273120073_R02C01","GSM5695367_204281260061_R06C01","SFA_3","SFA_9","U","S",FALSE,-0.0322096981080196
"GSM5695314_204273120073_R02C01","GSM5695368_204281260043_R05C01","SFA_3","SFA_9","U","U",FALSE,-0.0380653589961087
"GSM5695314_204273120073_R02C01","GSM5695369_204273120066_R07C01","SFA_3","SFA_10","U","S",FALSE,0.176766032767941
"GSM5695314_204273120073_R02C01","GSM5695370_204281260063_R07C01","SFA_3","NA_12","U","S",FALSE,-0.0632348686516955
"GSM5695314_204273120073_R02C01","GSM5695371_204281260061_R03C01","SFA_3","NA_13","U","S",FALSE,0.0845061077100847
"GSM5695314_204273120073_R02C01","GSM5695372_204273120073_R05C01","SFA_3","NA_13","U","U",FALSE,0.0718819320503462
"GSM5695314_204273120073_R02C01","GSM5695373_204281260043_R07C01","SFA_3","SFA_11","U","S",FALSE,-0.000110333694714533
"GSM5695314_204273120073_R02C01","GSM5695374_204281260043_R03C01","SFA_3","SFA_11","U","U",FALSE,-0.00343807909134266
"GSM5695314_204273120073_R02C01","GSM5695375_204088100071_R05C01","SFA_3","NA_14","U","S",FALSE,0.0676304599237686
"GSM5695314_204273120073_R02C01","GSM5695376_204281260063_R03C01","SFA_3","NA_14","U","U",FALSE,0.057757050136831
"GSM5695314_204273120073_R02C01","GSM5695377_204273120073_R03C01","SFA_3","NA_15","U","S",FALSE,-0.0153828411743559
"GSM5695314_204273120073_R02C01","GSM5695378_204273120068_R01C01","SFA_3","NA_15","U","U",FALSE,-0.0186531992499572
"GSM5695314_204273120073_R02C01","GSM5695379_204088100071_R07C01","SFA_3","MFA_13","U","S",FALSE,0.330710638946686
"GSM5695314_204273120073_R02C01","GSM5695380_204273120068_R03C01","SFA_3","MFA_13","U","U",FALSE,0.327273260111228
"GSM5695314_204273120073_R02C01","GSM5695381_204273120066_R05C01","SFA_3","NA_16","U","S",FALSE,0.0471867375768307
"GSM5695314_204273120073_R02C01","GSM5695382_204088100082_R03C01","SFA_3","NA_16","U","U",FALSE,0.028505314578783
"GSM5695314_204273120073_R02C01","GSM5695383_204281260043_R06C01","SFA_3","MFA_14","U","S",FALSE,0.229151207082282
"GSM5695314_204273120073_R02C01","GSM5695384_204281260063_R06C01","SFA_3","MFA_14","U","U",FALSE,0.208130661291964
"GSM5695314_204273120073_R02C01","GSM5695385_204281260063_R04C01","SFA_3","SFA_12","U","S",FALSE,0.114669077423448
"GSM5695314_204273120073_R02C01","GSM5695386_204273120074_R04C01","SFA_3","SFA_12","U","U",FALSE,0.120148699723952
"GSM5695314_204273120073_R02C01","GSM5695387_204273120073_R01C01","SFA_3","NA_17","U","S",FALSE,-0.00163247067651471
"GSM5695314_204273120073_R02C01","GSM5695388_204281260063_R05C01","SFA_3","NA_17","U","U",FALSE,0.000104762796267755
"GSM5695314_204273120073_R02C01","GSM5695389_204088100082_R06C01","SFA_3","SFA_13","U","S",FALSE,0.103904475839592
"GSM5695314_204273120073_R02C01","GSM5695390_204273120066_R01C01","SFA_3","SFA_13","U","U",FALSE,0.095964643979538
"GSM5695314_204273120073_R02C01","GSM5695391_204281260043_R02C01","SFA_3","MFA_15","U","S",FALSE,0.259404185369891
"GSM5695314_204273120073_R02C01","GSM5695392_204273120073_R06C01","SFA_3","MFA_15","U","U",FALSE,0.246852252863255
"GSM5695315_204273120005_R03C01","GSM5695316_204281260061_R07C01","MFA_3","MFA_3","S","U",TRUE,0.994987150114009
"GSM5695315_204273120005_R03C01","GSM5695317_204273120073_R07C01","MFA_3","SFA_4","S","S",FALSE,0.0302293628626778
"GSM5695315_204273120005_R03C01","GSM5695318_204088100071_R04C01","MFA_3","SFA_4","S","U",FALSE,0.031055764858755
"GSM5695315_204273120005_R03C01","GSM5695319_204088100082_R01C01","MFA_3","SFA_4","S","S",FALSE,0.153042196354265
"GSM5695315_204273120005_R03C01","GSM5695320_204281260063_R01C01","MFA_3","SFA_1","S","U",FALSE,0.152315523292939
"GSM5695315_204273120005_R03C01","GSM5695321_204273120073_R04C01","MFA_3","MFA_4","S","S",FALSE,0.216021682864734
"GSM5695315_204273120005_R03C01","GSM5695322_204088100053_R06C01","MFA_3","MFA_4","S","U",FALSE,0.233876869802393
"GSM5695315_204273120005_R03C01","GSM5695323_204273120066_R02C01","MFA_3","MFA_5","S","S",FALSE,-0.0297906630338549
"GSM5695315_204273120005_R03C01","GSM5695324_204273120074_R08C01","MFA_3","MFA_5","S","U",FALSE,0.00207791928789781
"GSM5695315_204273120005_R03C01","GSM5695325_204273120068_R02C01","MFA_3","NA_1","S","S",FALSE,0.100601532935556
"GSM5695315_204273120005_R03C01","GSM5695326_204281260060_R01C01","MFA_3","NA_1","S","U",FALSE,0.119744107315681
"GSM5695315_204273120005_R03C01","GSM5695327_204281260060_R07C01","MFA_3","NA_2","S","S",FALSE,-0.236193212221499
"GSM5695315_204273120005_R03C01","GSM5695328_204281260061_R05C01","MFA_3","NA_2","S","U",FALSE,-0.242699013802717
"GSM5695315_204273120005_R03C01","GSM5695329_204088100082_R02C01","MFA_3","MFA_6","S","S",FALSE,0.0544958600696524
"GSM5695315_204273120005_R03C01","GSM5695330_204281260061_R04C01","MFA_3","MFA_6","S","U",FALSE,0.0583162265274401
"GSM5695315_204273120005_R03C01","GSM5695331_204281260060_R06C01","MFA_3","MFA_7","S","S",FALSE,0.252816955744091
"GSM5695315_204273120005_R03C01","GSM5695332_204273120066_R08C01","MFA_3","MFA_7","S","U",FALSE,0.259575756457571
"GSM5695315_204273120005_R03C01","GSM5695333_204088100053_R02C01","MFA_3","NA_3","S","S",FALSE,0.0583496727430887
"GSM5695315_204273120005_R03C01","GSM5695334_204281260063_R08C01","MFA_3","NA_3","S","U",FALSE,0.0532125171889055
"GSM5695315_204273120005_R03C01","GSM5695335_204088100053_R05C01","MFA_3","NA_4","S","S",FALSE,0.022900133364682
"GSM5695315_204273120005_R03C01","GSM5695336_204273120005_R07C01","MFA_3","NA_4","S","U",FALSE,0.00502197876314458
"GSM5695315_204273120005_R03C01","GSM5695337_204088100082_R04C01","MFA_3","NA_5","S","S",FALSE,0.0682078252951884
"GSM5695315_204273120005_R03C01","GSM5695338_204088100071_R01C01","MFA_3","NA_5","S","U",FALSE,0.0617579572982209
"GSM5695315_204273120005_R03C01","GSM5695339_204281260043_R04C01","MFA_3","MFA_8","S","S",FALSE,-0.183281339335465
"GSM5695315_204273120005_R03C01","GSM5695340_204273120074_R05C01","MFA_3","MFA_8","S","U",FALSE,-0.171809845224869
"GSM5695315_204273120005_R03C01","GSM5695341_204281260060_R05C01","MFA_3","NA_6","S","S",FALSE,0.0239480113503788
"GSM5695315_204273120005_R03C01","GSM5695342_204281260063_R02C01","MFA_3","SFA_5","S","S",FALSE,0.000870309648892032
"GSM5695315_204273120005_R03C01","GSM5695343_204273120068_R04C01","MFA_3","SFA_1","S","U",FALSE,0.0402457394166922
"GSM5695315_204273120005_R03C01","GSM5695344_204088100053_R01C01","MFA_3","MFA_9","S","S",FALSE,0.204405324826125
"GSM5695315_204273120005_R03C01","GSM5695345_204088100053_R03C01","MFA_3","MFA_9","S","U",FALSE,0.218718191155172
"GSM5695315_204273120005_R03C01","GSM5695346_204273120074_R07C01","MFA_3","MFA_10","S","S",FALSE,-0.0238751519793401
"GSM5695315_204273120005_R03C01","GSM5695347_204281260061_R08C01","MFA_3","MFA_10","S","U",FALSE,-0.000177341080771534
"GSM5695315_204273120005_R03C01","GSM5695348_204281260061_R02C01","MFA_3","NA_7","S","S",FALSE,-0.104766123388456
"GSM5695315_204273120005_R03C01","GSM5695349_204281260060_R04C01","MFA_3","NA_7","S","U",FALSE,-0.0975840287009209
"GSM5695315_204273120005_R03C01","GSM5695350_204088100071_R02C01","MFA_3","NA_8","S","S",FALSE,0.00354132188496037
"GSM5695315_204273120005_R03C01","GSM5695351_204273120074_R03C01","MFA_3","NA_8","S","U",FALSE,-0.0159847870529969
"GSM5695315_204273120005_R03C01","GSM5695352_204088100053_R07C01","MFA_3","MFA_11","S","S",FALSE,0.123357695320704
"GSM5695315_204273120005_R03C01","GSM5695353_204273120074_R02C01","MFA_3","MFA_11","S","U",FALSE,0.123409466335816
"GSM5695315_204273120005_R03C01","GSM5695354_204273120066_R03C01","MFA_3","SFA_6","S","S",FALSE,0.0277873791600841
"GSM5695315_204273120005_R03C01","GSM5695355_204273120068_R06C01","MFA_3","SFA_6","S","U",FALSE,-0.000883878598278459
"GSM5695315_204273120005_R03C01","GSM5695356_204273120068_R05C01","MFA_3","NA_9","S","S",FALSE,-0.0378441325018959
"GSM5695315_204273120005_R03C01","GSM5695357_204273120066_R06C01","MFA_3","NA_9","S","U",FALSE,-0.0695264411244908
"GSM5695315_204273120005_R03C01","GSM5695358_204273120005_R05C01","MFA_3","MFA_12","S","S",FALSE,0.00563561651128541
"GSM5695315_204273120005_R03C01","GSM5695359_204273120074_R01C01","MFA_3","MFA_12","S","U",FALSE,-0.0065385706822666
"GSM5695315_204273120005_R03C01","GSM5695360_204273120005_R06C01","MFA_3","SFA_7","S","U",FALSE,0.176049734800949
"GSM5695315_204273120005_R03C01","GSM5695361_204281260043_R01C01","MFA_3","SFA_8","S","S",FALSE,-0.0828729301646028
"GSM5695315_204273120005_R03C01","GSM5695362_204088100071_R08C01","MFA_3","SFA_8","S","U",FALSE,-0.064459596468011
"GSM5695315_204273120005_R03C01","GSM5695363_204281260060_R03C01","MFA_3","NA_10","S","S",FALSE,0.118443227733855
"GSM5695315_204273120005_R03C01","GSM5695364_204281260043_R08C01","MFA_3","NA_10","S","U",FALSE,0.109896555633397
"GSM5695315_204273120005_R03C01","GSM5695365_204088100053_R04C01","MFA_3","NA_11","S","S",FALSE,0.146634475090299
"GSM5695315_204273120005_R03C01","GSM5695366_204088100071_R06C01","MFA_3","NA_11","S","U",FALSE,0.143284791519322
"GSM5695315_204273120005_R03C01","GSM5695367_204281260061_R06C01","MFA_3","SFA_9","S","S",FALSE,0.267054017454618
"GSM5695315_204273120005_R03C01","GSM5695368_204281260043_R05C01","MFA_3","SFA_9","S","U",FALSE,0.274049591719433
"GSM5695315_204273120005_R03C01","GSM5695369_204273120066_R07C01","MFA_3","SFA_10","S","S",FALSE,0.0229720133913825
"GSM5695315_204273120005_R03C01","GSM5695370_204281260063_R07C01","MFA_3","NA_12","S","S",FALSE,-0.0927491640225818
"GSM5695315_204273120005_R03C01","GSM5695371_204281260061_R03C01","MFA_3","NA_13","S","S",FALSE,0.00990790191007947
"GSM5695315_204273120005_R03C01","GSM5695372_204273120073_R05C01","MFA_3","NA_13","S","U",FALSE,0.000760457794901916
"GSM5695315_204273120005_R03C01","GSM5695373_204281260043_R07C01","MFA_3","SFA_11","S","S",FALSE,0.197569876954499
"GSM5695315_204273120005_R03C01","GSM5695374_204281260043_R03C01","MFA_3","SFA_11","S","U",FALSE,0.194895087958638
"GSM5695315_204273120005_R03C01","GSM5695375_204088100071_R05C01","MFA_3","NA_14","S","S",FALSE,0.102607593055325
"GSM5695315_204273120005_R03C01","GSM5695376_204281260063_R03C01","MFA_3","NA_14","S","U",FALSE,0.104393598660194
"GSM5695315_204273120005_R03C01","GSM5695377_204273120073_R03C01","MFA_3","NA_15","S","S",FALSE,0.0323223928197621
"GSM5695315_204273120005_R03C01","GSM5695378_204273120068_R01C01","MFA_3","NA_15","S","U",FALSE,0.0138352780240033
"GSM5695315_204273120005_R03C01","GSM5695379_204088100071_R07C01","MFA_3","MFA_13","S","S",FALSE,0.253312179630767
"GSM5695315_204273120005_R03C01","GSM5695380_204273120068_R03C01","MFA_3","MFA_13","S","U",FALSE,0.241784703042575
"GSM5695315_204273120005_R03C01","GSM5695381_204273120066_R05C01","MFA_3","NA_16","S","S",FALSE,0.0249845834266776
"GSM5695315_204273120005_R03C01","GSM5695382_204088100082_R03C01","MFA_3","NA_16","S","U",FALSE,0.0238122879743064
"GSM5695315_204273120005_R03C01","GSM5695383_204281260043_R06C01","MFA_3","MFA_14","S","S",FALSE,0.179997330581846
"GSM5695315_204273120005_R03C01","GSM5695384_204281260063_R06C01","MFA_3","MFA_14","S","U",FALSE,0.170054333461901
"GSM5695315_204273120005_R03C01","GSM5695385_204281260063_R04C01","MFA_3","SFA_12","S","S",FALSE,-0.0192760829537231
"GSM5695315_204273120005_R03C01","GSM5695386_204273120074_R04C01","MFA_3","SFA_12","S","U",FALSE,-0.0251379375941323
"GSM5695315_204273120005_R03C01","GSM5695387_204273120073_R01C01","MFA_3","NA_17","S","S",FALSE,-0.150998242480037
"GSM5695315_204273120005_R03C01","GSM5695388_204281260063_R05C01","MFA_3","NA_17","S","U",FALSE,-0.163661342448433
"GSM5695315_204273120005_R03C01","GSM5695389_204088100082_R06C01","MFA_3","SFA_13","S","S",FALSE,-0.132538083237737
"GSM5695315_204273120005_R03C01","GSM5695390_204273120066_R01C01","MFA_3","SFA_13","S","U",FALSE,-0.13209534544519
"GSM5695315_204273120005_R03C01","GSM5695391_204281260043_R02C01","MFA_3","MFA_15","S","S",FALSE,0.0639609346597312
"GSM5695315_204273120005_R03C01","GSM5695392_204273120073_R06C01","MFA_3","MFA_15","S","U",FALSE,0.0526930875349851
"GSM5695316_204281260061_R07C01","GSM5695317_204273120073_R07C01","MFA_3","SFA_4","U","S",FALSE,0.0260685777544739
"GSM5695316_204281260061_R07C01","GSM5695318_204088100071_R04C01","MFA_3","SFA_4","U","U",FALSE,0.0268056549633222
"GSM5695316_204281260061_R07C01","GSM5695319_204088100082_R01C01","MFA_3","SFA_4","U","S",FALSE,0.149478049460684
"GSM5695316_204281260061_R07C01","GSM5695320_204281260063_R01C01","MFA_3","SFA_1","U","U",FALSE,0.143964447898954
"GSM5695316_204281260061_R07C01","GSM5695321_204273120073_R04C01","MFA_3","MFA_4","U","S",FALSE,0.200693413003518
"GSM5695316_204281260061_R07C01","GSM5695322_204088100053_R06C01","MFA_3","MFA_4","U","U",FALSE,0.217316609233267
"GSM5695316_204281260061_R07C01","GSM5695323_204273120066_R02C01","MFA_3","MFA_5","U","S",FALSE,-0.02645751852444
"GSM5695316_204281260061_R07C01","GSM5695324_204273120074_R08C01","MFA_3","MFA_5","U","U",FALSE,0.00650467441532437
"GSM5695316_204281260061_R07C01","GSM5695325_204273120068_R02C01","MFA_3","NA_1","U","S",FALSE,0.0932772586650628
"GSM5695316_204281260061_R07C01","GSM5695326_204281260060_R01C01","MFA_3","NA_1","U","U",FALSE,0.115153821172328
"GSM5695316_204281260061_R07C01","GSM5695327_204281260060_R07C01","MFA_3","NA_2","U","S",FALSE,-0.23859701370505
"GSM5695316_204281260061_R07C01","GSM5695328_204281260061_R05C01","MFA_3","NA_2","U","U",FALSE,-0.245005960628213
"GSM5695316_204281260061_R07C01","GSM5695329_204088100082_R02C01","MFA_3","MFA_6","U","S",FALSE,0.0538042467265477
"GSM5695316_204281260061_R07C01","GSM5695330_204281260061_R04C01","MFA_3","MFA_6","U","U",FALSE,0.0581343039346138
"GSM5695316_204281260061_R07C01","GSM5695331_204281260060_R06C01","MFA_3","MFA_7","U","S",FALSE,0.250372760324262
"GSM5695316_204281260061_R07C01","GSM5695332_204273120066_R08C01","MFA_3","MFA_7","U","U",FALSE,0.257278535662549
"GSM5695316_204281260061_R07C01","GSM5695333_204088100053_R02C01","MFA_3","NA_3","U","S",FALSE,0.0584964627287975
"GSM5695316_204281260061_R07C01","GSM5695334_204281260063_R08C01","MFA_3","NA_3","U","U",FALSE,0.0526715488092777
"GSM5695316_204281260061_R07C01","GSM5695335_204088100053_R05C01","MFA_3","NA_4","U","S",FALSE,0.0131804109384612
"GSM5695316_204281260061_R07C01","GSM5695336_204273120005_R07C01","MFA_3","NA_4","U","U",FALSE,-0.00595538227134885
"GSM5695316_204281260061_R07C01","GSM5695337_204088100082_R04C01","MFA_3","NA_5","U","S",FALSE,0.0520643851614557
"GSM5695316_204281260061_R07C01","GSM5695338_204088100071_R01C01","MFA_3","NA_5","U","U",FALSE,0.0439991186787822
"GSM5695316_204281260061_R07C01","GSM5695339_204281260043_R04C01","MFA_3","MFA_8","U","S",FALSE,-0.186643362697274
"GSM5695316_204281260061_R07C01","GSM5695340_204273120074_R05C01","MFA_3","MFA_8","U","U",FALSE,-0.175621584519372
"GSM5695316_204281260061_R07C01","GSM5695341_204281260060_R05C01","MFA_3","NA_6","U","S",FALSE,0.0274867665996011
"GSM5695316_204281260061_R07C01","GSM5695342_204281260063_R02C01","MFA_3","SFA_5","U","S",FALSE,0.00414705633492749
"GSM5695316_204281260061_R07C01","GSM5695343_204273120068_R04C01","MFA_3","SFA_1","U","U",FALSE,0.0429704913865799
"GSM5695316_204281260061_R07C01","GSM5695344_204088100053_R01C01","MFA_3","MFA_9","U","S",FALSE,0.201510149867104
"GSM5695316_204281260061_R07C01","GSM5695345_204088100053_R03C01","MFA_3","MFA_9","U","U",FALSE,0.217248820995513
"GSM5695316_204281260061_R07C01","GSM5695346_204273120074_R07C01","MFA_3","MFA_10","U","S",FALSE,-0.0292250734423603
"GSM5695316_204281260061_R07C01","GSM5695347_204281260061_R08C01","MFA_3","MFA_10","U","U",FALSE,-0.00112857015517675
"GSM5695316_204281260061_R07C01","GSM5695348_204281260061_R02C01","MFA_3","NA_7","U","S",FALSE,-0.105077355548502
"GSM5695316_204281260061_R07C01","GSM5695349_204281260060_R04C01","MFA_3","NA_7","U","U",FALSE,-0.0986353527668195
"GSM5695316_204281260061_R07C01","GSM5695350_204088100071_R02C01","MFA_3","NA_8","U","S",FALSE,-0.00380633584895858
"GSM5695316_204281260061_R07C01","GSM5695351_204273120074_R03C01","MFA_3","NA_8","U","U",FALSE,-0.0212861260331483
"GSM5695316_204281260061_R07C01","GSM5695352_204088100053_R07C01","MFA_3","MFA_11","U","S",FALSE,0.115507090279078
"GSM5695316_204281260061_R07C01","GSM5695353_204273120074_R02C01","MFA_3","MFA_11","U","U",FALSE,0.114645430466105
"GSM5695316_204281260061_R07C01","GSM5695354_204273120066_R03C01","MFA_3","SFA_6","U","S",FALSE,0.0301422845768689
"GSM5695316_204281260061_R07C01","GSM5695355_204273120068_R06C01","MFA_3","SFA_6","U","U",FALSE,0.00259440606083316
"GSM5695316_204281260061_R07C01","GSM5695356_204273120068_R05C01","MFA_3","NA_9","U","S",FALSE,-0.0321380292673344
"GSM5695316_204281260061_R07C01","GSM5695357_204273120066_R06C01","MFA_3","NA_9","U","U",FALSE,-0.0643651930395919
"GSM5695316_204281260061_R07C01","GSM5695358_204273120005_R05C01","MFA_3","MFA_12","U","S",FALSE,0.00748692612245392
"GSM5695316_204281260061_R07C01","GSM5695359_204273120074_R01C01","MFA_3","MFA_12","U","U",FALSE,-0.00244161035172315
"GSM5695316_204281260061_R07C01","GSM5695360_204273120005_R06C01","MFA_3","SFA_7","U","U",FALSE,0.163767870649591
"GSM5695316_204281260061_R07C01","GSM5695361_204281260043_R01C01","MFA_3","SFA_8","U","S",FALSE,-0.0872616197130746
"GSM5695316_204281260061_R07C01","GSM5695362_204088100071_R08C01","MFA_3","SFA_8","U","U",FALSE,-0.0679572747819474
"GSM5695316_204281260061_R07C01","GSM5695363_204281260060_R03C01","MFA_3","NA_10","U","S",FALSE,0.131359405122132
"GSM5695316_204281260061_R07C01","GSM5695364_204281260043_R08C01","MFA_3","NA_10","U","U",FALSE,0.121211377046064
"GSM5695316_204281260061_R07C01","GSM5695365_204088100053_R04C01","MFA_3","NA_11","U","S",FALSE,0.160130415974875
"GSM5695316_204281260061_R07C01","GSM5695366_204088100071_R06C01","MFA_3","NA_11","U","U",FALSE,0.15770892860699
"GSM5695316_204281260061_R07C01","GSM5695367_204281260061_R06C01","MFA_3","SFA_9","U","S",FALSE,0.284655116678753
"GSM5695316_204281260061_R07C01","GSM5695368_204281260043_R05C01","MFA_3","SFA_9","U","U",FALSE,0.289487825034647
"GSM5695316_204281260061_R07C01","GSM5695369_204273120066_R07C01","MFA_3","SFA_10","U","S",FALSE,0.0355468075382186
"GSM5695316_204281260061_R07C01","GSM5695370_204281260063_R07C01","MFA_3","NA_12","U","S",FALSE,-0.0867871898319772
"GSM5695316_204281260061_R07C01","GSM5695371_204281260061_R03C01","MFA_3","NA_13","U","S",FALSE,0.0238230325434795
"GSM5695316_204281260061_R07C01","GSM5695372_204273120073_R05C01","MFA_3","NA_13","U","U",FALSE,0.0149691715396735
"GSM5695316_204281260061_R07C01","GSM5695373_204281260043_R07C01","MFA_3","SFA_11","U","S",FALSE,0.201139858143613
"GSM5695316_204281260061_R07C01","GSM5695374_204281260043_R03C01","MFA_3","SFA_11","U","U",FALSE,0.198596559287163
"GSM5695316_204281260061_R07C01","GSM5695375_204088100071_R05C01","MFA_3","NA_14","U","S",FALSE,0.0901478012636668
"GSM5695316_204281260061_R07C01","GSM5695376_204281260063_R03C01","MFA_3","NA_14","U","U",FALSE,0.094703494696449
"GSM5695316_204281260061_R07C01","GSM5695377_204273120073_R03C01","MFA_3","NA_15","U","S",FALSE,0.0389258081625388
"GSM5695316_204281260061_R07C01","GSM5695378_204273120068_R01C01","MFA_3","NA_15","U","U",FALSE,0.0215023549199842
"GSM5695316_204281260061_R07C01","GSM5695379_204088100071_R07C01","MFA_3","MFA_13","U","S",FALSE,0.260238906865164
"GSM5695316_204281260061_R07C01","GSM5695380_204273120068_R03C01","MFA_3","MFA_13","U","U",FALSE,0.246923714049044
"GSM5695316_204281260061_R07C01","GSM5695381_204273120066_R05C01","MFA_3","NA_16","U","S",FALSE,0.0341571312227656
"GSM5695316_204281260061_R07C01","GSM5695382_204088100082_R03C01","MFA_3","NA_16","U","U",FALSE,0.0336023863958777
"GSM5695316_204281260061_R07C01","GSM5695383_204281260043_R06C01","MFA_3","MFA_14","U","S",FALSE,0.199833120578123
"GSM5695316_204281260061_R07C01","GSM5695384_204281260063_R06C01","MFA_3","MFA_14","U","U",FALSE,0.189410128650318
"GSM5695316_204281260061_R07C01","GSM5695385_204281260063_R04C01","MFA_3","SFA_12","U","S",FALSE,0.00321000606701948
"GSM5695316_204281260061_R07C01","GSM5695386_204273120074_R04C01","MFA_3","SFA_12","U","U",FALSE,-0.00401092088629467
"GSM5695316_204281260061_R07C01","GSM5695387_204273120073_R01C01","MFA_3","NA_17","U","S",FALSE,-0.148675659019543
"GSM5695316_204281260061_R07C01","GSM5695388_204281260063_R05C01","MFA_3","NA_17","U","U",FALSE,-0.157836122617389
"GSM5695316_204281260061_R07C01","GSM5695389_204088100082_R06C01","MFA_3","SFA_13","U","S",FALSE,-0.1320809487208
"GSM5695316_204281260061_R07C01","GSM5695390_204273120066_R01C01","MFA_3","SFA_13","U","U",FALSE,-0.130764443512427
"GSM5695316_204281260061_R07C01","GSM5695391_204281260043_R02C01","MFA_3","MFA_15","U","S",FALSE,0.073938071419478
"GSM5695316_204281260061_R07C01","GSM5695392_204273120073_R06C01","MFA_3","MFA_15","U","U",FALSE,0.0610019598068065
"GSM5695317_204273120073_R07C01","GSM5695318_204088100071_R04C01","SFA_4","SFA_4","S","U",TRUE,0.995821869847861
"GSM5695317_204273120073_R07C01","GSM5695319_204088100082_R01C01","SFA_4","SFA_4","S","S",TRUE,0.115383146773535
"GSM5695317_204273120073_R07C01","GSM5695320_204281260063_R01C01","SFA_4","SFA_1","S","U",FALSE,0.113496083368838
"GSM5695317_204273120073_R07C01","GSM5695321_204273120073_R04C01","SFA_4","MFA_4","S","S",FALSE,-0.019088817660153
"GSM5695317_204273120073_R07C01","GSM5695322_204088100053_R06C01","SFA_4","MFA_4","S","U",FALSE,-0.0150339781960894
"GSM5695317_204273120073_R07C01","GSM5695323_204273120066_R02C01","SFA_4","MFA_5","S","S",FALSE,0.256891459672685
"GSM5695317_204273120073_R07C01","GSM5695324_204273120074_R08C01","SFA_4","MFA_5","S","U",FALSE,0.249374265442133
"GSM5695317_204273120073_R07C01","GSM5695325_204273120068_R02C01","SFA_4","NA_1","S","S",FALSE,0.148149073924982
"GSM5695317_204273120073_R07C01","GSM5695326_204281260060_R01C01","SFA_4","NA_1","S","U",FALSE,0.141013645517716
"GSM5695317_204273120073_R07C01","GSM5695327_204281260060_R07C01","SFA_4","NA_2","S","S",FALSE,0.299962174400295
"GSM5695317_204273120073_R07C01","GSM5695328_204281260061_R05C01","SFA_4","NA_2","S","U",FALSE,0.285620824575203
"GSM5695317_204273120073_R07C01","GSM5695329_204088100082_R02C01","SFA_4","MFA_6","S","S",FALSE,0.0551030473805249
"GSM5695317_204273120073_R07C01","GSM5695330_204281260061_R04C01","SFA_4","MFA_6","S","U",FALSE,0.0554353692967252
"GSM5695317_204273120073_R07C01","GSM5695331_204281260060_R06C01","SFA_4","MFA_7","S","S",FALSE,-0.000525693661534768
"GSM5695317_204273120073_R07C01","GSM5695332_204273120066_R08C01","SFA_4","MFA_7","S","U",FALSE,0.0115034382135586
"GSM5695317_204273120073_R07C01","GSM5695333_204088100053_R02C01","SFA_4","NA_3","S","S",FALSE,0.192564818699702
"GSM5695317_204273120073_R07C01","GSM5695334_204281260063_R08C01","SFA_4","NA_3","S","U",FALSE,0.19678271326692
"GSM5695317_204273120073_R07C01","GSM5695335_204088100053_R05C01","SFA_4","NA_4","S","S",FALSE,0.0801823356910199
"GSM5695317_204273120073_R07C01","GSM5695336_204273120005_R07C01","SFA_4","NA_4","S","U",FALSE,0.0798359556668302
"GSM5695317_204273120073_R07C01","GSM5695337_204088100082_R04C01","SFA_4","NA_5","S","S",FALSE,0.206362271175922
"GSM5695317_204273120073_R07C01","GSM5695338_204088100071_R01C01","SFA_4","NA_5","S","U",FALSE,0.187277427064325
"GSM5695317_204273120073_R07C01","GSM5695339_204281260043_R04C01","SFA_4","MFA_8","S","S",FALSE,0.436459711096975
"GSM5695317_204273120073_R07C01","GSM5695340_204273120074_R05C01","SFA_4","MFA_8","S","U",FALSE,0.443483406326449
"GSM5695317_204273120073_R07C01","GSM5695341_204281260060_R05C01","SFA_4","NA_6","S","S",FALSE,0.25431395639924
"GSM5695317_204273120073_R07C01","GSM5695342_204281260063_R02C01","SFA_4","SFA_5","S","S",FALSE,0.269591906316694
"GSM5695317_204273120073_R07C01","GSM5695343_204273120068_R04C01","SFA_4","SFA_1","S","U",FALSE,0.273715736696675
"GSM5695317_204273120073_R07C01","GSM5695344_204088100053_R01C01","SFA_4","MFA_9","S","S",FALSE,0.207012485320558
"GSM5695317_204273120073_R07C01","GSM5695345_204088100053_R03C01","SFA_4","MFA_9","S","U",FALSE,0.211874637987369
"GSM5695317_204273120073_R07C01","GSM5695346_204273120074_R07C01","SFA_4","MFA_10","S","S",FALSE,0.0418057722804664
"GSM5695317_204273120073_R07C01","GSM5695347_204281260061_R08C01","SFA_4","MFA_10","S","U",FALSE,0.0284842723265796
"GSM5695317_204273120073_R07C01","GSM5695348_204281260061_R02C01","SFA_4","NA_7","S","S",FALSE,0.151464528275264
"GSM5695317_204273120073_R07C01","GSM5695349_204281260060_R04C01","SFA_4","NA_7","S","U",FALSE,0.14385831814265
"GSM5695317_204273120073_R07C01","GSM5695350_204088100071_R02C01","SFA_4","NA_8","S","S",FALSE,0.151296329299082
"GSM5695317_204273120073_R07C01","GSM5695351_204273120074_R03C01","SFA_4","NA_8","S","U",FALSE,0.126851440088278
"GSM5695317_204273120073_R07C01","GSM5695352_204088100053_R07C01","SFA_4","MFA_11","S","S",FALSE,0.419232872683422
"GSM5695317_204273120073_R07C01","GSM5695353_204273120074_R02C01","SFA_4","MFA_11","S","U",FALSE,0.408742024573504
"GSM5695317_204273120073_R07C01","GSM5695354_204273120066_R03C01","SFA_4","SFA_6","S","S",FALSE,0.0942191291025993
"GSM5695317_204273120073_R07C01","GSM5695355_204273120068_R06C01","SFA_4","SFA_6","S","U",FALSE,0.086779173375065
"GSM5695317_204273120073_R07C01","GSM5695356_204273120068_R05C01","SFA_4","NA_9","S","S",FALSE,0.00882201960003173
"GSM5695317_204273120073_R07C01","GSM5695357_204273120066_R06C01","SFA_4","NA_9","S","U",FALSE,0.00228034249445033
"GSM5695317_204273120073_R07C01","GSM5695358_204273120005_R05C01","SFA_4","MFA_12","S","S",FALSE,0.0615041684456887
"GSM5695317_204273120073_R07C01","GSM5695359_204273120074_R01C01","SFA_4","MFA_12","S","U",FALSE,0.0480472172474446
"GSM5695317_204273120073_R07C01","GSM5695360_204273120005_R06C01","SFA_4","SFA_7","S","U",FALSE,0.059073802931271
"GSM5695317_204273120073_R07C01","GSM5695361_204281260043_R01C01","SFA_4","SFA_8","S","S",FALSE,0.183869582217863
"GSM5695317_204273120073_R07C01","GSM5695362_204088100071_R08C01","SFA_4","SFA_8","S","U",FALSE,0.17641083952025
"GSM5695317_204273120073_R07C01","GSM5695363_204281260060_R03C01","SFA_4","NA_10","S","S",FALSE,0.162746762470535
"GSM5695317_204273120073_R07C01","GSM5695364_204281260043_R08C01","SFA_4","NA_10","S","U",FALSE,0.189335765727997
"GSM5695317_204273120073_R07C01","GSM5695365_204088100053_R04C01","SFA_4","NA_11","S","S",FALSE,0.317143131398125
"GSM5695317_204273120073_R07C01","GSM5695366_204088100071_R06C01","SFA_4","NA_11","S","U",FALSE,0.309925581330909
"GSM5695317_204273120073_R07C01","GSM5695367_204281260061_R06C01","SFA_4","SFA_9","S","S",FALSE,0.0966019073713249
"GSM5695317_204273120073_R07C01","GSM5695368_204281260043_R05C01","SFA_4","SFA_9","S","U",FALSE,0.10742915573123
"GSM5695317_204273120073_R07C01","GSM5695369_204273120066_R07C01","SFA_4","SFA_10","S","S",FALSE,0.066300767088136
"GSM5695317_204273120073_R07C01","GSM5695370_204281260063_R07C01","SFA_4","NA_12","S","S",FALSE,0.244175197556515
"GSM5695317_204273120073_R07C01","GSM5695371_204281260061_R03C01","SFA_4","NA_13","S","S",FALSE,0.0703183871054396
"GSM5695317_204273120073_R07C01","GSM5695372_204273120073_R05C01","SFA_4","NA_13","S","U",FALSE,0.0670979120180172
"GSM5695317_204273120073_R07C01","GSM5695373_204281260043_R07C01","SFA_4","SFA_11","S","S",FALSE,0.252113772781236
"GSM5695317_204273120073_R07C01","GSM5695374_204281260043_R03C01","SFA_4","SFA_11","S","U",FALSE,0.261349457934229
"GSM5695317_204273120073_R07C01","GSM5695375_204088100071_R05C01","SFA_4","NA_14","S","S",FALSE,0.505853050932338
"GSM5695317_204273120073_R07C01","GSM5695376_204281260063_R03C01","SFA_4","NA_14","S","U",FALSE,0.501191396347115
"GSM5695317_204273120073_R07C01","GSM5695377_204273120073_R03C01","SFA_4","NA_15","S","S",FALSE,0.13616468342802
"GSM5695317_204273120073_R07C01","GSM5695378_204273120068_R01C01","SFA_4","NA_15","S","U",FALSE,0.137332878872752
"GSM5695317_204273120073_R07C01","GSM5695379_204088100071_R07C01","SFA_4","MFA_13","S","S",FALSE,0.193982158235198
"GSM5695317_204273120073_R07C01","GSM5695380_204273120068_R03C01","SFA_4","MFA_13","S","U",FALSE,0.206218704742465
"GSM5695317_204273120073_R07C01","GSM5695381_204273120066_R05C01","SFA_4","NA_16","S","S",FALSE,0.0130706899611455
"GSM5695317_204273120073_R07C01","GSM5695382_204088100082_R03C01","SFA_4","NA_16","S","U",FALSE,0.0320020111066098
"GSM5695317_204273120073_R07C01","GSM5695383_204281260043_R06C01","SFA_4","MFA_14","S","S",FALSE,0.316348641519415
"GSM5695317_204273120073_R07C01","GSM5695384_204281260063_R06C01","SFA_4","MFA_14","S","U",FALSE,0.323495504876568
"GSM5695317_204273120073_R07C01","GSM5695385_204281260063_R04C01","SFA_4","SFA_12","S","S",FALSE,0.132889311544735
"GSM5695317_204273120073_R07C01","GSM5695386_204273120074_R04C01","SFA_4","SFA_12","S","U",FALSE,0.157616731794484
"GSM5695317_204273120073_R07C01","GSM5695387_204273120073_R01C01","SFA_4","NA_17","S","S",FALSE,0.294621318216683
"GSM5695317_204273120073_R07C01","GSM5695388_204281260063_R05C01","SFA_4","NA_17","S","U",FALSE,0.274611455055712
"GSM5695317_204273120073_R07C01","GSM5695389_204088100082_R06C01","SFA_4","SFA_13","S","S",FALSE,0.345092669311928
"GSM5695317_204273120073_R07C01","GSM5695390_204273120066_R01C01","SFA_4","SFA_13","S","U",FALSE,0.361419769847535
"GSM5695317_204273120073_R07C01","GSM5695391_204281260043_R02C01","SFA_4","MFA_15","S","S",FALSE,0.162991956631496
"GSM5695317_204273120073_R07C01","GSM5695392_204273120073_R06C01","SFA_4","MFA_15","S","U",FALSE,0.15118989745186
"GSM5695318_204088100071_R04C01","GSM5695319_204088100082_R01C01","SFA_4","SFA_4","U","S",TRUE,0.136886794743166
"GSM5695318_204088100071_R04C01","GSM5695320_204281260063_R01C01","SFA_4","SFA_1","U","U",FALSE,0.137027694195008
"GSM5695318_204088100071_R04C01","GSM5695321_204273120073_R04C01","SFA_4","MFA_4","U","S",FALSE,-0.0294141791346713
"GSM5695318_204088100071_R04C01","GSM5695322_204088100053_R06C01","SFA_4","MFA_4","U","U",FALSE,-0.0245375042393481
"GSM5695318_204088100071_R04C01","GSM5695323_204273120066_R02C01","SFA_4","MFA_5","U","S",FALSE,0.264757827884421
"GSM5695318_204088100071_R04C01","GSM5695324_204273120074_R08C01","SFA_4","MFA_5","U","U",FALSE,0.258390500260378
"GSM5695318_204088100071_R04C01","GSM5695325_204273120068_R02C01","SFA_4","NA_1","U","S",FALSE,0.154207321145534
"GSM5695318_204088100071_R04C01","GSM5695326_204281260060_R01C01","SFA_4","NA_1","U","U",FALSE,0.146802724073391
"GSM5695318_204088100071_R04C01","GSM5695327_204281260060_R07C01","SFA_4","NA_2","U","S",FALSE,0.309433868860461
"GSM5695318_204088100071_R04C01","GSM5695328_204281260061_R05C01","SFA_4","NA_2","U","U",FALSE,0.294511934606032
"GSM5695318_204088100071_R04C01","GSM5695329_204088100082_R02C01","SFA_4","MFA_6","U","S",FALSE,0.0477731008418619
"GSM5695318_204088100071_R04C01","GSM5695330_204281260061_R04C01","SFA_4","MFA_6","U","U",FALSE,0.0534031494726379
"GSM5695318_204088100071_R04C01","GSM5695331_204281260060_R06C01","SFA_4","MFA_7","U","S",FALSE,0.00576692393110357
"GSM5695318_204088100071_R04C01","GSM5695332_204273120066_R08C01","SFA_4","MFA_7","U","U",FALSE,0.0159580835196342
"GSM5695318_204088100071_R04C01","GSM5695333_204088100053_R02C01","SFA_4","NA_3","U","S",FALSE,0.185251439841236
"GSM5695318_204088100071_R04C01","GSM5695334_204281260063_R08C01","SFA_4","NA_3","U","U",FALSE,0.188857565436522
"GSM5695318_204088100071_R04C01","GSM5695335_204088100053_R05C01","SFA_4","NA_4","U","S",FALSE,0.0841177147410673
"GSM5695318_204088100071_R04C01","GSM5695336_204273120005_R07C01","SFA_4","NA_4","U","U",FALSE,0.0851168588035347
"GSM5695318_204088100071_R04C01","GSM5695337_204088100082_R04C01","SFA_4","NA_5","U","S",FALSE,0.210565655959829
"GSM5695318_204088100071_R04C01","GSM5695338_204088100071_R01C01","SFA_4","NA_5","U","U",FALSE,0.192352917777494
"GSM5695318_204088100071_R04C01","GSM5695339_204281260043_R04C01","SFA_4","MFA_8","U","S",FALSE,0.428243143908498
"GSM5695318_204088100071_R04C01","GSM5695340_204273120074_R05C01","SFA_4","MFA_8","U","U",FALSE,0.436152231655417
"GSM5695318_204088100071_R04C01","GSM5695341_204281260060_R05C01","SFA_4","NA_6","U","S",FALSE,0.236008612151625
"GSM5695318_204088100071_R04C01","GSM5695342_204281260063_R02C01","SFA_4","SFA_5","U","S",FALSE,0.282190206593175
"GSM5695318_204088100071_R04C01","GSM5695343_204273120068_R04C01","SFA_4","SFA_1","U","U",FALSE,0.288083583107095
"GSM5695318_204088100071_R04C01","GSM5695344_204088100053_R01C01","SFA_4","MFA_9","U","S",FALSE,0.211971771526593
"GSM5695318_204088100071_R04C01","GSM5695345_204088100053_R03C01","SFA_4","MFA_9","U","U",FALSE,0.217416968297347
"GSM5695318_204088100071_R04C01","GSM5695346_204273120074_R07C01","SFA_4","MFA_10","U","S",FALSE,0.0444531325924493
"GSM5695318_204088100071_R04C01","GSM5695347_204281260061_R08C01","SFA_4","MFA_10","U","U",FALSE,0.0307671447496381
"GSM5695318_204088100071_R04C01","GSM5695348_204281260061_R02C01","SFA_4","NA_7","U","S",FALSE,0.155927029618206
"GSM5695318_204088100071_R04C01","GSM5695349_204281260060_R04C01","SFA_4","NA_7","U","U",FALSE,0.147698936273255
"GSM5695318_204088100071_R04C01","GSM5695350_204088100071_R02C01","SFA_4","NA_8","U","S",FALSE,0.17652501729856
"GSM5695318_204088100071_R04C01","GSM5695351_204273120074_R03C01","SFA_4","NA_8","U","U",FALSE,0.154701993943627
"GSM5695318_204088100071_R04C01","GSM5695352_204088100053_R07C01","SFA_4","MFA_11","U","S",FALSE,0.422811489899093
"GSM5695318_204088100071_R04C01","GSM5695353_204273120074_R02C01","SFA_4","MFA_11","U","U",FALSE,0.412978287947865
"GSM5695318_204088100071_R04C01","GSM5695354_204273120066_R03C01","SFA_4","SFA_6","U","S",FALSE,0.100661107629512
"GSM5695318_204088100071_R04C01","GSM5695355_204273120068_R06C01","SFA_4","SFA_6","U","U",FALSE,0.0944721153046972
"GSM5695318_204088100071_R04C01","GSM5695356_204273120068_R05C01","SFA_4","NA_9","U","S",FALSE,0.00711447799143195
"GSM5695318_204088100071_R04C01","GSM5695357_204273120066_R06C01","SFA_4","NA_9","U","U",FALSE,-0.000796856409691372
"GSM5695318_204088100071_R04C01","GSM5695358_204273120005_R05C01","SFA_4","MFA_12","U","S",FALSE,0.0517205450016519
"GSM5695318_204088100071_R04C01","GSM5695359_204273120074_R01C01","SFA_4","MFA_12","U","U",FALSE,0.0385501801670084
"GSM5695318_204088100071_R04C01","GSM5695360_204273120005_R06C01","SFA_4","SFA_7","U","U",FALSE,0.0509296842221563
"GSM5695318_204088100071_R04C01","GSM5695361_204281260043_R01C01","SFA_4","SFA_8","U","S",FALSE,0.172161818058986
"GSM5695318_204088100071_R04C01","GSM5695362_204088100071_R08C01","SFA_4","SFA_8","U","U",FALSE,0.163552193810422
"GSM5695318_204088100071_R04C01","GSM5695363_204281260060_R03C01","SFA_4","NA_10","U","S",FALSE,0.15454476541361
"GSM5695318_204088100071_R04C01","GSM5695364_204281260043_R08C01","SFA_4","NA_10","U","U",FALSE,0.18124775086392
"GSM5695318_204088100071_R04C01","GSM5695365_204088100053_R04C01","SFA_4","NA_11","U","S",FALSE,0.334566055336458
"GSM5695318_204088100071_R04C01","GSM5695366_204088100071_R06C01","SFA_4","NA_11","U","U",FALSE,0.327474034112758
"GSM5695318_204088100071_R04C01","GSM5695367_204281260061_R06C01","SFA_4","SFA_9","U","S",FALSE,0.0952646917007593
"GSM5695318_204088100071_R04C01","GSM5695368_204281260043_R05C01","SFA_4","SFA_9","U","U",FALSE,0.106633368105004
"GSM5695318_204088100071_R04C01","GSM5695369_204273120066_R07C01","SFA_4","SFA_10","U","S",FALSE,0.0842968906889767
"GSM5695318_204088100071_R04C01","GSM5695370_204281260063_R07C01","SFA_4","NA_12","U","S",FALSE,0.243219285328394
"GSM5695318_204088100071_R04C01","GSM5695371_204281260061_R03C01","SFA_4","NA_13","U","S",FALSE,0.0862001015838465
"GSM5695318_204088100071_R04C01","GSM5695372_204273120073_R05C01","SFA_4","NA_13","U","U",FALSE,0.0825899460459919
"GSM5695318_204088100071_R04C01","GSM5695373_204281260043_R07C01","SFA_4","SFA_11","U","S",FALSE,0.257038583088077
"GSM5695318_204088100071_R04C01","GSM5695374_204281260043_R03C01","SFA_4","SFA_11","U","U",FALSE,0.265817457005571
"GSM5695318_204088100071_R04C01","GSM5695375_204088100071_R05C01","SFA_4","NA_14","U","S",FALSE,0.505682292269093
"GSM5695318_204088100071_R04C01","GSM5695376_204281260063_R03C01","SFA_4","NA_14","U","U",FALSE,0.498565175626702
"GSM5695318_204088100071_R04C01","GSM5695377_204273120073_R03C01","SFA_4","NA_15","U","S",FALSE,0.135995157949925
"GSM5695318_204088100071_R04C01","GSM5695378_204273120068_R01C01","SFA_4","NA_15","U","U",FALSE,0.136424260750175
"GSM5695318_204088100071_R04C01","GSM5695379_204088100071_R07C01","SFA_4","MFA_13","U","S",FALSE,0.185573182801008
"GSM5695318_204088100071_R04C01","GSM5695380_204273120068_R03C01","SFA_4","MFA_13","U","U",FALSE,0.199818410750318
"GSM5695318_204088100071_R04C01","GSM5695381_204273120066_R05C01","SFA_4","NA_16","U","S",FALSE,0.0194795500076255
"GSM5695318_204088100071_R04C01","GSM5695382_204088100082_R03C01","SFA_4","NA_16","U","U",FALSE,0.0376503544560065
"GSM5695318_204088100071_R04C01","GSM5695383_204281260043_R06C01","SFA_4","MFA_14","U","S",FALSE,0.316362095354083
"GSM5695318_204088100071_R04C01","GSM5695384_204281260063_R06C01","SFA_4","MFA_14","U","U",FALSE,0.325491623822296
"GSM5695318_204088100071_R04C01","GSM5695385_204281260063_R04C01","SFA_4","SFA_12","U","S",FALSE,0.126129662599597
"GSM5695318_204088100071_R04C01","GSM5695386_204273120074_R04C01","SFA_4","SFA_12","U","U",FALSE,0.150213191535738
"GSM5695318_204088100071_R04C01","GSM5695387_204273120073_R01C01","SFA_4","NA_17","U","S",FALSE,0.295321481770964
"GSM5695318_204088100071_R04C01","GSM5695388_204281260063_R05C01","SFA_4","NA_17","U","U",FALSE,0.27630030157835
"GSM5695318_204088100071_R04C01","GSM5695389_204088100082_R06C01","SFA_4","SFA_13","U","S",FALSE,0.349137790352351
"GSM5695318_204088100071_R04C01","GSM5695390_204273120066_R01C01","SFA_4","SFA_13","U","U",FALSE,0.364209012635681
"GSM5695318_204088100071_R04C01","GSM5695391_204281260043_R02C01","SFA_4","MFA_15","U","S",FALSE,0.164182873698196
"GSM5695318_204088100071_R04C01","GSM5695392_204273120073_R06C01","SFA_4","MFA_15","U","U",FALSE,0.151759411312187
"GSM5695319_204088100082_R01C01","GSM5695320_204281260063_R01C01","SFA_4","SFA_1","S","U",FALSE,0.989450065710126
"GSM5695319_204088100082_R01C01","GSM5695321_204273120073_R04C01","SFA_4","MFA_4","S","S",FALSE,-0.0271292690300237
"GSM5695319_204088100082_R01C01","GSM5695322_204088100053_R06C01","SFA_4","MFA_4","S","U",FALSE,-0.0459837909143982
"GSM5695319_204088100082_R01C01","GSM5695323_204273120066_R02C01","SFA_4","MFA_5","S","S",FALSE,0.228265904967368
"GSM5695319_204088100082_R01C01","GSM5695324_204273120074_R08C01","SFA_4","MFA_5","S","U",FALSE,0.229431763253986
"GSM5695319_204088100082_R01C01","GSM5695325_204273120068_R02C01","SFA_4","NA_1","S","S",FALSE,0.187425002612651
"GSM5695319_204088100082_R01C01","GSM5695326_204281260060_R01C01","SFA_4","NA_1","S","U",FALSE,0.190684083776389
"GSM5695319_204088100082_R01C01","GSM5695327_204281260060_R07C01","SFA_4","NA_2","S","S",FALSE,0.0926241103420524
"GSM5695319_204088100082_R01C01","GSM5695328_204281260061_R05C01","SFA_4","NA_2","S","U",FALSE,0.0786977441448908
"GSM5695319_204088100082_R01C01","GSM5695329_204088100082_R02C01","SFA_4","MFA_6","S","S",FALSE,-0.0219657772460494
"GSM5695319_204088100082_R01C01","GSM5695330_204281260061_R04C01","SFA_4","MFA_6","S","U",FALSE,-0.00353548640284963
"GSM5695319_204088100082_R01C01","GSM5695331_204281260060_R06C01","SFA_4","MFA_7","S","S",FALSE,0.143257864662589
"GSM5695319_204088100082_R01C01","GSM5695332_204273120066_R08C01","SFA_4","MFA_7","S","U",FALSE,0.122478796135786
"GSM5695319_204088100082_R01C01","GSM5695333_204088100053_R02C01","SFA_4","NA_3","S","S",FALSE,0.179970792317573
"GSM5695319_204088100082_R01C01","GSM5695334_204281260063_R08C01","SFA_4","NA_3","S","U",FALSE,0.178971228419579
"GSM5695319_204088100082_R01C01","GSM5695335_204088100053_R05C01","SFA_4","NA_4","S","S",FALSE,0.183729318778038
"GSM5695319_204088100082_R01C01","GSM5695336_204273120005_R07C01","SFA_4","NA_4","S","U",FALSE,0.171932812912395
"GSM5695319_204088100082_R01C01","GSM5695337_204088100082_R04C01","SFA_4","NA_5","S","S",FALSE,0.0215962962188426
"GSM5695319_204088100082_R01C01","GSM5695338_204088100071_R01C01","SFA_4","NA_5","S","U",FALSE,0.0331774478164827
"GSM5695319_204088100082_R01C01","GSM5695339_204281260043_R04C01","SFA_4","MFA_8","S","S",FALSE,0.0277532607510061
"GSM5695319_204088100082_R01C01","GSM5695340_204273120074_R05C01","SFA_4","MFA_8","S","U",FALSE,0.0346126917508961
"GSM5695319_204088100082_R01C01","GSM5695341_204281260060_R05C01","SFA_4","NA_6","S","S",FALSE,0.0465028668286636
"GSM5695319_204088100082_R01C01","GSM5695342_204281260063_R02C01","SFA_4","SFA_5","S","S",FALSE,0.305246515813838
"GSM5695319_204088100082_R01C01","GSM5695343_204273120068_R04C01","SFA_4","SFA_1","S","U",FALSE,0.289542886805931
"GSM5695319_204088100082_R01C01","GSM5695344_204088100053_R01C01","SFA_4","MFA_9","S","S",FALSE,0.182196290848446
"GSM5695319_204088100082_R01C01","GSM5695345_204088100053_R03C01","SFA_4","MFA_9","S","U",FALSE,0.176401735025332
"GSM5695319_204088100082_R01C01","GSM5695346_204273120074_R07C01","SFA_4","MFA_10","S","S",FALSE,0.312745982131777
"GSM5695319_204088100082_R01C01","GSM5695347_204281260061_R08C01","SFA_4","MFA_10","S","U",FALSE,0.307715256818752
"GSM5695319_204088100082_R01C01","GSM5695348_204281260061_R02C01","SFA_4","NA_7","S","S",FALSE,0.206763590446261
"GSM5695319_204088100082_R01C01","GSM5695349_204281260060_R04C01","SFA_4","NA_7","S","U",FALSE,0.196788136835265
"GSM5695319_204088100082_R01C01","GSM5695350_204088100071_R02C01","SFA_4","NA_8","S","S",FALSE,0.154517125149273
"GSM5695319_204088100082_R01C01","GSM5695351_204273120074_R03C01","SFA_4","NA_8","S","U",FALSE,0.107130313764187
"GSM5695319_204088100082_R01C01","GSM5695352_204088100053_R07C01","SFA_4","MFA_11","S","S",FALSE,0.142992886490085
"GSM5695319_204088100082_R01C01","GSM5695353_204273120074_R02C01","SFA_4","MFA_11","S","U",FALSE,0.162887445519034
"GSM5695319_204088100082_R01C01","GSM5695354_204273120066_R03C01","SFA_4","SFA_6","S","S",FALSE,0.0999906281896866
"GSM5695319_204088100082_R01C01","GSM5695355_204273120068_R06C01","SFA_4","SFA_6","S","U",FALSE,0.103999587709093
"GSM5695319_204088100082_R01C01","GSM5695356_204273120068_R05C01","SFA_4","NA_9","S","S",FALSE,-0.0748664854385373
"GSM5695319_204088100082_R01C01","GSM5695357_204273120066_R06C01","SFA_4","NA_9","S","U",FALSE,-0.0629632291523806
"GSM5695319_204088100082_R01C01","GSM5695358_204273120005_R05C01","SFA_4","MFA_12","S","S",FALSE,0.119238803568055
"GSM5695319_204088100082_R01C01","GSM5695359_204273120074_R01C01","SFA_4","MFA_12","S","U",FALSE,0.130213656994316
"GSM5695319_204088100082_R01C01","GSM5695360_204273120005_R06C01","SFA_4","SFA_7","S","U",FALSE,0.108735533818263
"GSM5695319_204088100082_R01C01","GSM5695361_204281260043_R01C01","SFA_4","SFA_8","S","S",FALSE,0.300997544093252
"GSM5695319_204088100082_R01C01","GSM5695362_204088100071_R08C01","SFA_4","SFA_8","S","U",FALSE,0.284391537125515
"GSM5695319_204088100082_R01C01","GSM5695363_204281260060_R03C01","SFA_4","NA_10","S","S",FALSE,0.123601998189528
"GSM5695319_204088100082_R01C01","GSM5695364_204281260043_R08C01","SFA_4","NA_10","S","U",FALSE,0.152415664937106
"GSM5695319_204088100082_R01C01","GSM5695365_204088100053_R04C01","SFA_4","NA_11","S","S",FALSE,0.193805741373036
"GSM5695319_204088100082_R01C01","GSM5695366_204088100071_R06C01","SFA_4","NA_11","S","U",FALSE,0.192484291794782
"GSM5695319_204088100082_R01C01","GSM5695367_204281260061_R06C01","SFA_4","SFA_9","S","S",FALSE,0.25544453657999
"GSM5695319_204088100082_R01C01","GSM5695368_204281260043_R05C01","SFA_4","SFA_9","S","U",FALSE,0.234167981080233
"GSM5695319_204088100082_R01C01","GSM5695369_204273120066_R07C01","SFA_4","SFA_10","S","S",FALSE,-0.00665412311011928
"GSM5695319_204088100082_R01C01","GSM5695370_204281260063_R07C01","SFA_4","NA_12","S","S",FALSE,0.24850947638784
"GSM5695319_204088100082_R01C01","GSM5695371_204281260061_R03C01","SFA_4","NA_13","S","S",FALSE,0.364034564982438
"GSM5695319_204088100082_R01C01","GSM5695372_204273120073_R05C01","SFA_4","NA_13","S","U",FALSE,0.368740853190328
"GSM5695319_204088100082_R01C01","GSM5695373_204281260043_R07C01","SFA_4","SFA_11","S","S",FALSE,0.192056086069711
"GSM5695319_204088100082_R01C01","GSM5695374_204281260043_R03C01","SFA_4","SFA_11","S","U",FALSE,0.192383266777078
"GSM5695319_204088100082_R01C01","GSM5695375_204088100071_R05C01","SFA_4","NA_14","S","S",FALSE,0.276123667769692
"GSM5695319_204088100082_R01C01","GSM5695376_204281260063_R03C01","SFA_4","NA_14","S","U",FALSE,0.253587885167597
"GSM5695319_204088100082_R01C01","GSM5695377_204273120073_R03C01","SFA_4","NA_15","S","S",FALSE,0.424347826054767
"GSM5695319_204088100082_R01C01","GSM5695378_204273120068_R01C01","SFA_4","NA_15","S","U",FALSE,0.417976793313011
"GSM5695319_204088100082_R01C01","GSM5695379_204088100071_R07C01","SFA_4","MFA_13","S","S",FALSE,0.148563104011122
"GSM5695319_204088100082_R01C01","GSM5695380_204273120068_R03C01","SFA_4","MFA_13","S","U",FALSE,0.140106839576952
"GSM5695319_204088100082_R01C01","GSM5695381_204273120066_R05C01","SFA_4","NA_16","S","S",FALSE,0.186322707650463
"GSM5695319_204088100082_R01C01","GSM5695382_204088100082_R03C01","SFA_4","NA_16","S","U",FALSE,0.172898180094722
"GSM5695319_204088100082_R01C01","GSM5695383_204281260043_R06C01","SFA_4","MFA_14","S","S",FALSE,0.203454056927273
"GSM5695319_204088100082_R01C01","GSM5695384_204281260063_R06C01","SFA_4","MFA_14","S","U",FALSE,0.194130851353316
"GSM5695319_204088100082_R01C01","GSM5695385_204281260063_R04C01","SFA_4","SFA_12","S","S",FALSE,-0.075105661084414
"GSM5695319_204088100082_R01C01","GSM5695386_204273120074_R04C01","SFA_4","SFA_12","S","U",FALSE,-0.0652610856393715
"GSM5695319_204088100082_R01C01","GSM5695387_204273120073_R01C01","SFA_4","NA_17","S","S",FALSE,0.14598329212862
"GSM5695319_204088100082_R01C01","GSM5695388_204281260063_R05C01","SFA_4","NA_17","S","U",FALSE,0.157401886099939
"GSM5695319_204088100082_R01C01","GSM5695389_204088100082_R06C01","SFA_4","SFA_13","S","S",FALSE,0.138038132615897
"GSM5695319_204088100082_R01C01","GSM5695390_204273120066_R01C01","SFA_4","SFA_13","S","U",FALSE,0.13760493378398
"GSM5695319_204088100082_R01C01","GSM5695391_204281260043_R02C01","SFA_4","MFA_15","S","S",FALSE,0.282647421523482
"GSM5695319_204088100082_R01C01","GSM5695392_204273120073_R06C01","SFA_4","MFA_15","S","U",FALSE,0.253072487787654
"GSM5695320_204281260063_R01C01","GSM5695321_204273120073_R04C01","SFA_1","MFA_4","U","S",FALSE,-0.0330123992570054
"GSM5695320_204281260063_R01C01","GSM5695322_204088100053_R06C01","SFA_1","MFA_4","U","U",FALSE,-0.048577764818047
"GSM5695320_204281260063_R01C01","GSM5695323_204273120066_R02C01","SFA_1","MFA_5","U","S",FALSE,0.214259282715117
"GSM5695320_204281260063_R01C01","GSM5695324_204273120074_R08C01","SFA_1","MFA_5","U","U",FALSE,0.219463404419897
"GSM5695320_204281260063_R01C01","GSM5695325_204273120068_R02C01","SFA_1","NA_1","U","S",FALSE,0.164482531894809
"GSM5695320_204281260063_R01C01","GSM5695326_204281260060_R01C01","SFA_1","NA_1","U","U",FALSE,0.164784071868189
"GSM5695320_204281260063_R01C01","GSM5695327_204281260060_R07C01","SFA_1","NA_2","U","S",FALSE,0.0779751002343961
"GSM5695320_204281260063_R01C01","GSM5695328_204281260061_R05C01","SFA_1","NA_2","U","U",FALSE,0.0612852330254999
"GSM5695320_204281260063_R01C01","GSM5695329_204088100082_R02C01","SFA_1","MFA_6","U","S",FALSE,-0.0201196155008123
"GSM5695320_204281260063_R01C01","GSM5695330_204281260061_R04C01","SFA_1","MFA_6","U","U",FALSE,-0.000430513465546522
"GSM5695320_204281260063_R01C01","GSM5695331_204281260060_R06C01","SFA_1","MFA_7","U","S",FALSE,0.143058961696624
"GSM5695320_204281260063_R01C01","GSM5695332_204273120066_R08C01","SFA_1","MFA_7","U","U",FALSE,0.120392529902459
"GSM5695320_204281260063_R01C01","GSM5695333_204088100053_R02C01","SFA_1","NA_3","U","S",FALSE,0.164949991173003
"GSM5695320_204281260063_R01C01","GSM5695334_204281260063_R08C01","SFA_1","NA_3","U","U",FALSE,0.164657176491202
"GSM5695320_204281260063_R01C01","GSM5695335_204088100053_R05C01","SFA_1","NA_4","U","S",FALSE,0.180800241274864
"GSM5695320_204281260063_R01C01","GSM5695336_204273120005_R07C01","SFA_1","NA_4","U","U",FALSE,0.168507011243068
"GSM5695320_204281260063_R01C01","GSM5695337_204088100082_R04C01","SFA_1","NA_5","U","S",FALSE,0.00959990298843702
"GSM5695320_204281260063_R01C01","GSM5695338_204088100071_R01C01","SFA_1","NA_5","U","U",FALSE,0.0185932828603665
"GSM5695320_204281260063_R01C01","GSM5695339_204281260043_R04C01","SFA_1","MFA_8","U","S",FALSE,0.0100776228015234
"GSM5695320_204281260063_R01C01","GSM5695340_204273120074_R05C01","SFA_1","MFA_8","U","U",FALSE,0.0161378605006844
"GSM5695320_204281260063_R01C01","GSM5695341_204281260060_R05C01","SFA_1","NA_6","U","S",FALSE,0.0455711990296849
"GSM5695320_204281260063_R01C01","GSM5695342_204281260063_R02C01","SFA_1","SFA_5","U","S",FALSE,0.308875352081854
"GSM5695320_204281260063_R01C01","GSM5695343_204273120068_R04C01","SFA_1","SFA_1","U","U",TRUE,0.298488811131567
"GSM5695320_204281260063_R01C01","GSM5695344_204088100053_R01C01","SFA_1","MFA_9","U","S",FALSE,0.172981198437165
"GSM5695320_204281260063_R01C01","GSM5695345_204088100053_R03C01","SFA_1","MFA_9","U","U",FALSE,0.16917196853412
"GSM5695320_204281260063_R01C01","GSM5695346_204273120074_R07C01","SFA_1","MFA_10","U","S",FALSE,0.313775947973733
"GSM5695320_204281260063_R01C01","GSM5695347_204281260061_R08C01","SFA_1","MFA_10","U","U",FALSE,0.309428337793943
"GSM5695320_204281260063_R01C01","GSM5695348_204281260061_R02C01","SFA_1","NA_7","U","S",FALSE,0.214331283312037
"GSM5695320_204281260063_R01C01","GSM5695349_204281260060_R04C01","SFA_1","NA_7","U","U",FALSE,0.205907091622063
"GSM5695320_204281260063_R01C01","GSM5695350_204088100071_R02C01","SFA_1","NA_8","U","S",FALSE,0.185755896697401
"GSM5695320_204281260063_R01C01","GSM5695351_204273120074_R03C01","SFA_1","NA_8","U","U",FALSE,0.136012438853736
"GSM5695320_204281260063_R01C01","GSM5695352_204088100053_R07C01","SFA_1","MFA_11","U","S",FALSE,0.15586544119004
"GSM5695320_204281260063_R01C01","GSM5695353_204273120074_R02C01","SFA_1","MFA_11","U","U",FALSE,0.177312815043076
"GSM5695320_204281260063_R01C01","GSM5695354_204273120066_R03C01","SFA_1","SFA_6","U","S",FALSE,0.0782941447633589
"GSM5695320_204281260063_R01C01","GSM5695355_204273120068_R06C01","SFA_1","SFA_6","U","U",FALSE,0.0819675295715258
"GSM5695320_204281260063_R01C01","GSM5695356_204273120068_R05C01","SFA_1","NA_9","U","S",FALSE,-0.0545814439640967
"GSM5695320_204281260063_R01C01","GSM5695357_204273120066_R06C01","SFA_1","NA_9","U","U",FALSE,-0.0373630284470832
"GSM5695320_204281260063_R01C01","GSM5695358_204273120005_R05C01","SFA_1","MFA_12","U","S",FALSE,0.128102001185601
"GSM5695320_204281260063_R01C01","GSM5695359_204273120074_R01C01","SFA_1","MFA_12","U","U",FALSE,0.14006669962673
"GSM5695320_204281260063_R01C01","GSM5695360_204273120005_R06C01","SFA_1","SFA_7","U","U",FALSE,0.0940616415415094
"GSM5695320_204281260063_R01C01","GSM5695361_204281260043_R01C01","SFA_1","SFA_8","U","S",FALSE,0.29861563336591
"GSM5695320_204281260063_R01C01","GSM5695362_204088100071_R08C01","SFA_1","SFA_8","U","U",FALSE,0.280723156874691
"GSM5695320_204281260063_R01C01","GSM5695363_204281260060_R03C01","SFA_1","NA_10","U","S",FALSE,0.115499891931374
"GSM5695320_204281260063_R01C01","GSM5695364_204281260043_R08C01","SFA_1","NA_10","U","U",FALSE,0.137028845656387
"GSM5695320_204281260063_R01C01","GSM5695365_204088100053_R04C01","SFA_1","NA_11","U","S",FALSE,0.196282910322366
"GSM5695320_204281260063_R01C01","GSM5695366_204088100071_R06C01","SFA_1","NA_11","U","U",FALSE,0.195765803830738
"GSM5695320_204281260063_R01C01","GSM5695367_204281260061_R06C01","SFA_1","SFA_9","U","S",FALSE,0.245533712907864
"GSM5695320_204281260063_R01C01","GSM5695368_204281260043_R05C01","SFA_1","SFA_9","U","U",FALSE,0.226348900298586
"GSM5695320_204281260063_R01C01","GSM5695369_204273120066_R07C01","SFA_1","SFA_10","U","S",FALSE,0.000551186359633865
"GSM5695320_204281260063_R01C01","GSM5695370_204281260063_R07C01","SFA_1","NA_12","U","S",FALSE,0.228950213013785
"GSM5695320_204281260063_R01C01","GSM5695371_204281260061_R03C01","SFA_1","NA_13","U","S",FALSE,0.370340775934224
"GSM5695320_204281260063_R01C01","GSM5695372_204273120073_R05C01","SFA_1","NA_13","U","U",FALSE,0.373913184986818
"GSM5695320_204281260063_R01C01","GSM5695373_204281260043_R07C01","SFA_1","SFA_11","U","S",FALSE,0.162683210730995
"GSM5695320_204281260063_R01C01","GSM5695374_204281260043_R03C01","SFA_1","SFA_11","U","U",FALSE,0.163961570068655
"GSM5695320_204281260063_R01C01","GSM5695375_204088100071_R05C01","SFA_1","NA_14","U","S",FALSE,0.251864384754707
"GSM5695320_204281260063_R01C01","GSM5695376_204281260063_R03C01","SFA_1","NA_14","U","U",FALSE,0.231319202549184
"GSM5695320_204281260063_R01C01","GSM5695377_204273120073_R03C01","SFA_1","NA_15","U","S",FALSE,0.359815459606111
"GSM5695320_204281260063_R01C01","GSM5695378_204273120068_R01C01","SFA_1","NA_15","U","U",FALSE,0.352900702459696
"GSM5695320_204281260063_R01C01","GSM5695379_204088100071_R07C01","SFA_1","MFA_13","U","S",FALSE,0.130113857151361
"GSM5695320_204281260063_R01C01","GSM5695380_204273120068_R03C01","SFA_1","MFA_13","U","U",FALSE,0.123418997360178
"GSM5695320_204281260063_R01C01","GSM5695381_204273120066_R05C01","SFA_1","NA_16","U","S",FALSE,0.201461544355457
"GSM5695320_204281260063_R01C01","GSM5695382_204088100082_R03C01","SFA_1","NA_16","U","U",FALSE,0.187943928571575
"GSM5695320_204281260063_R01C01","GSM5695383_204281260043_R06C01","SFA_1","MFA_14","U","S",FALSE,0.202929889366814
"GSM5695320_204281260063_R01C01","GSM5695384_204281260063_R06C01","SFA_1","MFA_14","U","U",FALSE,0.194099217786801
"GSM5695320_204281260063_R01C01","GSM5695385_204281260063_R04C01","SFA_1","SFA_12","U","S",FALSE,-0.0835150783229201
"GSM5695320_204281260063_R01C01","GSM5695386_204273120074_R04C01","SFA_1","SFA_12","U","U",FALSE,-0.0716193641647785
"GSM5695320_204281260063_R01C01","GSM5695387_204273120073_R01C01","SFA_1","NA_17","U","S",FALSE,0.142435579172631
"GSM5695320_204281260063_R01C01","GSM5695388_204281260063_R05C01","SFA_1","NA_17","U","U",FALSE,0.155639143459859
"GSM5695320_204281260063_R01C01","GSM5695389_204088100082_R06C01","SFA_1","SFA_13","U","S",FALSE,0.136977894955015
"GSM5695320_204281260063_R01C01","GSM5695390_204273120066_R01C01","SFA_1","SFA_13","U","U",FALSE,0.133216961951463
"GSM5695320_204281260063_R01C01","GSM5695391_204281260043_R02C01","SFA_1","MFA_15","U","S",FALSE,0.259196910975349
"GSM5695320_204281260063_R01C01","GSM5695392_204273120073_R06C01","SFA_1","MFA_15","U","U",FALSE,0.230978484681264
"GSM5695321_204273120073_R04C01","GSM5695322_204088100053_R06C01","MFA_4","MFA_4","S","U",TRUE,0.992436628718629
"GSM5695321_204273120073_R04C01","GSM5695323_204273120066_R02C01","MFA_4","MFA_5","S","S",FALSE,0.0224345783921362
"GSM5695321_204273120073_R04C01","GSM5695324_204273120074_R08C01","MFA_4","MFA_5","S","U",FALSE,0.0361017086524556
"GSM5695321_204273120073_R04C01","GSM5695325_204273120068_R02C01","MFA_4","NA_1","S","S",FALSE,0.210727298783793
"GSM5695321_204273120073_R04C01","GSM5695326_204281260060_R01C01","MFA_4","NA_1","S","U",FALSE,0.196581336495278
"GSM5695321_204273120073_R04C01","GSM5695327_204281260060_R07C01","MFA_4","NA_2","S","S",FALSE,-0.023922582126659
"GSM5695321_204273120073_R04C01","GSM5695328_204281260061_R05C01","MFA_4","NA_2","S","U",FALSE,-0.0218449871722597
"GSM5695321_204273120073_R04C01","GSM5695329_204088100082_R02C01","MFA_4","MFA_6","S","S",FALSE,0.130742706666384
"GSM5695321_204273120073_R04C01","GSM5695330_204281260061_R04C01","MFA_4","MFA_6","S","U",FALSE,0.116537366664337
"GSM5695321_204273120073_R04C01","GSM5695331_204281260060_R06C01","MFA_4","MFA_7","S","S",FALSE,0.0829390681603267
"GSM5695321_204273120073_R04C01","GSM5695332_204273120066_R08C01","MFA_4","MFA_7","S","U",FALSE,0.0729593699365466
"GSM5695321_204273120073_R04C01","GSM5695333_204088100053_R02C01","MFA_4","NA_3","S","S",FALSE,0.240475671533664
"GSM5695321_204273120073_R04C01","GSM5695334_204281260063_R08C01","MFA_4","NA_3","S","U",FALSE,0.240508144622163
"GSM5695321_204273120073_R04C01","GSM5695335_204088100053_R05C01","MFA_4","NA_4","S","S",FALSE,-0.0171587237150333
"GSM5695321_204273120073_R04C01","GSM5695336_204273120005_R07C01","MFA_4","NA_4","S","U",FALSE,-0.0399530131380713
"GSM5695321_204273120073_R04C01","GSM5695337_204088100082_R04C01","MFA_4","NA_5","S","S",FALSE,0.151356272555014
"GSM5695321_204273120073_R04C01","GSM5695338_204088100071_R01C01","MFA_4","NA_5","S","U",FALSE,0.131033859520996
"GSM5695321_204273120073_R04C01","GSM5695339_204281260043_R04C01","MFA_4","MFA_8","S","S",FALSE,-0.0130178744932521
"GSM5695321_204273120073_R04C01","GSM5695340_204273120074_R05C01","MFA_4","MFA_8","S","U",FALSE,-0.01822011811736
"GSM5695321_204273120073_R04C01","GSM5695341_204281260060_R05C01","MFA_4","NA_6","S","S",FALSE,0.249165778815419
"GSM5695321_204273120073_R04C01","GSM5695342_204281260063_R02C01","MFA_4","SFA_5","S","S",FALSE,0.122757869478749
"GSM5695321_204273120073_R04C01","GSM5695343_204273120068_R04C01","MFA_4","SFA_1","S","U",FALSE,0.106138812326479
"GSM5695321_204273120073_R04C01","GSM5695344_204088100053_R01C01","MFA_4","MFA_9","S","S",FALSE,0.15785896826589
"GSM5695321_204273120073_R04C01","GSM5695345_204088100053_R03C01","MFA_4","MFA_9","S","U",FALSE,0.16017446236387
"GSM5695321_204273120073_R04C01","GSM5695346_204273120074_R07C01","MFA_4","MFA_10","S","S",FALSE,-0.0590582119534853
"GSM5695321_204273120073_R04C01","GSM5695347_204281260061_R08C01","MFA_4","MFA_10","S","U",FALSE,-0.0741153125565507
"GSM5695321_204273120073_R04C01","GSM5695348_204281260061_R02C01","MFA_4","NA_7","S","S",FALSE,-0.00414511963587599
"GSM5695321_204273120073_R04C01","GSM5695349_204281260060_R04C01","MFA_4","NA_7","S","U",FALSE,0.0206516146279458
"GSM5695321_204273120073_R04C01","GSM5695350_204088100071_R02C01","MFA_4","NA_8","S","S",FALSE,0.121981143034088
"GSM5695321_204273120073_R04C01","GSM5695351_204273120074_R03C01","MFA_4","NA_8","S","U",FALSE,0.133845723776546
"GSM5695321_204273120073_R04C01","GSM5695352_204088100053_R07C01","MFA_4","MFA_11","S","S",FALSE,0.153279852199138
"GSM5695321_204273120073_R04C01","GSM5695353_204273120074_R02C01","MFA_4","MFA_11","S","U",FALSE,0.13247954164731
"GSM5695321_204273120073_R04C01","GSM5695354_204273120066_R03C01","MFA_4","SFA_6","S","S",FALSE,0.0282276985656866
"GSM5695321_204273120073_R04C01","GSM5695355_204273120068_R06C01","MFA_4","SFA_6","S","U",FALSE,0.0207184453650666
"GSM5695321_204273120073_R04C01","GSM5695356_204273120068_R05C01","MFA_4","NA_9","S","S",FALSE,0.138667781896514
"GSM5695321_204273120073_R04C01","GSM5695357_204273120066_R06C01","MFA_4","NA_9","S","U",FALSE,0.111832847310261
"GSM5695321_204273120073_R04C01","GSM5695358_204273120005_R05C01","MFA_4","MFA_12","S","S",FALSE,0.0297565049144453
"GSM5695321_204273120073_R04C01","GSM5695359_204273120074_R01C01","MFA_4","MFA_12","S","U",FALSE,0.0292005821734595
"GSM5695321_204273120073_R04C01","GSM5695360_204273120005_R06C01","MFA_4","SFA_7","S","U",FALSE,0.223970128334898
"GSM5695321_204273120073_R04C01","GSM5695361_204281260043_R01C01","MFA_4","SFA_8","S","S",FALSE,0.136612840814113
"GSM5695321_204273120073_R04C01","GSM5695362_204088100071_R08C01","MFA_4","SFA_8","S","U",FALSE,0.14719821774824
"GSM5695321_204273120073_R04C01","GSM5695363_204281260060_R03C01","MFA_4","NA_10","S","S",FALSE,-0.0189848300984367
"GSM5695321_204273120073_R04C01","GSM5695364_204281260043_R08C01","MFA_4","NA_10","S","U",FALSE,-0.0394966761209599
"GSM5695321_204273120073_R04C01","GSM5695365_204088100053_R04C01","MFA_4","NA_11","S","S",FALSE,0.0996577250785045
"GSM5695321_204273120073_R04C01","GSM5695366_204088100071_R06C01","MFA_4","NA_11","S","U",FALSE,0.111274945553115
"GSM5695321_204273120073_R04C01","GSM5695367_204281260061_R06C01","MFA_4","SFA_9","S","S",FALSE,0.0785045743104601
"GSM5695321_204273120073_R04C01","GSM5695368_204281260043_R05C01","MFA_4","SFA_9","S","U",FALSE,0.0786516560307918
"GSM5695321_204273120073_R04C01","GSM5695369_204273120066_R07C01","MFA_4","SFA_10","S","S",FALSE,-0.003971845096311
"GSM5695321_204273120073_R04C01","GSM5695370_204281260063_R07C01","MFA_4","NA_12","S","S",FALSE,0.127854083491778
"GSM5695321_204273120073_R04C01","GSM5695371_204281260061_R03C01","MFA_4","NA_13","S","S",FALSE,0.158113625047227
"GSM5695321_204273120073_R04C01","GSM5695372_204273120073_R05C01","MFA_4","NA_13","S","U",FALSE,0.150503596175635
"GSM5695321_204273120073_R04C01","GSM5695373_204281260043_R07C01","MFA_4","SFA_11","S","S",FALSE,0.143213033523528
"GSM5695321_204273120073_R04C01","GSM5695374_204281260043_R03C01","MFA_4","SFA_11","S","U",FALSE,0.123462952061965
"GSM5695321_204273120073_R04C01","GSM5695375_204088100071_R05C01","MFA_4","NA_14","S","S",FALSE,0.0478906966991749
"GSM5695321_204273120073_R04C01","GSM5695376_204281260063_R03C01","MFA_4","NA_14","S","U",FALSE,0.0522619984366264
"GSM5695321_204273120073_R04C01","GSM5695377_204273120073_R03C01","MFA_4","NA_15","S","S",FALSE,0.0762994228581857
"GSM5695321_204273120073_R04C01","GSM5695378_204273120068_R01C01","MFA_4","NA_15","S","U",FALSE,0.083732367293716
"GSM5695321_204273120073_R04C01","GSM5695379_204088100071_R07C01","MFA_4","MFA_13","S","S",FALSE,0.192041365556321
"GSM5695321_204273120073_R04C01","GSM5695380_204273120068_R03C01","MFA_4","MFA_13","S","U",FALSE,0.189751526118266
"GSM5695321_204273120073_R04C01","GSM5695381_204273120066_R05C01","MFA_4","NA_16","S","S",FALSE,-0.0448032256078472
"GSM5695321_204273120073_R04C01","GSM5695382_204088100082_R03C01","MFA_4","NA_16","S","U",FALSE,-0.0511228003629939
"GSM5695321_204273120073_R04C01","GSM5695383_204281260043_R06C01","MFA_4","MFA_14","S","S",FALSE,0.202316626685995
"GSM5695321_204273120073_R04C01","GSM5695384_204281260063_R06C01","MFA_4","MFA_14","S","U",FALSE,0.197916967717324
"GSM5695321_204273120073_R04C01","GSM5695385_204281260063_R04C01","MFA_4","SFA_12","S","S",FALSE,-0.129854421412582
"GSM5695321_204273120073_R04C01","GSM5695386_204273120074_R04C01","MFA_4","SFA_12","S","U",FALSE,-0.124963315872329
"GSM5695321_204273120073_R04C01","GSM5695387_204273120073_R01C01","MFA_4","NA_17","S","S",FALSE,-0.101108687765924
"GSM5695321_204273120073_R04C01","GSM5695388_204281260063_R05C01","MFA_4","NA_17","S","U",FALSE,-0.088232076655449
"GSM5695321_204273120073_R04C01","GSM5695389_204088100082_R06C01","MFA_4","SFA_13","S","S",FALSE,0.0862659867499263
"GSM5695321_204273120073_R04C01","GSM5695390_204273120066_R01C01","MFA_4","SFA_13","S","U",FALSE,0.074810037617064
"GSM5695321_204273120073_R04C01","GSM5695391_204281260043_R02C01","MFA_4","MFA_15","S","S",FALSE,-0.0258859492719124
"GSM5695321_204273120073_R04C01","GSM5695392_204273120073_R06C01","MFA_4","MFA_15","S","U",FALSE,-0.0177463620925481
"GSM5695322_204088100053_R06C01","GSM5695323_204273120066_R02C01","MFA_4","MFA_5","U","S",FALSE,0.0208779087009889
"GSM5695322_204088100053_R06C01","GSM5695324_204273120074_R08C01","MFA_4","MFA_5","U","U",FALSE,0.0392303335882099
"GSM5695322_204088100053_R06C01","GSM5695325_204273120068_R02C01","MFA_4","NA_1","U","S",FALSE,0.21183413427259
"GSM5695322_204088100053_R06C01","GSM5695326_204281260060_R01C01","MFA_4","NA_1","U","U",FALSE,0.194362296730786
"GSM5695322_204088100053_R06C01","GSM5695327_204281260060_R07C01","MFA_4","NA_2","U","S",FALSE,-0.020449382558621
"GSM5695322_204088100053_R06C01","GSM5695328_204281260061_R05C01","MFA_4","NA_2","U","U",FALSE,-0.0149676239249922
"GSM5695322_204088100053_R06C01","GSM5695329_204088100082_R02C01","MFA_4","MFA_6","U","S",FALSE,0.120949340524594
"GSM5695322_204088100053_R06C01","GSM5695330_204281260061_R04C01","MFA_4","MFA_6","U","U",FALSE,0.108415626451855
"GSM5695322_204088100053_R06C01","GSM5695331_204281260060_R06C01","MFA_4","MFA_7","U","S",FALSE,0.0956038368373565
"GSM5695322_204088100053_R06C01","GSM5695332_204273120066_R08C01","MFA_4","MFA_7","U","U",FALSE,0.0883411049527331
"GSM5695322_204088100053_R06C01","GSM5695333_204088100053_R02C01","MFA_4","NA_3","U","S",FALSE,0.240879010223164
"GSM5695322_204088100053_R06C01","GSM5695334_204281260063_R08C01","MFA_4","NA_3","U","U",FALSE,0.238591108503325
"GSM5695322_204088100053_R06C01","GSM5695335_204088100053_R05C01","MFA_4","NA_4","U","S",FALSE,-0.0332190607081804
"GSM5695322_204088100053_R06C01","GSM5695336_204273120005_R07C01","MFA_4","NA_4","U","U",FALSE,-0.0596849735398494
"GSM5695322_204088100053_R06C01","GSM5695337_204088100082_R04C01","MFA_4","NA_5","U","S",FALSE,0.155830155277565
"GSM5695322_204088100053_R06C01","GSM5695338_204088100071_R01C01","MFA_4","NA_5","U","U",FALSE,0.130162651674071
"GSM5695322_204088100053_R06C01","GSM5695339_204281260043_R04C01","MFA_4","MFA_8","U","S",FALSE,-0.0162507736162741
"GSM5695322_204088100053_R06C01","GSM5695340_204273120074_R05C01","MFA_4","MFA_8","U","U",FALSE,-0.0170335096152357
"GSM5695322_204088100053_R06C01","GSM5695341_204281260060_R05C01","MFA_4","NA_6","U","S",FALSE,0.263462143612082
"GSM5695322_204088100053_R06C01","GSM5695342_204281260063_R02C01","MFA_4","SFA_5","U","S",FALSE,0.107346341491183
"GSM5695322_204088100053_R06C01","GSM5695343_204273120068_R04C01","MFA_4","SFA_1","U","U",FALSE,0.0954291852872678
"GSM5695322_204088100053_R06C01","GSM5695344_204088100053_R01C01","MFA_4","MFA_9","U","S",FALSE,0.168419235163387
"GSM5695322_204088100053_R06C01","GSM5695345_204088100053_R03C01","MFA_4","MFA_9","U","U",FALSE,0.172758786715009
"GSM5695322_204088100053_R06C01","GSM5695346_204273120074_R07C01","MFA_4","MFA_10","U","S",FALSE,-0.0998346490119956
"GSM5695322_204088100053_R06C01","GSM5695347_204281260061_R08C01","MFA_4","MFA_10","U","U",FALSE,-0.112316052951327
"GSM5695322_204088100053_R06C01","GSM5695348_204281260061_R02C01","MFA_4","NA_7","U","S",FALSE,-0.00984410233238808
"GSM5695322_204088100053_R06C01","GSM5695349_204281260060_R04C01","MFA_4","NA_7","U","U",FALSE,0.0157264925107912
"GSM5695322_204088100053_R06C01","GSM5695350_204088100071_R02C01","MFA_4","NA_8","U","S",FALSE,0.116967141064647
"GSM5695322_204088100053_R06C01","GSM5695351_204273120074_R03C01","MFA_4","NA_8","U","U",FALSE,0.131330100697203
"GSM5695322_204088100053_R06C01","GSM5695352_204088100053_R07C01","MFA_4","MFA_11","U","S",FALSE,0.167831201208735
"GSM5695322_204088100053_R06C01","GSM5695353_204273120074_R02C01","MFA_4","MFA_11","U","U",FALSE,0.145126558267366
"GSM5695322_204088100053_R06C01","GSM5695354_204273120066_R03C01","MFA_4","SFA_6","U","S",FALSE,0.0215661920816765
"GSM5695322_204088100053_R06C01","GSM5695355_204273120068_R06C01","MFA_4","SFA_6","U","U",FALSE,0.0135563422780093
"GSM5695322_204088100053_R06C01","GSM5695356_204273120068_R05C01","MFA_4","NA_9","U","S",FALSE,0.131194823995902
"GSM5695322_204088100053_R06C01","GSM5695357_204273120066_R06C01","MFA_4","NA_9","U","U",FALSE,0.100439999876871
"GSM5695322_204088100053_R06C01","GSM5695358_204273120005_R05C01","MFA_4","MFA_12","U","S",FALSE,0.0223385671502958
"GSM5695322_204088100053_R06C01","GSM5695359_204273120074_R01C01","MFA_4","MFA_12","U","U",FALSE,0.0225869853649147
"GSM5695322_204088100053_R06C01","GSM5695360_204273120005_R06C01","MFA_4","SFA_7","U","U",FALSE,0.206859554962315
"GSM5695322_204088100053_R06C01","GSM5695361_204281260043_R01C01","MFA_4","SFA_8","U","S",FALSE,0.120766168321224
"GSM5695322_204088100053_R06C01","GSM5695362_204088100071_R08C01","MFA_4","SFA_8","U","U",FALSE,0.137393218389626
"GSM5695322_204088100053_R06C01","GSM5695363_204281260060_R03C01","MFA_4","NA_10","U","S",FALSE,-0.0313630544740305
"GSM5695322_204088100053_R06C01","GSM5695364_204281260043_R08C01","MFA_4","NA_10","U","U",FALSE,-0.0523148368632716
"GSM5695322_204088100053_R06C01","GSM5695365_204088100053_R04C01","MFA_4","NA_11","U","S",FALSE,0.0900640589683215
"GSM5695322_204088100053_R06C01","GSM5695366_204088100071_R06C01","MFA_4","NA_11","U","U",FALSE,0.102550407418983
"GSM5695322_204088100053_R06C01","GSM5695367_204281260061_R06C01","MFA_4","SFA_9","U","S",FALSE,0.0709676609969487
"GSM5695322_204088100053_R06C01","GSM5695368_204281260043_R05C01","MFA_4","SFA_9","U","U",FALSE,0.0720356726704701
"GSM5695322_204088100053_R06C01","GSM5695369_204273120066_R07C01","MFA_4","SFA_10","U","S",FALSE,-0.0176454794582149
"GSM5695322_204088100053_R06C01","GSM5695370_204281260063_R07C01","MFA_4","NA_12","U","S",FALSE,0.141319048378902
"GSM5695322_204088100053_R06C01","GSM5695371_204281260061_R03C01","MFA_4","NA_13","U","S",FALSE,0.143263894412703
"GSM5695322_204088100053_R06C01","GSM5695372_204273120073_R05C01","MFA_4","NA_13","U","U",FALSE,0.135469760904961
"GSM5695322_204088100053_R06C01","GSM5695373_204281260043_R07C01","MFA_4","SFA_11","U","S",FALSE,0.159797307663142
"GSM5695322_204088100053_R06C01","GSM5695374_204281260043_R03C01","MFA_4","SFA_11","U","U",FALSE,0.14179738368475
"GSM5695322_204088100053_R06C01","GSM5695375_204088100071_R05C01","MFA_4","NA_14","U","S",FALSE,0.0294234322384617
"GSM5695322_204088100053_R06C01","GSM5695376_204281260063_R03C01","MFA_4","NA_14","U","U",FALSE,0.0303592462627099
"GSM5695322_204088100053_R06C01","GSM5695377_204273120073_R03C01","MFA_4","NA_15","U","S",FALSE,0.0716108189753895
"GSM5695322_204088100053_R06C01","GSM5695378_204273120068_R01C01","MFA_4","NA_15","U","U",FALSE,0.0784254601367429
"GSM5695322_204088100053_R06C01","GSM5695379_204088100071_R07C01","MFA_4","MFA_13","U","S",FALSE,0.189514554483574
"GSM5695322_204088100053_R06C01","GSM5695380_204273120068_R03C01","MFA_4","MFA_13","U","U",FALSE,0.189022055802757
"GSM5695322_204088100053_R06C01","GSM5695381_204273120066_R05C01","MFA_4","NA_16","U","S",FALSE,-0.0283995891266523
"GSM5695322_204088100053_R06C01","GSM5695382_204088100082_R03C01","MFA_4","NA_16","U","U",FALSE,-0.0308541196685969
"GSM5695322_204088100053_R06C01","GSM5695383_204281260043_R06C01","MFA_4","MFA_14","U","S",FALSE,0.214816750677026
"GSM5695322_204088100053_R06C01","GSM5695384_204281260063_R06C01","MFA_4","MFA_14","U","U",FALSE,0.211191886021809
"GSM5695322_204088100053_R06C01","GSM5695385_204281260063_R04C01","MFA_4","SFA_12","U","S",FALSE,-0.123508235824096
"GSM5695322_204088100053_R06C01","GSM5695386_204273120074_R04C01","MFA_4","SFA_12","U","U",FALSE,-0.117083421611661
"GSM5695322_204088100053_R06C01","GSM5695387_204273120073_R01C01","MFA_4","NA_17","U","S",FALSE,-0.0960243675670783
"GSM5695322_204088100053_R06C01","GSM5695388_204281260063_R05C01","MFA_4","NA_17","U","U",FALSE,-0.0884946985344452
"GSM5695322_204088100053_R06C01","GSM5695389_204088100082_R06C01","MFA_4","SFA_13","U","S",FALSE,0.0828331821221387
"GSM5695322_204088100053_R06C01","GSM5695390_204273120066_R01C01","MFA_4","SFA_13","U","U",FALSE,0.0734908937838812
"GSM5695322_204088100053_R06C01","GSM5695391_204281260043_R02C01","MFA_4","MFA_15","U","S",FALSE,-0.0431607193031395
"GSM5695322_204088100053_R06C01","GSM5695392_204273120073_R06C01","MFA_4","MFA_15","U","U",FALSE,-0.0365168783740156
"GSM5695323_204273120066_R02C01","GSM5695324_204273120074_R08C01","MFA_5","MFA_5","S","U",TRUE,0.991735293976467
"GSM5695323_204273120066_R02C01","GSM5695325_204273120068_R02C01","MFA_5","NA_1","S","S",FALSE,0.269932858297039
"GSM5695323_204273120066_R02C01","GSM5695326_204281260060_R01C01","MFA_5","NA_1","S","U",FALSE,0.259008640588332
"GSM5695323_204273120066_R02C01","GSM5695327_204281260060_R07C01","MFA_5","NA_2","S","S",FALSE,0.363893864335657
"GSM5695323_204273120066_R02C01","GSM5695328_204281260061_R05C01","MFA_5","NA_2","S","U",FALSE,0.367490082387081
"GSM5695323_204273120066_R02C01","GSM5695329_204088100082_R02C01","MFA_5","MFA_6","S","S",FALSE,0.0906527355400137
"GSM5695323_204273120066_R02C01","GSM5695330_204281260061_R04C01","MFA_5","MFA_6","S","U",FALSE,0.0961402317450582
"GSM5695323_204273120066_R02C01","GSM5695331_204281260060_R06C01","MFA_5","MFA_7","S","S",FALSE,0.360168884939691
"GSM5695323_204273120066_R02C01","GSM5695332_204273120066_R08C01","MFA_5","MFA_7","S","U",FALSE,0.364706021981828
"GSM5695323_204273120066_R02C01","GSM5695333_204088100053_R02C01","MFA_5","NA_3","S","S",FALSE,0.198750870051742
"GSM5695323_204273120066_R02C01","GSM5695334_204281260063_R08C01","MFA_5","NA_3","S","U",FALSE,0.194478157257328
"GSM5695323_204273120066_R02C01","GSM5695335_204088100053_R05C01","MFA_5","NA_4","S","S",FALSE,0.11318903515846
"GSM5695323_204273120066_R02C01","GSM5695336_204273120005_R07C01","MFA_5","NA_4","S","U",FALSE,0.0923161425787755
"GSM5695323_204273120066_R02C01","GSM5695337_204088100082_R04C01","MFA_5","NA_5","S","S",FALSE,0.122919311338995
"GSM5695323_204273120066_R02C01","GSM5695338_204088100071_R01C01","MFA_5","NA_5","S","U",FALSE,0.12651763462591
"GSM5695323_204273120066_R02C01","GSM5695339_204281260043_R04C01","MFA_5","MFA_8","S","S",FALSE,0.11150969823602
"GSM5695323_204273120066_R02C01","GSM5695340_204273120074_R05C01","MFA_5","MFA_8","S","U",FALSE,0.143415776488499
"GSM5695323_204273120066_R02C01","GSM5695341_204281260060_R05C01","MFA_5","NA_6","S","S",FALSE,0.230588000226097
"GSM5695323_204273120066_R02C01","GSM5695342_204281260063_R02C01","MFA_5","SFA_5","S","S",FALSE,0.360435224336179
"GSM5695323_204273120066_R02C01","GSM5695343_204273120068_R04C01","MFA_5","SFA_1","S","U",FALSE,0.376395534197872
"GSM5695323_204273120066_R02C01","GSM5695344_204088100053_R01C01","MFA_5","MFA_9","S","S",FALSE,0.114968995077439
"GSM5695323_204273120066_R02C01","GSM5695345_204088100053_R03C01","MFA_5","MFA_9","S","U",FALSE,0.118116586058376
"GSM5695323_204273120066_R02C01","GSM5695346_204273120074_R07C01","MFA_5","MFA_10","S","S",FALSE,0.174775675292875
"GSM5695323_204273120066_R02C01","GSM5695347_204281260061_R08C01","MFA_5","MFA_10","S","U",FALSE,0.120995346511822
"GSM5695323_204273120066_R02C01","GSM5695348_204281260061_R02C01","MFA_5","NA_7","S","S",FALSE,0.343246525731933
"GSM5695323_204273120066_R02C01","GSM5695349_204281260060_R04C01","MFA_5","NA_7","S","U",FALSE,0.350205028131044
"GSM5695323_204273120066_R02C01","GSM5695350_204088100071_R02C01","MFA_5","NA_8","S","S",FALSE,0.254325797233369
"GSM5695323_204273120066_R02C01","GSM5695351_204273120074_R03C01","MFA_5","NA_8","S","U",FALSE,0.17455018326552
"GSM5695323_204273120066_R02C01","GSM5695352_204088100053_R07C01","MFA_5","MFA_11","S","S",FALSE,0.234094285495842
"GSM5695323_204273120066_R02C01","GSM5695353_204273120074_R02C01","MFA_5","MFA_11","S","U",FALSE,0.238017607317959
"GSM5695323_204273120066_R02C01","GSM5695354_204273120066_R03C01","MFA_5","SFA_6","S","S",FALSE,0.208922917444127
"GSM5695323_204273120066_R02C01","GSM5695355_204273120068_R06C01","MFA_5","SFA_6","S","U",FALSE,0.218632208587471
"GSM5695323_204273120066_R02C01","GSM5695356_204273120068_R05C01","MFA_5","NA_9","S","S",FALSE,0.144728963047535
"GSM5695323_204273120066_R02C01","GSM5695357_204273120066_R06C01","MFA_5","NA_9","S","U",FALSE,0.138940866915981
"GSM5695323_204273120066_R02C01","GSM5695358_204273120005_R05C01","MFA_5","MFA_12","S","S",FALSE,0.288837414420041
"GSM5695323_204273120066_R02C01","GSM5695359_204273120074_R01C01","MFA_5","MFA_12","S","U",FALSE,0.297307297810178
"GSM5695323_204273120066_R02C01","GSM5695360_204273120005_R06C01","MFA_5","SFA_7","S","U",FALSE,0.127631792254858
"GSM5695323_204273120066_R02C01","GSM5695361_204281260043_R01C01","MFA_5","SFA_8","S","S",FALSE,0.22521143775718
"GSM5695323_204273120066_R02C01","GSM5695362_204088100071_R08C01","MFA_5","SFA_8","S","U",FALSE,0.23177556401959
"GSM5695323_204273120066_R02C01","GSM5695363_204281260060_R03C01","MFA_5","NA_10","S","S",FALSE,0.397353818276783
"GSM5695323_204273120066_R02C01","GSM5695364_204281260043_R08C01","MFA_5","NA_10","S","U",FALSE,0.40146715109309
"GSM5695323_204273120066_R02C01","GSM5695365_204088100053_R04C01","MFA_5","NA_11","S","S",FALSE,0.10299473397737
"GSM5695323_204273120066_R02C01","GSM5695366_204088100071_R06C01","MFA_5","NA_11","S","U",FALSE,0.104126032561702
"GSM5695323_204273120066_R02C01","GSM5695367_204281260061_R06C01","MFA_5","SFA_9","S","S",FALSE,0.1568718805352
"GSM5695323_204273120066_R02C01","GSM5695368_204281260043_R05C01","MFA_5","SFA_9","S","U",FALSE,0.155047894934796
"GSM5695323_204273120066_R02C01","GSM5695369_204273120066_R07C01","MFA_5","SFA_10","S","S",FALSE,0.183113943654267
"GSM5695323_204273120066_R02C01","GSM5695370_204281260063_R07C01","MFA_5","NA_12","S","S",FALSE,0.101163210271061
"GSM5695323_204273120066_R02C01","GSM5695371_204281260061_R03C01","MFA_5","NA_13","S","S",FALSE,0.177353583303198
"GSM5695323_204273120066_R02C01","GSM5695372_204273120073_R05C01","MFA_5","NA_13","S","U",FALSE,0.176037169383927
"GSM5695323_204273120066_R02C01","GSM5695373_204281260043_R07C01","MFA_5","SFA_11","S","S",FALSE,0.266896025532812
"GSM5695323_204273120066_R02C01","GSM5695374_204281260043_R03C01","MFA_5","SFA_11","S","U",FALSE,0.268240197408999
"GSM5695323_204273120066_R02C01","GSM5695375_204088100071_R05C01","MFA_5","NA_14","S","S",FALSE,0.19725677522896
"GSM5695323_204273120066_R02C01","GSM5695376_204281260063_R03C01","MFA_5","NA_14","S","U",FALSE,0.146472574630877
"GSM5695323_204273120066_R02C01","GSM5695377_204273120073_R03C01","MFA_5","NA_15","S","S",FALSE,0.0966797153940924
"GSM5695323_204273120066_R02C01","GSM5695378_204273120068_R01C01","MFA_5","NA_15","S","U",FALSE,0.116613394605871
"GSM5695323_204273120066_R02C01","GSM5695379_204088100071_R07C01","MFA_5","MFA_13","S","S",FALSE,0.251226930912191
"GSM5695323_204273120066_R02C01","GSM5695380_204273120068_R03C01","MFA_5","MFA_13","S","U",FALSE,0.246688851983417
"GSM5695323_204273120066_R02C01","GSM5695381_204273120066_R05C01","MFA_5","NA_16","S","S",FALSE,0.0602571398688842
"GSM5695323_204273120066_R02C01","GSM5695382_204088100082_R03C01","MFA_5","NA_16","S","U",FALSE,0.071777288960521
"GSM5695323_204273120066_R02C01","GSM5695383_204281260043_R06C01","MFA_5","MFA_14","S","S",FALSE,0.227866571276788
"GSM5695323_204273120066_R02C01","GSM5695384_204281260063_R06C01","MFA_5","MFA_14","S","U",FALSE,0.213330454918817
"GSM5695323_204273120066_R02C01","GSM5695385_204281260063_R04C01","MFA_5","SFA_12","S","S",FALSE,0.137756942160479
"GSM5695323_204273120066_R02C01","GSM5695386_204273120074_R04C01","MFA_5","SFA_12","S","U",FALSE,0.14991065961788
"GSM5695323_204273120066_R02C01","GSM5695387_204273120073_R01C01","MFA_5","NA_17","S","S",FALSE,0.290036536074827
"GSM5695323_204273120066_R02C01","GSM5695388_204281260063_R05C01","MFA_5","NA_17","S","U",FALSE,0.280112038494214
"GSM5695323_204273120066_R02C01","GSM5695389_204088100082_R06C01","MFA_5","SFA_13","S","S",FALSE,0.284145707111688
"GSM5695323_204273120066_R02C01","GSM5695390_204273120066_R01C01","MFA_5","SFA_13","S","U",FALSE,0.29183100088413
"GSM5695323_204273120066_R02C01","GSM5695391_204281260043_R02C01","MFA_5","MFA_15","S","S",FALSE,0.327401546681691
"GSM5695323_204273120066_R02C01","GSM5695392_204273120073_R06C01","MFA_5","MFA_15","S","U",FALSE,0.313342244728249
"GSM5695324_204273120074_R08C01","GSM5695325_204273120068_R02C01","MFA_5","NA_1","U","S",FALSE,0.267029815272612
"GSM5695324_204273120074_R08C01","GSM5695326_204281260060_R01C01","MFA_5","NA_1","U","U",FALSE,0.254886954527966
"GSM5695324_204273120074_R08C01","GSM5695327_204281260060_R07C01","MFA_5","NA_2","U","S",FALSE,0.342521947214732
"GSM5695324_204273120074_R08C01","GSM5695328_204281260061_R05C01","MFA_5","NA_2","U","U",FALSE,0.34644745059781
"GSM5695324_204273120074_R08C01","GSM5695329_204088100082_R02C01","MFA_5","MFA_6","U","S",FALSE,0.104968147420554
"GSM5695324_204273120074_R08C01","GSM5695330_204281260061_R04C01","MFA_5","MFA_6","U","U",FALSE,0.109889537965374
"GSM5695324_204273120074_R08C01","GSM5695331_204281260060_R06C01","MFA_5","MFA_7","U","S",FALSE,0.36654043781379
"GSM5695324_204273120074_R08C01","GSM5695332_204273120066_R08C01","MFA_5","MFA_7","U","U",FALSE,0.370538712170053
"GSM5695324_204273120074_R08C01","GSM5695333_204088100053_R02C01","MFA_5","NA_3","U","S",FALSE,0.199540676287502
"GSM5695324_204273120074_R08C01","GSM5695334_204281260063_R08C01","MFA_5","NA_3","U","U",FALSE,0.196341809749461
"GSM5695324_204273120074_R08C01","GSM5695335_204088100053_R05C01","MFA_5","NA_4","U","S",FALSE,0.119687858721772
"GSM5695324_204273120074_R08C01","GSM5695336_204273120005_R07C01","MFA_5","NA_4","U","U",FALSE,0.0969499918461724
"GSM5695324_204273120074_R08C01","GSM5695337_204088100082_R04C01","MFA_5","NA_5","U","S",FALSE,0.115450244032254
"GSM5695324_204273120074_R08C01","GSM5695338_204088100071_R01C01","MFA_5","NA_5","U","U",FALSE,0.118391373154815
"GSM5695324_204273120074_R08C01","GSM5695339_204281260043_R04C01","MFA_5","MFA_8","U","S",FALSE,0.104133675540396
"GSM5695324_204273120074_R08C01","GSM5695340_204273120074_R05C01","MFA_5","MFA_8","U","U",FALSE,0.136451276155504
"GSM5695324_204273120074_R08C01","GSM5695341_204281260060_R05C01","MFA_5","NA_6","U","S",FALSE,0.224597604869843
"GSM5695324_204273120074_R08C01","GSM5695342_204281260063_R02C01","MFA_5","SFA_5","U","S",FALSE,0.368074308917938
"GSM5695324_204273120074_R08C01","GSM5695343_204273120068_R04C01","MFA_5","SFA_1","U","U",FALSE,0.391461250993512
"GSM5695324_204273120074_R08C01","GSM5695344_204088100053_R01C01","MFA_5","MFA_9","U","S",FALSE,0.132037235614164
"GSM5695324_204273120074_R08C01","GSM5695345_204088100053_R03C01","MFA_5","MFA_9","U","U",FALSE,0.138971324431095
"GSM5695324_204273120074_R08C01","GSM5695346_204273120074_R07C01","MFA_5","MFA_10","U","S",FALSE,0.152177435674603
"GSM5695324_204273120074_R08C01","GSM5695347_204281260061_R08C01","MFA_5","MFA_10","U","U",FALSE,0.10031370748021
"GSM5695324_204273120074_R08C01","GSM5695348_204281260061_R02C01","MFA_5","NA_7","U","S",FALSE,0.32140424031307
"GSM5695324_204273120074_R08C01","GSM5695349_204281260060_R04C01","MFA_5","NA_7","U","U",FALSE,0.328181317233049
"GSM5695324_204273120074_R08C01","GSM5695350_204088100071_R02C01","MFA_5","NA_8","U","S",FALSE,0.263631090777842
"GSM5695324_204273120074_R08C01","GSM5695351_204273120074_R03C01","MFA_5","NA_8","U","U",FALSE,0.178966534380268
"GSM5695324_204273120074_R08C01","GSM5695352_204088100053_R07C01","MFA_5","MFA_11","U","S",FALSE,0.247083015659945
"GSM5695324_204273120074_R08C01","GSM5695353_204273120074_R02C01","MFA_5","MFA_11","U","U",FALSE,0.248649417710997
"GSM5695324_204273120074_R08C01","GSM5695354_204273120066_R03C01","MFA_5","SFA_6","U","S",FALSE,0.208649548819337
"GSM5695324_204273120074_R08C01","GSM5695355_204273120068_R06C01","MFA_5","SFA_6","U","U",FALSE,0.216340213004631
"GSM5695324_204273120074_R08C01","GSM5695356_204273120068_R05C01","MFA_5","NA_9","U","S",FALSE,0.145017298712463
"GSM5695324_204273120074_R08C01","GSM5695357_204273120066_R06C01","MFA_5","NA_9","U","U",FALSE,0.138438304823339
"GSM5695324_204273120074_R08C01","GSM5695358_204273120005_R05C01","MFA_5","MFA_12","U","S",FALSE,0.309632091955452
"GSM5695324_204273120074_R08C01","GSM5695359_204273120074_R01C01","MFA_5","MFA_12","U","U",FALSE,0.319229040701185
"GSM5695324_204273120074_R08C01","GSM5695360_204273120005_R06C01","MFA_5","SFA_7","U","U",FALSE,0.129010293713268
"GSM5695324_204273120074_R08C01","GSM5695361_204281260043_R01C01","MFA_5","SFA_8","U","S",FALSE,0.209811552645676
"GSM5695324_204273120074_R08C01","GSM5695362_204088100071_R08C01","MFA_5","SFA_8","U","U",FALSE,0.218767327076329
"GSM5695324_204273120074_R08C01","GSM5695363_204281260060_R03C01","MFA_5","NA_10","U","S",FALSE,0.381937417760903
"GSM5695324_204273120074_R08C01","GSM5695364_204281260043_R08C01","MFA_5","NA_10","U","U",FALSE,0.382818144987299
"GSM5695324_204273120074_R08C01","GSM5695365_204088100053_R04C01","MFA_5","NA_11","U","S",FALSE,0.122549617206344
"GSM5695324_204273120074_R08C01","GSM5695366_204088100071_R06C01","MFA_5","NA_11","U","U",FALSE,0.123560170523711
"GSM5695324_204273120074_R08C01","GSM5695367_204281260061_R06C01","MFA_5","SFA_9","U","S",FALSE,0.166059861005499
"GSM5695324_204273120074_R08C01","GSM5695368_204281260043_R05C01","MFA_5","SFA_9","U","U",FALSE,0.167301825371375
"GSM5695324_204273120074_R08C01","GSM5695369_204273120066_R07C01","MFA_5","SFA_10","U","S",FALSE,0.190799877516757
"GSM5695324_204273120074_R08C01","GSM5695370_204281260063_R07C01","MFA_5","NA_12","U","S",FALSE,0.0936458134709515
"GSM5695324_204273120074_R08C01","GSM5695371_204281260061_R03C01","MFA_5","NA_13","U","S",FALSE,0.206314291130292
"GSM5695324_204273120074_R08C01","GSM5695372_204273120073_R05C01","MFA_5","NA_13","U","U",FALSE,0.201962530838147
"GSM5695324_204273120074_R08C01","GSM5695373_204281260043_R07C01","MFA_5","SFA_11","U","S",FALSE,0.275234944642337
"GSM5695324_204273120074_R08C01","GSM5695374_204281260043_R03C01","MFA_5","SFA_11","U","U",FALSE,0.275979571049813
"GSM5695324_204273120074_R08C01","GSM5695375_204088100071_R05C01","MFA_5","NA_14","U","S",FALSE,0.198532054382391
"GSM5695324_204273120074_R08C01","GSM5695376_204281260063_R03C01","MFA_5","NA_14","U","U",FALSE,0.150088667055554
"GSM5695324_204273120074_R08C01","GSM5695377_204273120073_R03C01","MFA_5","NA_15","U","S",FALSE,0.105301394683085
"GSM5695324_204273120074_R08C01","GSM5695378_204273120068_R01C01","MFA_5","NA_15","U","U",FALSE,0.122588343183336
"GSM5695324_204273120074_R08C01","GSM5695379_204088100071_R07C01","MFA_5","MFA_13","U","S",FALSE,0.23788177364034
"GSM5695324_204273120074_R08C01","GSM5695380_204273120068_R03C01","MFA_5","MFA_13","U","U",FALSE,0.234602917825953
"GSM5695324_204273120074_R08C01","GSM5695381_204273120066_R05C01","MFA_5","NA_16","U","S",FALSE,0.077723221952305
"GSM5695324_204273120074_R08C01","GSM5695382_204088100082_R03C01","MFA_5","NA_16","U","U",FALSE,0.0892507133752123
"GSM5695324_204273120074_R08C01","GSM5695383_204281260043_R06C01","MFA_5","MFA_14","U","S",FALSE,0.223833158276678
"GSM5695324_204273120074_R08C01","GSM5695384_204281260063_R06C01","MFA_5","MFA_14","U","U",FALSE,0.207255359889229
"GSM5695324_204273120074_R08C01","GSM5695385_204281260063_R04C01","MFA_5","SFA_12","U","S",FALSE,0.145096308628679
"GSM5695324_204273120074_R08C01","GSM5695386_204273120074_R04C01","MFA_5","SFA_12","U","U",FALSE,0.156945157987959
"GSM5695324_204273120074_R08C01","GSM5695387_204273120073_R01C01","MFA_5","NA_17","U","S",FALSE,0.301595601827246
"GSM5695324_204273120074_R08C01","GSM5695388_204281260063_R05C01","MFA_5","NA_17","U","U",FALSE,0.292374261665386
"GSM5695324_204273120074_R08C01","GSM5695389_204088100082_R06C01","MFA_5","SFA_13","U","S",FALSE,0.274201369454687
"GSM5695324_204273120074_R08C01","GSM5695390_204273120066_R01C01","MFA_5","SFA_13","U","U",FALSE,0.28148194116672
"GSM5695324_204273120074_R08C01","GSM5695391_204281260043_R02C01","MFA_5","MFA_15","U","S",FALSE,0.307125981079902
"GSM5695324_204273120074_R08C01","GSM5695392_204273120073_R06C01","MFA_5","MFA_15","U","U",FALSE,0.292974882106143
"GSM5695325_204273120068_R02C01","GSM5695326_204281260060_R01C01","NA_1","NA_1","S","U",TRUE,0.993572874844656
"GSM5695325_204273120068_R02C01","GSM5695327_204281260060_R07C01","NA_1","NA_2","S","S",FALSE,0.162992353746404
"GSM5695325_204273120068_R02C01","GSM5695328_204281260061_R05C01","NA_1","NA_2","S","U",FALSE,0.156913084538839
"GSM5695325_204273120068_R02C01","GSM5695329_204088100082_R02C01","NA_1","MFA_6","S","S",FALSE,0.00311905062132635
"GSM5695325_204273120068_R02C01","GSM5695330_204281260061_R04C01","NA_1","MFA_6","S","U",FALSE,0.0215931696842122
"GSM5695325_204273120068_R02C01","GSM5695331_204281260060_R06C01","NA_1","MFA_7","S","S",FALSE,0.142540563129053
"GSM5695325_204273120068_R02C01","GSM5695332_204273120066_R08C01","NA_1","MFA_7","S","U",FALSE,0.148401094607454
"GSM5695325_204273120068_R02C01","GSM5695333_204088100053_R02C01","NA_1","NA_3","S","S",FALSE,0.130437477678815
"GSM5695325_204273120068_R02C01","GSM5695334_204281260063_R08C01","NA_1","NA_3","S","U",FALSE,0.118071057127302
"GSM5695325_204273120068_R02C01","GSM5695335_204088100053_R05C01","NA_1","NA_4","S","S",FALSE,0.383864996555648
"GSM5695325_204273120068_R02C01","GSM5695336_204273120005_R07C01","NA_1","NA_4","S","U",FALSE,0.357374850893632
"GSM5695325_204273120068_R02C01","GSM5695337_204088100082_R04C01","NA_1","NA_5","S","S",FALSE,0.422947573424222
"GSM5695325_204273120068_R02C01","GSM5695338_204088100071_R01C01","NA_1","NA_5","S","U",FALSE,0.40723863567253
"GSM5695325_204273120068_R02C01","GSM5695339_204281260043_R04C01","NA_1","MFA_8","S","S",FALSE,0.14381230175663
"GSM5695325_204273120068_R02C01","GSM5695340_204273120074_R05C01","NA_1","MFA_8","S","U",FALSE,0.154267902896189
"GSM5695325_204273120068_R02C01","GSM5695341_204281260060_R05C01","NA_1","NA_6","S","S",FALSE,0.221963369556921
"GSM5695325_204273120068_R02C01","GSM5695342_204281260063_R02C01","NA_1","SFA_5","S","S",FALSE,0.324528064172064
"GSM5695325_204273120068_R02C01","GSM5695343_204273120068_R04C01","NA_1","SFA_1","S","U",FALSE,0.328838896558579
"GSM5695325_204273120068_R02C01","GSM5695344_204088100053_R01C01","NA_1","MFA_9","S","S",FALSE,0.03578206716461
"GSM5695325_204273120068_R02C01","GSM5695345_204088100053_R03C01","NA_1","MFA_9","S","U",FALSE,0.040081535346362
"GSM5695325_204273120068_R02C01","GSM5695346_204273120074_R07C01","NA_1","MFA_10","S","S",FALSE,-0.0733083251845805
"GSM5695325_204273120068_R02C01","GSM5695347_204281260061_R08C01","NA_1","MFA_10","S","U",FALSE,-0.0993313302061143
"GSM5695325_204273120068_R02C01","GSM5695348_204281260061_R02C01","NA_1","NA_7","S","S",FALSE,0.193942451204671
"GSM5695325_204273120068_R02C01","GSM5695349_204281260060_R04C01","NA_1","NA_7","S","U",FALSE,0.190429964076048
"GSM5695325_204273120068_R02C01","GSM5695350_204088100071_R02C01","NA_1","NA_8","S","S",FALSE,0.200219700604681
"GSM5695325_204273120068_R02C01","GSM5695351_204273120074_R03C01","NA_1","NA_8","S","U",FALSE,0.180738065462377
"GSM5695325_204273120068_R02C01","GSM5695352_204088100053_R07C01","NA_1","MFA_11","S","S",FALSE,0.482486300582502
"GSM5695325_204273120068_R02C01","GSM5695353_204273120074_R02C01","NA_1","MFA_11","S","U",FALSE,0.479898305960153
"GSM5695325_204273120068_R02C01","GSM5695354_204273120066_R03C01","NA_1","SFA_6","S","S",FALSE,0.202731485501157
"GSM5695325_204273120068_R02C01","GSM5695355_204273120068_R06C01","NA_1","SFA_6","S","U",FALSE,0.214664669882056
"GSM5695325_204273120068_R02C01","GSM5695356_204273120068_R05C01","NA_1","NA_9","S","S",FALSE,0.174223871125031
"GSM5695325_204273120068_R02C01","GSM5695357_204273120066_R06C01","NA_1","NA_9","S","U",FALSE,0.171441965122164
"GSM5695325_204273120068_R02C01","GSM5695358_204273120005_R05C01","NA_1","MFA_12","S","S",FALSE,0.197888337271132
"GSM5695325_204273120068_R02C01","GSM5695359_204273120074_R01C01","NA_1","MFA_12","S","U",FALSE,0.219100433987237
"GSM5695325_204273120068_R02C01","GSM5695360_204273120005_R06C01","NA_1","SFA_7","S","U",FALSE,0.256725574582197
"GSM5695325_204273120068_R02C01","GSM5695361_204281260043_R01C01","NA_1","SFA_8","S","S",FALSE,0.298773394884331
"GSM5695325_204273120068_R02C01","GSM5695362_204088100071_R08C01","NA_1","SFA_8","S","U",FALSE,0.27920747515061
"GSM5695325_204273120068_R02C01","GSM5695363_204281260060_R03C01","NA_1","NA_10","S","S",FALSE,0.172995074072048
"GSM5695325_204273120068_R02C01","GSM5695364_204281260043_R08C01","NA_1","NA_10","S","U",FALSE,0.174452167606305
"GSM5695325_204273120068_R02C01","GSM5695365_204088100053_R04C01","NA_1","NA_11","S","S",FALSE,0.179967705795364
"GSM5695325_204273120068_R02C01","GSM5695366_204088100071_R06C01","NA_1","NA_11","S","U",FALSE,0.179651120795869
"GSM5695325_204273120068_R02C01","GSM5695367_204281260061_R06C01","NA_1","SFA_9","S","S",FALSE,0.0744560379372023
"GSM5695325_204273120068_R02C01","GSM5695368_204281260043_R05C01","NA_1","SFA_9","S","U",FALSE,0.0824778386806282
"GSM5695325_204273120068_R02C01","GSM5695369_204273120066_R07C01","NA_1","SFA_10","S","S",FALSE,0.193314213177702
"GSM5695325_204273120068_R02C01","GSM5695370_204281260063_R07C01","NA_1","NA_12","S","S",FALSE,0.355071610108764
"GSM5695325_204273120068_R02C01","GSM5695371_204281260061_R03C01","NA_1","NA_13","S","S",FALSE,0.278006440403169
"GSM5695325_204273120068_R02C01","GSM5695372_204273120073_R05C01","NA_1","NA_13","S","U",FALSE,0.282643115502635
"GSM5695325_204273120068_R02C01","GSM5695373_204281260043_R07C01","NA_1","SFA_11","S","S",FALSE,0.0971555977691429
"GSM5695325_204273120068_R02C01","GSM5695374_204281260043_R03C01","NA_1","SFA_11","S","U",FALSE,0.0895797914325506
"GSM5695325_204273120068_R02C01","GSM5695375_204088100071_R05C01","NA_1","NA_14","S","S",FALSE,0.0153114565774184
"GSM5695325_204273120068_R02C01","GSM5695376_204281260063_R03C01","NA_1","NA_14","S","U",FALSE,-0.00193273484408223
"GSM5695325_204273120068_R02C01","GSM5695377_204273120073_R03C01","NA_1","NA_15","S","S",FALSE,0.232075081389124
"GSM5695325_204273120068_R02C01","GSM5695378_204273120068_R01C01","NA_1","NA_15","S","U",FALSE,0.237441191450436
"GSM5695325_204273120068_R02C01","GSM5695379_204088100071_R07C01","NA_1","MFA_13","S","S",FALSE,0.296128420441272
"GSM5695325_204273120068_R02C01","GSM5695380_204273120068_R03C01","NA_1","MFA_13","S","U",FALSE,0.290462428170952
"GSM5695325_204273120068_R02C01","GSM5695381_204273120066_R05C01","NA_1","NA_16","S","S",FALSE,0.192016758701915
"GSM5695325_204273120068_R02C01","GSM5695382_204088100082_R03C01","NA_1","NA_16","S","U",FALSE,0.194143578851794
"GSM5695325_204273120068_R02C01","GSM5695383_204281260043_R06C01","NA_1","MFA_14","S","S",FALSE,-0.0402676596317026
"GSM5695325_204273120068_R02C01","GSM5695384_204281260063_R06C01","NA_1","MFA_14","S","U",FALSE,-0.0311675448913075
"GSM5695325_204273120068_R02C01","GSM5695385_204281260063_R04C01","NA_1","SFA_12","S","S",FALSE,0.0702501997102679
"GSM5695325_204273120068_R02C01","GSM5695386_204273120074_R04C01","NA_1","SFA_12","S","U",FALSE,0.0784130198518714
"GSM5695325_204273120068_R02C01","GSM5695387_204273120073_R01C01","NA_1","NA_17","S","S",FALSE,0.154427977774033
"GSM5695325_204273120068_R02C01","GSM5695388_204281260063_R05C01","NA_1","NA_17","S","U",FALSE,0.163532849168423
"GSM5695325_204273120068_R02C01","GSM5695389_204088100082_R06C01","NA_1","SFA_13","S","S",FALSE,0.183660302681095
"GSM5695325_204273120068_R02C01","GSM5695390_204273120066_R01C01","NA_1","SFA_13","S","U",FALSE,0.189270420033813
"GSM5695325_204273120068_R02C01","GSM5695391_204281260043_R02C01","NA_1","MFA_15","S","S",FALSE,0.163326854387341
"GSM5695325_204273120068_R02C01","GSM5695392_204273120073_R06C01","NA_1","MFA_15","S","U",FALSE,0.175652228446885
"GSM5695326_204281260060_R01C01","GSM5695327_204281260060_R07C01","NA_1","NA_2","U","S",FALSE,0.153077356108068
"GSM5695326_204281260060_R01C01","GSM5695328_204281260061_R05C01","NA_1","NA_2","U","U",FALSE,0.14704754202368
"GSM5695326_204281260060_R01C01","GSM5695329_204088100082_R02C01","NA_1","MFA_6","U","S",FALSE,-0.000425909334762654
"GSM5695326_204281260060_R01C01","GSM5695330_204281260061_R04C01","NA_1","MFA_6","U","U",FALSE,0.0178628476096136
"GSM5695326_204281260060_R01C01","GSM5695331_204281260060_R06C01","NA_1","MFA_7","U","S",FALSE,0.145438806304699
"GSM5695326_204281260060_R01C01","GSM5695332_204273120066_R08C01","NA_1","MFA_7","U","U",FALSE,0.152381838506222
"GSM5695326_204281260060_R01C01","GSM5695333_204088100053_R02C01","NA_1","NA_3","U","S",FALSE,0.118853530226894
"GSM5695326_204281260060_R01C01","GSM5695334_204281260063_R08C01","NA_1","NA_3","U","U",FALSE,0.109079005615786
"GSM5695326_204281260060_R01C01","GSM5695335_204088100053_R05C01","NA_1","NA_4","U","S",FALSE,0.391813869831702
"GSM5695326_204281260060_R01C01","GSM5695336_204273120005_R07C01","NA_1","NA_4","U","U",FALSE,0.367200986570128
"GSM5695326_204281260060_R01C01","GSM5695337_204088100082_R04C01","NA_1","NA_5","U","S",FALSE,0.421334405051481
"GSM5695326_204281260060_R01C01","GSM5695338_204088100071_R01C01","NA_1","NA_5","U","U",FALSE,0.408495585718465
"GSM5695326_204281260060_R01C01","GSM5695339_204281260043_R04C01","NA_1","MFA_8","U","S",FALSE,0.156818531779623
"GSM5695326_204281260060_R01C01","GSM5695340_204273120074_R05C01","NA_1","MFA_8","U","U",FALSE,0.164042630872671
"GSM5695326_204281260060_R01C01","GSM5695341_204281260060_R05C01","NA_1","NA_6","U","S",FALSE,0.217546388081925
"GSM5695326_204281260060_R01C01","GSM5695342_204281260063_R02C01","NA_1","SFA_5","U","S",FALSE,0.33798029971189
"GSM5695326_204281260060_R01C01","GSM5695343_204273120068_R04C01","NA_1","SFA_1","U","U",FALSE,0.340738075230494
"GSM5695326_204281260060_R01C01","GSM5695344_204088100053_R01C01","NA_1","MFA_9","U","S",FALSE,0.0365573794172634
"GSM5695326_204281260060_R01C01","GSM5695345_204088100053_R03C01","NA_1","MFA_9","U","U",FALSE,0.0413916790063633
"GSM5695326_204281260060_R01C01","GSM5695346_204273120074_R07C01","NA_1","MFA_10","U","S",FALSE,-0.073817880215065
"GSM5695326_204281260060_R01C01","GSM5695347_204281260061_R08C01","NA_1","MFA_10","U","U",FALSE,-0.0988963863886602
"GSM5695326_204281260060_R01C01","GSM5695348_204281260061_R02C01","NA_1","NA_7","U","S",FALSE,0.203663609951277
"GSM5695326_204281260060_R01C01","GSM5695349_204281260060_R04C01","NA_1","NA_7","U","U",FALSE,0.199293028175526
"GSM5695326_204281260060_R01C01","GSM5695350_204088100071_R02C01","NA_1","NA_8","U","S",FALSE,0.211964361381818
"GSM5695326_204281260060_R01C01","GSM5695351_204273120074_R03C01","NA_1","NA_8","U","U",FALSE,0.194225283669572
"GSM5695326_204281260060_R01C01","GSM5695352_204088100053_R07C01","NA_1","MFA_11","U","S",FALSE,0.478255110512626
"GSM5695326_204281260060_R01C01","GSM5695353_204273120074_R02C01","NA_1","MFA_11","U","U",FALSE,0.4766283982006
"GSM5695326_204281260060_R01C01","GSM5695354_204273120066_R03C01","NA_1","SFA_6","U","S",FALSE,0.201683282810792
"GSM5695326_204281260060_R01C01","GSM5695355_204273120068_R06C01","NA_1","SFA_6","U","U",FALSE,0.213254992335669
"GSM5695326_204281260060_R01C01","GSM5695356_204273120068_R05C01","NA_1","NA_9","U","S",FALSE,0.17116828954754
"GSM5695326_204281260060_R01C01","GSM5695357_204273120066_R06C01","NA_1","NA_9","U","U",FALSE,0.165585304810215
"GSM5695326_204281260060_R01C01","GSM5695358_204273120005_R05C01","NA_1","MFA_12","U","S",FALSE,0.186574444414999
"GSM5695326_204281260060_R01C01","GSM5695359_204273120074_R01C01","NA_1","MFA_12","U","U",FALSE,0.206989952080591
"GSM5695326_204281260060_R01C01","GSM5695360_204273120005_R06C01","NA_1","SFA_7","U","U",FALSE,0.269874244726559
"GSM5695326_204281260060_R01C01","GSM5695361_204281260043_R01C01","NA_1","SFA_8","U","S",FALSE,0.303554643611259
"GSM5695326_204281260060_R01C01","GSM5695362_204088100071_R08C01","NA_1","SFA_8","U","U",FALSE,0.282944128820637
"GSM5695326_204281260060_R01C01","GSM5695363_204281260060_R03C01","NA_1","NA_10","U","S",FALSE,0.182145434452332
"GSM5695326_204281260060_R01C01","GSM5695364_204281260043_R08C01","NA_1","NA_10","U","U",FALSE,0.188538583503302
"GSM5695326_204281260060_R01C01","GSM5695365_204088100053_R04C01","NA_1","NA_11","U","S",FALSE,0.159140576695118
"GSM5695326_204281260060_R01C01","GSM5695366_204088100071_R06C01","NA_1","NA_11","U","U",FALSE,0.158978753997425
"GSM5695326_204281260060_R01C01","GSM5695367_204281260061_R06C01","NA_1","SFA_9","U","S",FALSE,0.0954063595988489
"GSM5695326_204281260060_R01C01","GSM5695368_204281260043_R05C01","NA_1","SFA_9","U","U",FALSE,0.104649125727862
"GSM5695326_204281260060_R01C01","GSM5695369_204273120066_R07C01","NA_1","SFA_10","U","S",FALSE,0.207614577465616
"GSM5695326_204281260060_R01C01","GSM5695370_204281260063_R07C01","NA_1","NA_12","U","S",FALSE,0.341397078159176
"GSM5695326_204281260060_R01C01","GSM5695371_204281260061_R03C01","NA_1","NA_13","U","S",FALSE,0.265795879627734
"GSM5695326_204281260060_R01C01","GSM5695372_204273120073_R05C01","NA_1","NA_13","U","U",FALSE,0.269421896110138
"GSM5695326_204281260060_R01C01","GSM5695373_204281260043_R07C01","NA_1","SFA_11","U","S",FALSE,0.0935302301137971
"GSM5695326_204281260060_R01C01","GSM5695374_204281260043_R03C01","NA_1","SFA_11","U","U",FALSE,0.0898631165397054
"GSM5695326_204281260060_R01C01","GSM5695375_204088100071_R05C01","NA_1","NA_14","U","S",FALSE,0.0168841489034158
"GSM5695326_204281260060_R01C01","GSM5695376_204281260063_R03C01","NA_1","NA_14","U","U",FALSE,0.00198332514502409
"GSM5695326_204281260060_R01C01","GSM5695377_204273120073_R03C01","NA_1","NA_15","U","S",FALSE,0.203487459601983
"GSM5695326_204281260060_R01C01","GSM5695378_204273120068_R01C01","NA_1","NA_15","U","U",FALSE,0.20642194907826
"GSM5695326_204281260060_R01C01","GSM5695379_204088100071_R07C01","NA_1","MFA_13","U","S",FALSE,0.300653647880644
"GSM5695326_204281260060_R01C01","GSM5695380_204273120068_R03C01","NA_1","MFA_13","U","U",FALSE,0.294715647950646
"GSM5695326_204281260060_R01C01","GSM5695381_204273120066_R05C01","NA_1","NA_16","U","S",FALSE,0.1960374399512
"GSM5695326_204281260060_R01C01","GSM5695382_204088100082_R03C01","NA_1","NA_16","U","U",FALSE,0.197287337230338
"GSM5695326_204281260060_R01C01","GSM5695383_204281260043_R06C01","NA_1","MFA_14","U","S",FALSE,-0.0364091060436843
"GSM5695326_204281260060_R01C01","GSM5695384_204281260063_R06C01","NA_1","MFA_14","U","U",FALSE,-0.0271852570642374
"GSM5695326_204281260060_R01C01","GSM5695385_204281260063_R04C01","NA_1","SFA_12","U","S",FALSE,0.083854081348174
"GSM5695326_204281260060_R01C01","GSM5695386_204273120074_R04C01","NA_1","SFA_12","U","U",FALSE,0.0926336175358957
"GSM5695326_204281260060_R01C01","GSM5695387_204273120073_R01C01","NA_1","NA_17","U","S",FALSE,0.13789409695886
"GSM5695326_204281260060_R01C01","GSM5695388_204281260063_R05C01","NA_1","NA_17","U","U",FALSE,0.149485477641509
"GSM5695326_204281260060_R01C01","GSM5695389_204088100082_R06C01","NA_1","SFA_13","U","S",FALSE,0.161777837197743
"GSM5695326_204281260060_R01C01","GSM5695390_204273120066_R01C01","NA_1","SFA_13","U","U",FALSE,0.16689757398657
"GSM5695326_204281260060_R01C01","GSM5695391_204281260043_R02C01","NA_1","MFA_15","U","S",FALSE,0.165890163846985
"GSM5695326_204281260060_R01C01","GSM5695392_204273120073_R06C01","NA_1","MFA_15","U","U",FALSE,0.175627620366211
"GSM5695327_204281260060_R07C01","GSM5695328_204281260061_R05C01","NA_2","NA_2","S","U",TRUE,0.994226124858895
"GSM5695327_204281260060_R07C01","GSM5695329_204088100082_R02C01","NA_2","MFA_6","S","S",FALSE,0.0997137454059413
"GSM5695327_204281260060_R07C01","GSM5695330_204281260061_R04C01","NA_2","MFA_6","S","U",FALSE,0.116242210317117
"GSM5695327_204281260060_R07C01","GSM5695331_204281260060_R06C01","NA_2","MFA_7","S","S",FALSE,0.210037100524535
"GSM5695327_204281260060_R07C01","GSM5695332_204273120066_R08C01","NA_2","MFA_7","S","U",FALSE,0.207626229273694
"GSM5695327_204281260060_R07C01","GSM5695333_204088100053_R02C01","NA_2","NA_3","S","S",FALSE,-0.016094966070244
"GSM5695327_204281260060_R07C01","GSM5695334_204281260063_R08C01","NA_2","NA_3","S","U",FALSE,-0.0100960546017023
"GSM5695327_204281260060_R07C01","GSM5695335_204088100053_R05C01","NA_2","NA_4","S","S",FALSE,0.0558335886365756
"GSM5695327_204281260060_R07C01","GSM5695336_204273120005_R07C01","NA_2","NA_4","S","U",FALSE,0.0731356823279924
"GSM5695327_204281260060_R07C01","GSM5695337_204088100082_R04C01","NA_2","NA_5","S","S",FALSE,0.115539951188026
"GSM5695327_204281260060_R07C01","GSM5695338_204088100071_R01C01","NA_2","NA_5","S","U",FALSE,0.140781061411159
"GSM5695327_204281260060_R07C01","GSM5695339_204281260043_R04C01","NA_2","MFA_8","S","S",FALSE,0.339501154732514
"GSM5695327_204281260060_R07C01","GSM5695340_204273120074_R05C01","NA_2","MFA_8","S","U",FALSE,0.353826249382636
"GSM5695327_204281260060_R07C01","GSM5695341_204281260060_R05C01","NA_2","NA_6","S","S",FALSE,0.228317675035459
"GSM5695327_204281260060_R07C01","GSM5695342_204281260063_R02C01","NA_2","SFA_5","S","S",FALSE,0.244067084532992
"GSM5695327_204281260060_R07C01","GSM5695343_204273120068_R04C01","NA_2","SFA_1","S","U",FALSE,0.239164712345971
"GSM5695327_204281260060_R07C01","GSM5695344_204088100053_R01C01","NA_2","MFA_9","S","S",FALSE,0.179633155291515
"GSM5695327_204281260060_R07C01","GSM5695345_204088100053_R03C01","NA_2","MFA_9","S","U",FALSE,0.177501964830987
"GSM5695327_204281260060_R07C01","GSM5695346_204273120074_R07C01","NA_2","MFA_10","S","S",FALSE,0.208176832060579
"GSM5695327_204281260060_R07C01","GSM5695347_204281260061_R08C01","NA_2","MFA_10","S","U",FALSE,0.212160256153043
"GSM5695327_204281260060_R07C01","GSM5695348_204281260061_R02C01","NA_2","NA_7","S","S",FALSE,0.0981476625812459
"GSM5695327_204281260060_R07C01","GSM5695349_204281260060_R04C01","NA_2","NA_7","S","U",FALSE,0.114655591530925
"GSM5695327_204281260060_R07C01","GSM5695350_204088100071_R02C01","NA_2","NA_8","S","S",FALSE,0.136673871918911
"GSM5695327_204281260060_R07C01","GSM5695351_204273120074_R03C01","NA_2","NA_8","S","U",FALSE,0.0675192869107565
"GSM5695327_204281260060_R07C01","GSM5695352_204088100053_R07C01","NA_2","MFA_11","S","S",FALSE,0.0258184543299771
"GSM5695327_204281260060_R07C01","GSM5695353_204273120074_R02C01","NA_2","MFA_11","S","U",FALSE,0.0266801165066519
"GSM5695327_204281260060_R07C01","GSM5695354_204273120066_R03C01","NA_2","SFA_6","S","S",FALSE,0.288848927478197
"GSM5695327_204281260060_R07C01","GSM5695355_204273120068_R06C01","NA_2","SFA_6","S","U",FALSE,0.291708454832436
"GSM5695327_204281260060_R07C01","GSM5695356_204273120068_R05C01","NA_2","NA_9","S","S",FALSE,0.0692768514846591
"GSM5695327_204281260060_R07C01","GSM5695357_204273120066_R06C01","NA_2","NA_9","S","U",FALSE,0.0818804864995861
"GSM5695327_204281260060_R07C01","GSM5695358_204273120005_R05C01","NA_2","MFA_12","S","S",FALSE,0.140800881215289
"GSM5695327_204281260060_R07C01","GSM5695359_204273120074_R01C01","NA_2","MFA_12","S","U",FALSE,0.155781102099265
"GSM5695327_204281260060_R07C01","GSM5695360_204273120005_R06C01","NA_2","SFA_7","S","U",FALSE,0.0578933095128273
"GSM5695327_204281260060_R07C01","GSM5695361_204281260043_R01C01","NA_2","SFA_8","S","S",FALSE,0.376154337429485
"GSM5695327_204281260060_R07C01","GSM5695362_204088100071_R08C01","NA_2","SFA_8","S","U",FALSE,0.360853334812033
"GSM5695327_204281260060_R07C01","GSM5695363_204281260060_R03C01","NA_2","NA_10","S","S",FALSE,0.273635753774779
"GSM5695327_204281260060_R07C01","GSM5695364_204281260043_R08C01","NA_2","NA_10","S","U",FALSE,0.301863060027002
"GSM5695327_204281260060_R07C01","GSM5695365_204088100053_R04C01","NA_2","NA_11","S","S",FALSE,0.177765517812968
"GSM5695327_204281260060_R07C01","GSM5695366_204088100071_R06C01","NA_2","NA_11","S","U",FALSE,0.174606440959424
"GSM5695327_204281260060_R07C01","GSM5695367_204281260061_R06C01","NA_2","SFA_9","S","S",FALSE,0.0677720941486663
"GSM5695327_204281260060_R07C01","GSM5695368_204281260043_R05C01","NA_2","SFA_9","S","U",FALSE,0.0600229424019358
"GSM5695327_204281260060_R07C01","GSM5695369_204273120066_R07C01","NA_2","SFA_10","S","S",FALSE,0.282088061904992
"GSM5695327_204281260060_R07C01","GSM5695370_204281260063_R07C01","NA_2","NA_12","S","S",FALSE,0.0970283331038659
"GSM5695327_204281260060_R07C01","GSM5695371_204281260061_R03C01","NA_2","NA_13","S","S",FALSE,0.231004207571242
"GSM5695327_204281260060_R07C01","GSM5695372_204273120073_R05C01","NA_2","NA_13","S","U",FALSE,0.2236338618599
"GSM5695327_204281260060_R07C01","GSM5695373_204281260043_R07C01","NA_2","SFA_11","S","S",FALSE,0.185542559949393
"GSM5695327_204281260060_R07C01","GSM5695374_204281260043_R03C01","NA_2","SFA_11","S","U",FALSE,0.16834032110824
"GSM5695327_204281260060_R07C01","GSM5695375_204088100071_R05C01","NA_2","NA_14","S","S",FALSE,0.16452026056497
"GSM5695327_204281260060_R07C01","GSM5695376_204281260063_R03C01","NA_2","NA_14","S","U",FALSE,0.143006757331597
"GSM5695327_204281260060_R07C01","GSM5695377_204273120073_R03C01","NA_2","NA_15","S","S",FALSE,0.181545615646088
"GSM5695327_204281260060_R07C01","GSM5695378_204273120068_R01C01","NA_2","NA_15","S","U",FALSE,0.193650533808515
"GSM5695327_204281260060_R07C01","GSM5695379_204088100071_R07C01","NA_2","MFA_13","S","S",FALSE,-0.0210793013511151
"GSM5695327_204281260060_R07C01","GSM5695380_204273120068_R03C01","NA_2","MFA_13","S","U",FALSE,-0.0187776383737711
"GSM5695327_204281260060_R07C01","GSM5695381_204273120066_R05C01","NA_2","NA_16","S","S",FALSE,-0.155830158336745
"GSM5695327_204281260060_R07C01","GSM5695382_204088100082_R03C01","NA_2","NA_16","S","U",FALSE,-0.158132731966258
"GSM5695327_204281260060_R07C01","GSM5695383_204281260043_R06C01","NA_2","MFA_14","S","S",FALSE,0.306757092193592
"GSM5695327_204281260060_R07C01","GSM5695384_204281260063_R06C01","NA_2","MFA_14","S","U",FALSE,0.326866096749107
"GSM5695327_204281260060_R07C01","GSM5695385_204281260063_R04C01","NA_2","SFA_12","S","S",FALSE,0.284687972222271
"GSM5695327_204281260060_R07C01","GSM5695386_204273120074_R04C01","NA_2","SFA_12","S","U",FALSE,0.294375624919138
"GSM5695327_204281260060_R07C01","GSM5695387_204273120073_R01C01","NA_2","NA_17","S","S",FALSE,0.0937411557014715
"GSM5695327_204281260060_R07C01","GSM5695388_204281260063_R05C01","NA_2","NA_17","S","U",FALSE,0.0887777118092882
"GSM5695327_204281260060_R07C01","GSM5695389_204088100082_R06C01","NA_2","SFA_13","S","S",FALSE,0.212581835618608
"GSM5695327_204281260060_R07C01","GSM5695390_204273120066_R01C01","NA_2","SFA_13","S","U",FALSE,0.232900014662539
"GSM5695327_204281260060_R07C01","GSM5695391_204281260043_R02C01","NA_2","MFA_15","S","S",FALSE,0.153662117836594
"GSM5695327_204281260060_R07C01","GSM5695392_204273120073_R06C01","NA_2","MFA_15","S","U",FALSE,0.140113633638289
"GSM5695328_204281260061_R05C01","GSM5695329_204088100082_R02C01","NA_2","MFA_6","U","S",FALSE,0.0783048248297791
"GSM5695328_204281260061_R05C01","GSM5695330_204281260061_R04C01","NA_2","MFA_6","U","U",FALSE,0.093418091753753
"GSM5695328_204281260061_R05C01","GSM5695331_204281260060_R06C01","NA_2","MFA_7","U","S",FALSE,0.195679164578009
"GSM5695328_204281260061_R05C01","GSM5695332_204273120066_R08C01","NA_2","MFA_7","U","U",FALSE,0.192902305744617
"GSM5695328_204281260061_R05C01","GSM5695333_204088100053_R02C01","NA_2","NA_3","U","S",FALSE,-0.0285676366110955
"GSM5695328_204281260061_R05C01","GSM5695334_204281260063_R08C01","NA_2","NA_3","U","U",FALSE,-0.0239529974027365
"GSM5695328_204281260061_R05C01","GSM5695335_204088100053_R05C01","NA_2","NA_4","U","S",FALSE,0.0347864188353347
"GSM5695328_204281260061_R05C01","GSM5695336_204273120005_R07C01","NA_2","NA_4","U","U",FALSE,0.0502585587694972
"GSM5695328_204281260061_R05C01","GSM5695337_204088100082_R04C01","NA_2","NA_5","U","S",FALSE,0.104536138469476
"GSM5695328_204281260061_R05C01","GSM5695338_204088100071_R01C01","NA_2","NA_5","U","U",FALSE,0.127881582367755
"GSM5695328_204281260061_R05C01","GSM5695339_204281260043_R04C01","NA_2","MFA_8","U","S",FALSE,0.331922867237715
"GSM5695328_204281260061_R05C01","GSM5695340_204273120074_R05C01","NA_2","MFA_8","U","U",FALSE,0.345635636419017
"GSM5695328_204281260061_R05C01","GSM5695341_204281260060_R05C01","NA_2","NA_6","U","S",FALSE,0.215559386012589
"GSM5695328_204281260061_R05C01","GSM5695342_204281260063_R02C01","NA_2","SFA_5","U","S",FALSE,0.232576640051746
"GSM5695328_204281260061_R05C01","GSM5695343_204273120068_R04C01","NA_2","SFA_1","U","U",FALSE,0.227567346018705
"GSM5695328_204281260061_R05C01","GSM5695344_204088100053_R01C01","NA_2","MFA_9","U","S",FALSE,0.16824836932819
"GSM5695328_204281260061_R05C01","GSM5695345_204088100053_R03C01","NA_2","MFA_9","U","U",FALSE,0.167536992975368
"GSM5695328_204281260061_R05C01","GSM5695346_204273120074_R07C01","NA_2","MFA_10","U","S",FALSE,0.201773385516926
"GSM5695328_204281260061_R05C01","GSM5695347_204281260061_R08C01","NA_2","MFA_10","U","U",FALSE,0.205303177574716
"GSM5695328_204281260061_R05C01","GSM5695348_204281260061_R02C01","NA_2","NA_7","U","S",FALSE,0.104767214364205
"GSM5695328_204281260061_R05C01","GSM5695349_204281260060_R04C01","NA_2","NA_7","U","U",FALSE,0.121605762007
"GSM5695328_204281260061_R05C01","GSM5695350_204088100071_R02C01","NA_2","NA_8","U","S",FALSE,0.141200926534582
"GSM5695328_204281260061_R05C01","GSM5695351_204273120074_R03C01","NA_2","NA_8","U","U",FALSE,0.0763669394005453
"GSM5695328_204281260061_R05C01","GSM5695352_204088100053_R07C01","NA_2","MFA_11","U","S",FALSE,0.0280630797801848
"GSM5695328_204281260061_R05C01","GSM5695353_204273120074_R02C01","NA_2","MFA_11","U","U",FALSE,0.0283485664569034
"GSM5695328_204281260061_R05C01","GSM5695354_204273120066_R03C01","NA_2","SFA_6","U","S",FALSE,0.287090112923194
"GSM5695328_204281260061_R05C01","GSM5695355_204273120068_R06C01","NA_2","SFA_6","U","U",FALSE,0.289943921318826
"GSM5695328_204281260061_R05C01","GSM5695356_204273120068_R05C01","NA_2","NA_9","U","S",FALSE,0.0664075002224254
"GSM5695328_204281260061_R05C01","GSM5695357_204273120066_R06C01","NA_2","NA_9","U","U",FALSE,0.0759807577629465
"GSM5695328_204281260061_R05C01","GSM5695358_204273120005_R05C01","NA_2","MFA_12","U","S",FALSE,0.138902900336598
"GSM5695328_204281260061_R05C01","GSM5695359_204273120074_R01C01","NA_2","MFA_12","U","U",FALSE,0.152373584444668
"GSM5695328_204281260061_R05C01","GSM5695360_204273120005_R06C01","NA_2","SFA_7","U","U",FALSE,0.0676333098995958
"GSM5695328_204281260061_R05C01","GSM5695361_204281260043_R01C01","NA_2","SFA_8","U","S",FALSE,0.352313957099537
"GSM5695328_204281260061_R05C01","GSM5695362_204088100071_R08C01","NA_2","SFA_8","U","U",FALSE,0.341130844105321
"GSM5695328_204281260061_R05C01","GSM5695363_204281260060_R03C01","NA_2","NA_10","U","S",FALSE,0.242716177441967
"GSM5695328_204281260061_R05C01","GSM5695364_204281260043_R08C01","NA_2","NA_10","U","U",FALSE,0.269787295729144
"GSM5695328_204281260061_R05C01","GSM5695365_204088100053_R04C01","NA_2","NA_11","U","S",FALSE,0.142737191956549
"GSM5695328_204281260061_R05C01","GSM5695366_204088100071_R06C01","NA_2","NA_11","U","U",FALSE,0.139521264074989
"GSM5695328_204281260061_R05C01","GSM5695367_204281260061_R06C01","NA_2","SFA_9","U","S",FALSE,0.0620090083932855
"GSM5695328_204281260061_R05C01","GSM5695368_204281260043_R05C01","NA_2","SFA_9","U","U",FALSE,0.0557479328663674
"GSM5695328_204281260061_R05C01","GSM5695369_204273120066_R07C01","NA_2","SFA_10","U","S",FALSE,0.268552900085568
"GSM5695328_204281260061_R05C01","GSM5695370_204281260063_R07C01","NA_2","NA_12","U","S",FALSE,0.0950050144820465
"GSM5695328_204281260061_R05C01","GSM5695371_204281260061_R03C01","NA_2","NA_13","U","S",FALSE,0.206187530532442
"GSM5695328_204281260061_R05C01","GSM5695372_204273120073_R05C01","NA_2","NA_13","U","U",FALSE,0.199182447046547
"GSM5695328_204281260061_R05C01","GSM5695373_204281260043_R07C01","NA_2","SFA_11","U","S",FALSE,0.181993766475706
"GSM5695328_204281260061_R05C01","GSM5695374_204281260043_R03C01","NA_2","SFA_11","U","U",FALSE,0.166385792561701
"GSM5695328_204281260061_R05C01","GSM5695375_204088100071_R05C01","NA_2","NA_14","U","S",FALSE,0.144189639178592
"GSM5695328_204281260061_R05C01","GSM5695376_204281260063_R03C01","NA_2","NA_14","U","U",FALSE,0.12101180494235
"GSM5695328_204281260061_R05C01","GSM5695377_204273120073_R03C01","NA_2","NA_15","U","S",FALSE,0.196044762843943
"GSM5695328_204281260061_R05C01","GSM5695378_204273120068_R01C01","NA_2","NA_15","U","U",FALSE,0.206175829706053
"GSM5695328_204281260061_R05C01","GSM5695379_204088100071_R07C01","NA_2","MFA_13","U","S",FALSE,-0.053321488036143
"GSM5695328_204281260061_R05C01","GSM5695380_204273120068_R03C01","NA_2","MFA_13","U","U",FALSE,-0.0515899448248275
"GSM5695328_204281260061_R05C01","GSM5695381_204273120066_R05C01","NA_2","NA_16","U","S",FALSE,-0.167859650084534
"GSM5695328_204281260061_R05C01","GSM5695382_204088100082_R03C01","NA_2","NA_16","U","U",FALSE,-0.168550528335375
"GSM5695328_204281260061_R05C01","GSM5695383_204281260043_R06C01","NA_2","MFA_14","U","S",FALSE,0.302260158338833
"GSM5695328_204281260061_R05C01","GSM5695384_204281260063_R06C01","NA_2","MFA_14","U","U",FALSE,0.321335575602538
"GSM5695328_204281260061_R05C01","GSM5695385_204281260063_R04C01","NA_2","SFA_12","U","S",FALSE,0.283737065045648
"GSM5695328_204281260061_R05C01","GSM5695386_204273120074_R04C01","NA_2","SFA_12","U","U",FALSE,0.29278880107364
"GSM5695328_204281260061_R05C01","GSM5695387_204273120073_R01C01","NA_2","NA_17","U","S",FALSE,0.0793456531354103
"GSM5695328_204281260061_R05C01","GSM5695388_204281260063_R05C01","NA_2","NA_17","U","U",FALSE,0.0725312188742799
"GSM5695328_204281260061_R05C01","GSM5695389_204088100082_R06C01","NA_2","SFA_13","U","S",FALSE,0.195939570966299
"GSM5695328_204281260061_R05C01","GSM5695390_204273120066_R01C01","NA_2","SFA_13","U","U",FALSE,0.214411736243661
"GSM5695328_204281260061_R05C01","GSM5695391_204281260043_R02C01","NA_2","MFA_15","U","S",FALSE,0.147807859429494
"GSM5695328_204281260061_R05C01","GSM5695392_204273120073_R06C01","NA_2","MFA_15","U","U",FALSE,0.134947640084733
"GSM5695329_204088100082_R02C01","GSM5695330_204281260061_R04C01","MFA_6","MFA_6","S","U",TRUE,0.991673496469413
"GSM5695329_204088100082_R02C01","GSM5695331_204281260060_R06C01","MFA_6","MFA_7","S","S",FALSE,0.0148861336744911
"GSM5695329_204088100082_R02C01","GSM5695332_204273120066_R08C01","MFA_6","MFA_7","S","U",FALSE,0.0163037826321276
"GSM5695329_204088100082_R02C01","GSM5695333_204088100053_R02C01","MFA_6","NA_3","S","S",FALSE,-0.00298395664043129
"GSM5695329_204088100082_R02C01","GSM5695334_204281260063_R08C01","MFA_6","NA_3","S","U",FALSE,-0.00363932530504872
"GSM5695329_204088100082_R02C01","GSM5695335_204088100053_R05C01","MFA_6","NA_4","S","S",FALSE,0.193347278784404
"GSM5695329_204088100082_R02C01","GSM5695336_204273120005_R07C01","MFA_6","NA_4","S","U",FALSE,0.188931026796296
"GSM5695329_204088100082_R02C01","GSM5695337_204088100082_R04C01","MFA_6","NA_5","S","S",FALSE,0.216471842883444
"GSM5695329_204088100082_R02C01","GSM5695338_204088100071_R01C01","MFA_6","NA_5","S","U",FALSE,0.2239014763912
"GSM5695329_204088100082_R02C01","GSM5695339_204281260043_R04C01","MFA_6","MFA_8","S","S",FALSE,0.062552982248523
"GSM5695329_204088100082_R02C01","GSM5695340_204273120074_R05C01","MFA_6","MFA_8","S","U",FALSE,0.0711516647823569
"GSM5695329_204088100082_R02C01","GSM5695341_204281260060_R05C01","MFA_6","NA_6","S","S",FALSE,0.248459445606949
"GSM5695329_204088100082_R02C01","GSM5695342_204281260063_R02C01","MFA_6","SFA_5","S","S",FALSE,0.0323744606809165
"GSM5695329_204088100082_R02C01","GSM5695343_204273120068_R04C01","MFA_6","SFA_1","S","U",FALSE,0.0291663838237724
"GSM5695329_204088100082_R02C01","GSM5695344_204088100053_R01C01","MFA_6","MFA_9","S","S",FALSE,0.246215138464707
"GSM5695329_204088100082_R02C01","GSM5695345_204088100053_R03C01","MFA_6","MFA_9","S","U",FALSE,0.223056131459061
"GSM5695329_204088100082_R02C01","GSM5695346_204273120074_R07C01","MFA_6","MFA_10","S","S",FALSE,0.0298799141141068
"GSM5695329_204088100082_R02C01","GSM5695347_204281260061_R08C01","MFA_6","MFA_10","S","U",FALSE,0.0383574480637758
"GSM5695329_204088100082_R02C01","GSM5695348_204281260061_R02C01","MFA_6","NA_7","S","S",FALSE,-0.0614219689664755
"GSM5695329_204088100082_R02C01","GSM5695349_204281260060_R04C01","MFA_6","NA_7","S","U",FALSE,-0.0673453146783297
"GSM5695329_204088100082_R02C01","GSM5695350_204088100071_R02C01","MFA_6","NA_8","S","S",FALSE,0.213724725584766
"GSM5695329_204088100082_R02C01","GSM5695351_204273120074_R03C01","MFA_6","NA_8","S","U",FALSE,0.153051644505497
"GSM5695329_204088100082_R02C01","GSM5695352_204088100053_R07C01","MFA_6","MFA_11","S","S",FALSE,-0.151421740837607
"GSM5695329_204088100082_R02C01","GSM5695353_204273120074_R02C01","MFA_6","MFA_11","S","U",FALSE,-0.157157587153572
"GSM5695329_204088100082_R02C01","GSM5695354_204273120066_R03C01","MFA_6","SFA_6","S","S",FALSE,-0.114357658054379
"GSM5695329_204088100082_R02C01","GSM5695355_204273120068_R06C01","MFA_6","SFA_6","S","U",FALSE,-0.114872094907364
"GSM5695329_204088100082_R02C01","GSM5695356_204273120068_R05C01","MFA_6","NA_9","S","S",FALSE,-0.000540504498934893
"GSM5695329_204088100082_R02C01","GSM5695357_204273120066_R06C01","MFA_6","NA_9","S","U",FALSE,0.0143036280706169
"GSM5695329_204088100082_R02C01","GSM5695358_204273120005_R05C01","MFA_6","MFA_12","S","S",FALSE,0.18968067285773
"GSM5695329_204088100082_R02C01","GSM5695359_204273120074_R01C01","MFA_6","MFA_12","S","U",FALSE,0.211852919112702
"GSM5695329_204088100082_R02C01","GSM5695360_204273120005_R06C01","MFA_6","SFA_7","S","U",FALSE,0.193637498551732
"GSM5695329_204088100082_R02C01","GSM5695361_204281260043_R01C01","MFA_6","SFA_8","S","S",FALSE,-0.0326667973222314
"GSM5695329_204088100082_R02C01","GSM5695362_204088100071_R08C01","MFA_6","SFA_8","S","U",FALSE,-0.0496704819823385
"GSM5695329_204088100082_R02C01","GSM5695363_204281260060_R03C01","MFA_6","NA_10","S","S",FALSE,0.141174253964359
"GSM5695329_204088100082_R02C01","GSM5695364_204281260043_R08C01","MFA_6","NA_10","S","U",FALSE,0.147409324407155
"GSM5695329_204088100082_R02C01","GSM5695365_204088100053_R04C01","MFA_6","NA_11","S","S",FALSE,-0.0186691963416437
"GSM5695329_204088100082_R02C01","GSM5695366_204088100071_R06C01","MFA_6","NA_11","S","U",FALSE,-0.0218178701529764
"GSM5695329_204088100082_R02C01","GSM5695367_204281260061_R06C01","MFA_6","SFA_9","S","S",FALSE,0.340498352564359
"GSM5695329_204088100082_R02C01","GSM5695368_204281260043_R05C01","MFA_6","SFA_9","S","U",FALSE,0.329297947790732
"GSM5695329_204088100082_R02C01","GSM5695369_204273120066_R07C01","MFA_6","SFA_10","S","S",FALSE,-0.03467075403521
"GSM5695329_204088100082_R02C01","GSM5695370_204281260063_R07C01","MFA_6","NA_12","S","S",FALSE,0.0259318184162286
"GSM5695329_204088100082_R02C01","GSM5695371_204281260061_R03C01","MFA_6","NA_13","S","S",FALSE,0.200595133842456
"GSM5695329_204088100082_R02C01","GSM5695372_204273120073_R05C01","MFA_6","NA_13","S","U",FALSE,0.190869579377208
"GSM5695329_204088100082_R02C01","GSM5695373_204281260043_R07C01","MFA_6","SFA_11","S","S",FALSE,0.231393265576197
"GSM5695329_204088100082_R02C01","GSM5695374_204281260043_R03C01","MFA_6","SFA_11","S","U",FALSE,0.193551772995075
"GSM5695329_204088100082_R02C01","GSM5695375_204088100071_R05C01","MFA_6","NA_14","S","S",FALSE,0.0778259522346071
"GSM5695329_204088100082_R02C01","GSM5695376_204281260063_R03C01","MFA_6","NA_14","S","U",FALSE,0.078823457167544
"GSM5695329_204088100082_R02C01","GSM5695377_204273120073_R03C01","MFA_6","NA_15","S","S",FALSE,0.0067854426566441
"GSM5695329_204088100082_R02C01","GSM5695378_204273120068_R01C01","MFA_6","NA_15","S","U",FALSE,0.01036997231377
"GSM5695329_204088100082_R02C01","GSM5695379_204088100071_R07C01","MFA_6","MFA_13","S","S",FALSE,0.131425928957115
"GSM5695329_204088100082_R02C01","GSM5695380_204273120068_R03C01","MFA_6","MFA_13","S","U",FALSE,0.125572146957586
"GSM5695329_204088100082_R02C01","GSM5695381_204273120066_R05C01","MFA_6","NA_16","S","S",FALSE,0.000170710794714569
"GSM5695329_204088100082_R02C01","GSM5695382_204088100082_R03C01","MFA_6","NA_16","S","U",FALSE,0.00989921109764079
"GSM5695329_204088100082_R02C01","GSM5695383_204281260043_R06C01","MFA_6","MFA_14","S","S",FALSE,0.123446107896766
"GSM5695329_204088100082_R02C01","GSM5695384_204281260063_R06C01","MFA_6","MFA_14","S","U",FALSE,0.116895164471372
"GSM5695329_204088100082_R02C01","GSM5695385_204281260063_R04C01","MFA_6","SFA_12","S","S",FALSE,-0.0267537361385956
"GSM5695329_204088100082_R02C01","GSM5695386_204273120074_R04C01","MFA_6","SFA_12","S","U",FALSE,-0.0342784649988046
"GSM5695329_204088100082_R02C01","GSM5695387_204273120073_R01C01","MFA_6","NA_17","S","S",FALSE,0.116892900112359
"GSM5695329_204088100082_R02C01","GSM5695388_204281260063_R05C01","MFA_6","NA_17","S","U",FALSE,0.136052050146045
"GSM5695329_204088100082_R02C01","GSM5695389_204088100082_R06C01","MFA_6","SFA_13","S","S",FALSE,-0.0622697976754743
"GSM5695329_204088100082_R02C01","GSM5695390_204273120066_R01C01","MFA_6","SFA_13","S","U",FALSE,-0.0580784728703011
"GSM5695329_204088100082_R02C01","GSM5695391_204281260043_R02C01","MFA_6","MFA_15","S","S",FALSE,0.222655419140977
"GSM5695329_204088100082_R02C01","GSM5695392_204273120073_R06C01","MFA_6","MFA_15","S","U",FALSE,0.213411564144668
"GSM5695330_204281260061_R04C01","GSM5695331_204281260060_R06C01","MFA_6","MFA_7","U","S",FALSE,0.0146911984726832
"GSM5695330_204281260061_R04C01","GSM5695332_204273120066_R08C01","MFA_6","MFA_7","U","U",FALSE,0.0179712839827398
"GSM5695330_204281260061_R04C01","GSM5695333_204088100053_R02C01","MFA_6","NA_3","U","S",FALSE,-0.00620853734017529
"GSM5695330_204281260061_R04C01","GSM5695334_204281260063_R08C01","MFA_6","NA_3","U","U",FALSE,-0.00952089692667841
"GSM5695330_204281260061_R04C01","GSM5695335_204088100053_R05C01","MFA_6","NA_4","U","S",FALSE,0.182491095001507
"GSM5695330_204281260061_R04C01","GSM5695336_204273120005_R07C01","MFA_6","NA_4","U","U",FALSE,0.17653907437327
"GSM5695330_204281260061_R04C01","GSM5695337_204088100082_R04C01","MFA_6","NA_5","U","S",FALSE,0.222187451030825
"GSM5695330_204281260061_R04C01","GSM5695338_204088100071_R01C01","MFA_6","NA_5","U","U",FALSE,0.225318664210519
"GSM5695330_204281260061_R04C01","GSM5695339_204281260043_R04C01","MFA_6","MFA_8","U","S",FALSE,0.0918253068480368
"GSM5695330_204281260061_R04C01","GSM5695340_204273120074_R05C01","MFA_6","MFA_8","U","U",FALSE,0.101836874544157
"GSM5695330_204281260061_R04C01","GSM5695341_204281260060_R05C01","MFA_6","NA_6","U","S",FALSE,0.258768733227754
"GSM5695330_204281260061_R04C01","GSM5695342_204281260063_R02C01","MFA_6","SFA_5","U","S",FALSE,0.0532853783993086
"GSM5695330_204281260061_R04C01","GSM5695343_204273120068_R04C01","MFA_6","SFA_1","U","U",FALSE,0.0514671292101745
"GSM5695330_204281260061_R04C01","GSM5695344_204088100053_R01C01","MFA_6","MFA_9","U","S",FALSE,0.247004868907328
"GSM5695330_204281260061_R04C01","GSM5695345_204088100053_R03C01","MFA_6","MFA_9","U","U",FALSE,0.224221453496725
"GSM5695330_204281260061_R04C01","GSM5695346_204273120074_R07C01","MFA_6","MFA_10","U","S",FALSE,0.0286114048251862
"GSM5695330_204281260061_R04C01","GSM5695347_204281260061_R08C01","MFA_6","MFA_10","U","U",FALSE,0.0367440481156477
"GSM5695330_204281260061_R04C01","GSM5695348_204281260061_R02C01","MFA_6","NA_7","U","S",FALSE,-0.0521478623823452
"GSM5695330_204281260061_R04C01","GSM5695349_204281260060_R04C01","MFA_6","NA_7","U","U",FALSE,-0.0582133153265383
"GSM5695330_204281260061_R04C01","GSM5695350_204088100071_R02C01","MFA_6","NA_8","U","S",FALSE,0.209266894884375
"GSM5695330_204281260061_R04C01","GSM5695351_204273120074_R03C01","MFA_6","NA_8","U","U",FALSE,0.148309125822404
"GSM5695330_204281260061_R04C01","GSM5695352_204088100053_R07C01","MFA_6","MFA_11","U","S",FALSE,-0.132144650522884
"GSM5695330_204281260061_R04C01","GSM5695353_204273120074_R02C01","MFA_6","MFA_11","U","U",FALSE,-0.136930846381626
"GSM5695330_204281260061_R04C01","GSM5695354_204273120066_R03C01","MFA_6","SFA_6","U","S",FALSE,-0.104525511830728
"GSM5695330_204281260061_R04C01","GSM5695355_204273120068_R06C01","MFA_6","SFA_6","U","U",FALSE,-0.1042479728731
"GSM5695330_204281260061_R04C01","GSM5695356_204273120068_R05C01","MFA_6","NA_9","U","S",FALSE,-0.0164584054422583
"GSM5695330_204281260061_R04C01","GSM5695357_204273120066_R06C01","MFA_6","NA_9","U","U",FALSE,-0.00312491137764186
"GSM5695330_204281260061_R04C01","GSM5695358_204273120005_R05C01","MFA_6","MFA_12","U","S",FALSE,0.191006301485065
"GSM5695330_204281260061_R04C01","GSM5695359_204273120074_R01C01","MFA_6","MFA_12","U","U",FALSE,0.212810676044323
"GSM5695330_204281260061_R04C01","GSM5695360_204273120005_R06C01","MFA_6","SFA_7","U","U",FALSE,0.18516265967256
"GSM5695330_204281260061_R04C01","GSM5695361_204281260043_R01C01","MFA_6","SFA_8","U","S",FALSE,-0.0216506026125375
"GSM5695330_204281260061_R04C01","GSM5695362_204088100071_R08C01","MFA_6","SFA_8","U","U",FALSE,-0.0408452743502025
"GSM5695330_204281260061_R04C01","GSM5695363_204281260060_R03C01","MFA_6","NA_10","U","S",FALSE,0.136294858043087
"GSM5695330_204281260061_R04C01","GSM5695364_204281260043_R08C01","MFA_6","NA_10","U","U",FALSE,0.145398737679029
"GSM5695330_204281260061_R04C01","GSM5695365_204088100053_R04C01","MFA_6","NA_11","U","S",FALSE,0.00687569856133614
"GSM5695330_204281260061_R04C01","GSM5695366_204088100071_R06C01","MFA_6","NA_11","U","U",FALSE,0.00530991300061518
"GSM5695330_204281260061_R04C01","GSM5695367_204281260061_R06C01","MFA_6","SFA_9","U","S",FALSE,0.361063538555071
"GSM5695330_204281260061_R04C01","GSM5695368_204281260043_R05C01","MFA_6","SFA_9","U","U",FALSE,0.350986107531776
"GSM5695330_204281260061_R04C01","GSM5695369_204273120066_R07C01","MFA_6","SFA_10","U","S",FALSE,-0.0299477892616125
"GSM5695330_204281260061_R04C01","GSM5695370_204281260063_R07C01","MFA_6","NA_12","U","S",FALSE,0.0425837621978981
"GSM5695330_204281260061_R04C01","GSM5695371_204281260061_R03C01","MFA_6","NA_13","U","S",FALSE,0.253430343602544
"GSM5695330_204281260061_R04C01","GSM5695372_204273120073_R05C01","MFA_6","NA_13","U","U",FALSE,0.243378678774992
"GSM5695330_204281260061_R04C01","GSM5695373_204281260043_R07C01","MFA_6","SFA_11","U","S",FALSE,0.22344812682156
"GSM5695330_204281260061_R04C01","GSM5695374_204281260043_R03C01","MFA_6","SFA_11","U","U",FALSE,0.183783944368755
"GSM5695330_204281260061_R04C01","GSM5695375_204088100071_R05C01","MFA_6","NA_14","U","S",FALSE,0.0714975825890474
"GSM5695330_204281260061_R04C01","GSM5695376_204281260063_R03C01","MFA_6","NA_14","U","U",FALSE,0.0672568526399694
"GSM5695330_204281260061_R04C01","GSM5695377_204273120073_R03C01","MFA_6","NA_15","U","S",FALSE,0.0136851943296874
"GSM5695330_204281260061_R04C01","GSM5695378_204273120068_R01C01","MFA_6","NA_15","U","U",FALSE,0.0185319054762317
"GSM5695330_204281260061_R04C01","GSM5695379_204088100071_R07C01","MFA_6","MFA_13","U","S",FALSE,0.135413945649398
"GSM5695330_204281260061_R04C01","GSM5695380_204273120068_R03C01","MFA_6","MFA_13","U","U",FALSE,0.127972836656859
"GSM5695330_204281260061_R04C01","GSM5695381_204273120066_R05C01","MFA_6","NA_16","U","S",FALSE,0.0235324734332316
"GSM5695330_204281260061_R04C01","GSM5695382_204088100082_R03C01","MFA_6","NA_16","U","U",FALSE,0.0340619846021739
"GSM5695330_204281260061_R04C01","GSM5695383_204281260043_R06C01","MFA_6","MFA_14","U","S",FALSE,0.133585367354489
"GSM5695330_204281260061_R04C01","GSM5695384_204281260063_R06C01","MFA_6","MFA_14","U","U",FALSE,0.131699965411642
"GSM5695330_204281260061_R04C01","GSM5695385_204281260063_R04C01","MFA_6","SFA_12","U","S",FALSE,-0.0226724584201038
"GSM5695330_204281260061_R04C01","GSM5695386_204273120074_R04C01","MFA_6","SFA_12","U","U",FALSE,-0.0305089927000191
"GSM5695330_204281260061_R04C01","GSM5695387_204273120073_R01C01","MFA_6","NA_17","U","S",FALSE,0.132812967141522
"GSM5695330_204281260061_R04C01","GSM5695388_204281260063_R05C01","MFA_6","NA_17","U","U",FALSE,0.15454981476384
"GSM5695330_204281260061_R04C01","GSM5695389_204088100082_R06C01","MFA_6","SFA_13","U","S",FALSE,-0.0528409183534547
"GSM5695330_204281260061_R04C01","GSM5695390_204273120066_R01C01","MFA_6","SFA_13","U","U",FALSE,-0.0498941810706682
"GSM5695330_204281260061_R04C01","GSM5695391_204281260043_R02C01","MFA_6","MFA_15","U","S",FALSE,0.222947960923061
"GSM5695330_204281260061_R04C01","GSM5695392_204273120073_R06C01","MFA_6","MFA_15","U","U",FALSE,0.211604586908575
"GSM5695331_204281260060_R06C01","GSM5695332_204273120066_R08C01","MFA_7","MFA_7","S","U",TRUE,0.993671731652265
"GSM5695331_204281260060_R06C01","GSM5695333_204088100053_R02C01","MFA_7","NA_3","S","S",FALSE,-0.104083290104026
"GSM5695331_204281260060_R06C01","GSM5695334_204281260063_R08C01","MFA_7","NA_3","S","U",FALSE,-0.106275017614329
"GSM5695331_204281260060_R06C01","GSM5695335_204088100053_R05C01","MFA_7","NA_4","S","S",FALSE,-0.117929895489309
"GSM5695331_204281260060_R06C01","GSM5695336_204273120005_R07C01","MFA_7","NA_4","S","U",FALSE,-0.118304904504094
"GSM5695331_204281260060_R06C01","GSM5695337_204088100082_R04C01","MFA_7","NA_5","S","S",FALSE,0.00913705719997968
"GSM5695331_204281260060_R06C01","GSM5695338_204088100071_R01C01","MFA_7","NA_5","S","U",FALSE,0.0165507913303318
"GSM5695331_204281260060_R06C01","GSM5695339_204281260043_R04C01","MFA_7","MFA_8","S","S",FALSE,-0.002878931029249
"GSM5695331_204281260060_R06C01","GSM5695340_204273120074_R05C01","MFA_7","MFA_8","S","U",FALSE,0.0116932777091489
"GSM5695331_204281260060_R06C01","GSM5695341_204281260060_R05C01","MFA_7","NA_6","S","S",FALSE,0.0384898857188796
"GSM5695331_204281260060_R06C01","GSM5695342_204281260063_R02C01","MFA_7","SFA_5","S","S",FALSE,0.204936581026539
"GSM5695331_204281260060_R06C01","GSM5695343_204273120068_R04C01","MFA_7","SFA_1","S","U",FALSE,0.208405879379678
"GSM5695331_204281260060_R06C01","GSM5695344_204088100053_R01C01","MFA_7","MFA_9","S","S",FALSE,0.170046262106882
"GSM5695331_204281260060_R06C01","GSM5695345_204088100053_R03C01","MFA_7","MFA_9","S","U",FALSE,0.176903222882035
"GSM5695331_204281260060_R06C01","GSM5695346_204273120074_R07C01","MFA_7","MFA_10","S","S",FALSE,0.28045322416543
"GSM5695331_204281260060_R06C01","GSM5695347_204281260061_R08C01","MFA_7","MFA_10","S","U",FALSE,0.256406841858139
"GSM5695331_204281260060_R06C01","GSM5695348_204281260061_R02C01","MFA_7","NA_7","S","S",FALSE,-0.0147417273371837
"GSM5695331_204281260060_R06C01","GSM5695349_204281260060_R04C01","MFA_7","NA_7","S","U",FALSE,0.0121734126467092
"GSM5695331_204281260060_R06C01","GSM5695350_204088100071_R02C01","MFA_7","NA_8","S","S",FALSE,0.205256484281525
"GSM5695331_204281260060_R06C01","GSM5695351_204273120074_R03C01","MFA_7","NA_8","S","U",FALSE,0.15835982710949
"GSM5695331_204281260060_R06C01","GSM5695352_204088100053_R07C01","MFA_7","MFA_11","S","S",FALSE,0.0691408785006261
"GSM5695331_204281260060_R06C01","GSM5695353_204273120074_R02C01","MFA_7","MFA_11","S","U",FALSE,0.070822725322242
"GSM5695331_204281260060_R06C01","GSM5695354_204273120066_R03C01","MFA_7","SFA_6","S","S",FALSE,0.203076009723353
"GSM5695331_204281260060_R06C01","GSM5695355_204273120068_R06C01","MFA_7","SFA_6","S","U",FALSE,0.2243251296655
"GSM5695331_204281260060_R06C01","GSM5695356_204273120068_R05C01","MFA_7","NA_9","S","S",FALSE,0.251141635910381
"GSM5695331_204281260060_R06C01","GSM5695357_204273120066_R06C01","MFA_7","NA_9","S","U",FALSE,0.234267788563487
"GSM5695331_204281260060_R06C01","GSM5695358_204273120005_R05C01","MFA_7","MFA_12","S","S",FALSE,0.174579801312017
"GSM5695331_204281260060_R06C01","GSM5695359_204273120074_R01C01","MFA_7","MFA_12","S","U",FALSE,0.17650192895571
"GSM5695331_204281260060_R06C01","GSM5695360_204273120005_R06C01","MFA_7","SFA_7","S","U",FALSE,0.116438786978547
"GSM5695331_204281260060_R06C01","GSM5695361_204281260043_R01C01","MFA_7","SFA_8","S","S",FALSE,0.165713877094608
"GSM5695331_204281260060_R06C01","GSM5695362_204088100071_R08C01","MFA_7","SFA_8","S","U",FALSE,0.174637701882386
"GSM5695331_204281260060_R06C01","GSM5695363_204281260060_R03C01","MFA_7","NA_10","S","S",FALSE,0.149278583130366
"GSM5695331_204281260060_R06C01","GSM5695364_204281260043_R08C01","MFA_7","NA_10","S","U",FALSE,0.176588460563012
"GSM5695331_204281260060_R06C01","GSM5695365_204088100053_R04C01","MFA_7","NA_11","S","S",FALSE,0.162930065905782
"GSM5695331_204281260060_R06C01","GSM5695366_204088100071_R06C01","MFA_7","NA_11","S","U",FALSE,0.168325735627342
"GSM5695331_204281260060_R06C01","GSM5695367_204281260061_R06C01","MFA_7","SFA_9","S","S",FALSE,0.0631619736899557
"GSM5695331_204281260060_R06C01","GSM5695368_204281260043_R05C01","MFA_7","SFA_9","S","U",FALSE,0.0675764994738679
"GSM5695331_204281260060_R06C01","GSM5695369_204273120066_R07C01","MFA_7","SFA_10","S","S",FALSE,0.226804574553589
"GSM5695331_204281260060_R06C01","GSM5695370_204281260063_R07C01","MFA_7","NA_12","S","S",FALSE,0.131888052334781
"GSM5695331_204281260060_R06C01","GSM5695371_204281260061_R03C01","MFA_7","NA_13","S","S",FALSE,0.0932443410730851
"GSM5695331_204281260060_R06C01","GSM5695372_204273120073_R05C01","MFA_7","NA_13","S","U",FALSE,0.0676041018893777
"GSM5695331_204281260060_R06C01","GSM5695373_204281260043_R07C01","MFA_7","SFA_11","S","S",FALSE,0.155915968251631
"GSM5695331_204281260060_R06C01","GSM5695374_204281260043_R03C01","MFA_7","SFA_11","S","U",FALSE,0.142996914022256
"GSM5695331_204281260060_R06C01","GSM5695375_204088100071_R05C01","MFA_7","NA_14","S","S",FALSE,-0.0325052722227298
"GSM5695331_204281260060_R06C01","GSM5695376_204281260063_R03C01","MFA_7","NA_14","S","U",FALSE,-0.064517726153544
"GSM5695331_204281260060_R06C01","GSM5695377_204273120073_R03C01","MFA_7","NA_15","S","S",FALSE,0.0922094501657334
"GSM5695331_204281260060_R06C01","GSM5695378_204273120068_R01C01","MFA_7","NA_15","S","U",FALSE,0.0893491978671744
"GSM5695331_204281260060_R06C01","GSM5695379_204088100071_R07C01","MFA_7","MFA_13","S","S",FALSE,0.237218388780266
"GSM5695331_204281260060_R06C01","GSM5695380_204273120068_R03C01","MFA_7","MFA_13","S","U",FALSE,0.229552064285479
"GSM5695331_204281260060_R06C01","GSM5695381_204273120066_R05C01","MFA_7","NA_16","S","S",FALSE,0.0806788429115818
"GSM5695331_204281260060_R06C01","GSM5695382_204088100082_R03C01","MFA_7","NA_16","S","U",FALSE,0.0939603939090734
"GSM5695331_204281260060_R06C01","GSM5695383_204281260043_R06C01","MFA_7","MFA_14","S","S",FALSE,0.191008871226345
"GSM5695331_204281260060_R06C01","GSM5695384_204281260063_R06C01","MFA_7","MFA_14","S","U",FALSE,0.187726045925421
"GSM5695331_204281260060_R06C01","GSM5695385_204281260063_R04C01","MFA_7","SFA_12","S","S",FALSE,0.120596551760341
"GSM5695331_204281260060_R06C01","GSM5695386_204273120074_R04C01","MFA_7","SFA_12","S","U",FALSE,0.139330558456726
"GSM5695331_204281260060_R06C01","GSM5695387_204273120073_R01C01","MFA_7","NA_17","S","S",FALSE,0.167654647879365
"GSM5695331_204281260060_R06C01","GSM5695388_204281260063_R05C01","MFA_7","NA_17","S","U",FALSE,0.148515944676306
"GSM5695331_204281260060_R06C01","GSM5695389_204088100082_R06C01","MFA_7","SFA_13","S","S",FALSE,0.00950414841015976
"GSM5695331_204281260060_R06C01","GSM5695390_204273120066_R01C01","MFA_7","SFA_13","S","U",FALSE,0.0196744437206528
"GSM5695331_204281260060_R06C01","GSM5695391_204281260043_R02C01","MFA_7","MFA_15","S","S",FALSE,0.110522064497249
"GSM5695331_204281260060_R06C01","GSM5695392_204273120073_R06C01","MFA_7","MFA_15","S","U",FALSE,0.0760283421461393
"GSM5695332_204273120066_R08C01","GSM5695333_204088100053_R02C01","MFA_7","NA_3","U","S",FALSE,-0.0785688674778268
"GSM5695332_204273120066_R08C01","GSM5695334_204281260063_R08C01","MFA_7","NA_3","U","U",FALSE,-0.0822500749316044
"GSM5695332_204273120066_R08C01","GSM5695335_204088100053_R05C01","MFA_7","NA_4","U","S",FALSE,-0.124991211680307
"GSM5695332_204273120066_R08C01","GSM5695336_204273120005_R07C01","MFA_7","NA_4","U","U",FALSE,-0.126861882709675
"GSM5695332_204273120066_R08C01","GSM5695337_204088100082_R04C01","MFA_7","NA_5","U","S",FALSE,-0.003867376794062
"GSM5695332_204273120066_R08C01","GSM5695338_204088100071_R01C01","MFA_7","NA_5","U","U",FALSE,0.00490550355616307
"GSM5695332_204273120066_R08C01","GSM5695339_204281260043_R04C01","MFA_7","MFA_8","U","S",FALSE,-0.0078785753218113
"GSM5695332_204273120066_R08C01","GSM5695340_204273120074_R05C01","MFA_7","MFA_8","U","U",FALSE,0.00558292618727844
"GSM5695332_204273120066_R08C01","GSM5695341_204281260060_R05C01","MFA_7","NA_6","U","S",FALSE,0.049200478119759
"GSM5695332_204273120066_R08C01","GSM5695342_204281260063_R02C01","MFA_7","SFA_5","U","S",FALSE,0.185364195840693
"GSM5695332_204273120066_R08C01","GSM5695343_204273120068_R04C01","MFA_7","SFA_1","U","U",FALSE,0.187211056689456
"GSM5695332_204273120066_R08C01","GSM5695344_204088100053_R01C01","MFA_7","MFA_9","U","S",FALSE,0.176846732119447
"GSM5695332_204273120066_R08C01","GSM5695345_204088100053_R03C01","MFA_7","MFA_9","U","U",FALSE,0.183219283034217
"GSM5695332_204273120066_R08C01","GSM5695346_204273120074_R07C01","MFA_7","MFA_10","U","S",FALSE,0.268780316757986
"GSM5695332_204273120066_R08C01","GSM5695347_204281260061_R08C01","MFA_7","MFA_10","U","U",FALSE,0.244170184063952
"GSM5695332_204273120066_R08C01","GSM5695348_204281260061_R02C01","MFA_7","NA_7","U","S",FALSE,-0.0260564024735259
"GSM5695332_204273120066_R08C01","GSM5695349_204281260060_R04C01","MFA_7","NA_7","U","U",FALSE,-0.000510289647203875
"GSM5695332_204273120066_R08C01","GSM5695350_204088100071_R02C01","MFA_7","NA_8","U","S",FALSE,0.181027363325213
"GSM5695332_204273120066_R08C01","GSM5695351_204273120074_R03C01","MFA_7","NA_8","U","U",FALSE,0.138009465567714
"GSM5695332_204273120066_R08C01","GSM5695352_204088100053_R07C01","MFA_7","MFA_11","U","S",FALSE,0.0700490378336016
"GSM5695332_204273120066_R08C01","GSM5695353_204273120074_R02C01","MFA_7","MFA_11","U","U",FALSE,0.0719006026662975
"GSM5695332_204273120066_R08C01","GSM5695354_204273120066_R03C01","MFA_7","SFA_6","U","S",FALSE,0.194179945462244
"GSM5695332_204273120066_R08C01","GSM5695355_204273120068_R06C01","MFA_7","SFA_6","U","U",FALSE,0.214536747662678
"GSM5695332_204273120066_R08C01","GSM5695356_204273120068_R05C01","MFA_7","NA_9","U","S",FALSE,0.244563482074008
"GSM5695332_204273120066_R08C01","GSM5695357_204273120066_R06C01","MFA_7","NA_9","U","U",FALSE,0.22664056143259
"GSM5695332_204273120066_R08C01","GSM5695358_204273120005_R05C01","MFA_7","MFA_12","U","S",FALSE,0.164820883854554
"GSM5695332_204273120066_R08C01","GSM5695359_204273120074_R01C01","MFA_7","MFA_12","U","U",FALSE,0.164207598028328
"GSM5695332_204273120066_R08C01","GSM5695360_204273120005_R06C01","MFA_7","SFA_7","U","U",FALSE,0.120565880685008
"GSM5695332_204273120066_R08C01","GSM5695361_204281260043_R01C01","MFA_7","SFA_8","U","S",FALSE,0.150268038711456
"GSM5695332_204273120066_R08C01","GSM5695362_204088100071_R08C01","MFA_7","SFA_8","U","U",FALSE,0.157975984071893
"GSM5695332_204273120066_R08C01","GSM5695363_204281260060_R03C01","MFA_7","NA_10","U","S",FALSE,0.144981020672866
"GSM5695332_204273120066_R08C01","GSM5695364_204281260043_R08C01","MFA_7","NA_10","U","U",FALSE,0.175367777919834
"GSM5695332_204273120066_R08C01","GSM5695365_204088100053_R04C01","MFA_7","NA_11","U","S",FALSE,0.179756568189637
"GSM5695332_204273120066_R08C01","GSM5695366_204088100071_R06C01","MFA_7","NA_11","U","U",FALSE,0.1860932703599
"GSM5695332_204273120066_R08C01","GSM5695367_204281260061_R06C01","MFA_7","SFA_9","U","S",FALSE,0.0655969573682971
"GSM5695332_204273120066_R08C01","GSM5695368_204281260043_R05C01","MFA_7","SFA_9","U","U",FALSE,0.0686185817147814
"GSM5695332_204273120066_R08C01","GSM5695369_204273120066_R07C01","MFA_7","SFA_10","U","S",FALSE,0.218860465244003
"GSM5695332_204273120066_R08C01","GSM5695370_204281260063_R07C01","MFA_7","NA_12","U","S",FALSE,0.122802329516342
"GSM5695332_204273120066_R08C01","GSM5695371_204281260061_R03C01","MFA_7","NA_13","U","S",FALSE,0.086660213380099
"GSM5695332_204273120066_R08C01","GSM5695372_204273120073_R05C01","MFA_7","NA_13","U","U",FALSE,0.0616030774879408
"GSM5695332_204273120066_R08C01","GSM5695373_204281260043_R07C01","MFA_7","SFA_11","U","S",FALSE,0.125264634830827
"GSM5695332_204273120066_R08C01","GSM5695374_204281260043_R03C01","MFA_7","SFA_11","U","U",FALSE,0.112317355938703
"GSM5695332_204273120066_R08C01","GSM5695375_204088100071_R05C01","MFA_7","NA_14","U","S",FALSE,-0.0221867445507279
"GSM5695332_204273120066_R08C01","GSM5695376_204281260063_R03C01","MFA_7","NA_14","U","U",FALSE,-0.0564873032788205
"GSM5695332_204273120066_R08C01","GSM5695377_204273120073_R03C01","MFA_7","NA_15","U","S",FALSE,0.0990502704250858
"GSM5695332_204273120066_R08C01","GSM5695378_204273120068_R01C01","MFA_7","NA_15","U","U",FALSE,0.0970974392912719
"GSM5695332_204273120066_R08C01","GSM5695379_204088100071_R07C01","MFA_7","MFA_13","U","S",FALSE,0.229870808665755
"GSM5695332_204273120066_R08C01","GSM5695380_204273120068_R03C01","MFA_7","MFA_13","U","U",FALSE,0.220754441458131
"GSM5695332_204273120066_R08C01","GSM5695381_204273120066_R05C01","MFA_7","NA_16","U","S",FALSE,0.0901646114583194
"GSM5695332_204273120066_R08C01","GSM5695382_204088100082_R03C01","MFA_7","NA_16","U","U",FALSE,0.106141399225875
"GSM5695332_204273120066_R08C01","GSM5695383_204281260043_R06C01","MFA_7","MFA_14","U","S",FALSE,0.160846871460425
"GSM5695332_204273120066_R08C01","GSM5695384_204281260063_R06C01","MFA_7","MFA_14","U","U",FALSE,0.156636418833073
"GSM5695332_204273120066_R08C01","GSM5695385_204281260063_R04C01","MFA_7","SFA_12","U","S",FALSE,0.101279501968651
"GSM5695332_204273120066_R08C01","GSM5695386_204273120074_R04C01","MFA_7","SFA_12","U","U",FALSE,0.121802079497119
"GSM5695332_204273120066_R08C01","GSM5695387_204273120073_R01C01","MFA_7","NA_17","U","S",FALSE,0.192795114785127
"GSM5695332_204273120066_R08C01","GSM5695388_204281260063_R05C01","MFA_7","NA_17","U","U",FALSE,0.170452395438678
"GSM5695332_204273120066_R08C01","GSM5695389_204088100082_R06C01","MFA_7","SFA_13","U","S",FALSE,-0.00592754527380659
"GSM5695332_204273120066_R08C01","GSM5695390_204273120066_R01C01","MFA_7","SFA_13","U","U",FALSE,0.00655250591235584
"GSM5695332_204273120066_R08C01","GSM5695391_204281260043_R02C01","MFA_7","MFA_15","U","S",FALSE,0.0823501419412495
"GSM5695332_204273120066_R08C01","GSM5695392_204273120073_R06C01","MFA_7","MFA_15","U","U",FALSE,0.045462208916632
"GSM5695333_204088100053_R02C01","GSM5695334_204281260063_R08C01","NA_3","NA_3","S","U",TRUE,0.99573184727688
"GSM5695333_204088100053_R02C01","GSM5695335_204088100053_R05C01","NA_3","NA_4","S","S",FALSE,0.202148887636157
"GSM5695333_204088100053_R02C01","GSM5695336_204273120005_R07C01","NA_3","NA_4","S","U",FALSE,0.179553801277271
"GSM5695333_204088100053_R02C01","GSM5695337_204088100082_R04C01","NA_3","NA_5","S","S",FALSE,0.0940203516189292
"GSM5695333_204088100053_R02C01","GSM5695338_204088100071_R01C01","NA_3","NA_5","S","U",FALSE,0.0998544288299896
"GSM5695333_204088100053_R02C01","GSM5695339_204281260043_R04C01","NA_3","MFA_8","S","S",FALSE,0.0829422574670667
"GSM5695333_204088100053_R02C01","GSM5695340_204273120074_R05C01","NA_3","MFA_8","S","U",FALSE,0.0447957541627365
"GSM5695333_204088100053_R02C01","GSM5695341_204281260060_R05C01","NA_3","NA_6","S","S",FALSE,0.284157437249372
"GSM5695333_204088100053_R02C01","GSM5695342_204281260063_R02C01","NA_3","SFA_5","S","S",FALSE,0.12125974580098
"GSM5695333_204088100053_R02C01","GSM5695343_204273120068_R04C01","NA_3","SFA_1","S","U",FALSE,0.109325222735258
"GSM5695333_204088100053_R02C01","GSM5695344_204088100053_R01C01","NA_3","MFA_9","S","S",FALSE,0.165053881642021
"GSM5695333_204088100053_R02C01","GSM5695345_204088100053_R03C01","NA_3","MFA_9","S","U",FALSE,0.165805347321843
"GSM5695333_204088100053_R02C01","GSM5695346_204273120074_R07C01","NA_3","MFA_10","S","S",FALSE,-0.12942865709574
"GSM5695333_204088100053_R02C01","GSM5695347_204281260061_R08C01","NA_3","MFA_10","S","U",FALSE,-0.156569267768419
"GSM5695333_204088100053_R02C01","GSM5695348_204281260061_R02C01","NA_3","NA_7","S","S",FALSE,0.309528719041387
"GSM5695333_204088100053_R02C01","GSM5695349_204281260060_R04C01","NA_3","NA_7","S","U",FALSE,0.309539283095012
"GSM5695333_204088100053_R02C01","GSM5695350_204088100071_R02C01","NA_3","NA_8","S","S",FALSE,0.106004902261464
"GSM5695333_204088100053_R02C01","GSM5695351_204273120074_R03C01","NA_3","NA_8","S","U",FALSE,0.115986598590888
"GSM5695333_204088100053_R02C01","GSM5695352_204088100053_R07C01","NA_3","MFA_11","S","S",FALSE,0.219365199883586
"GSM5695333_204088100053_R02C01","GSM5695353_204273120074_R02C01","NA_3","MFA_11","S","U",FALSE,0.203205360422293
"GSM5695333_204088100053_R02C01","GSM5695354_204273120066_R03C01","NA_3","SFA_6","S","S",FALSE,0.0103852388160769
"GSM5695333_204088100053_R02C01","GSM5695355_204273120068_R06C01","NA_3","SFA_6","S","U",FALSE,-0.00413809587447683
"GSM5695333_204088100053_R02C01","GSM5695356_204273120068_R05C01","NA_3","NA_9","S","S",FALSE,0.147525337954256
"GSM5695333_204088100053_R02C01","GSM5695357_204273120066_R06C01","NA_3","NA_9","S","U",FALSE,0.135638492464883
"GSM5695333_204088100053_R02C01","GSM5695358_204273120005_R05C01","NA_3","MFA_12","S","S",FALSE,0.0360433292013436
"GSM5695333_204088100053_R02C01","GSM5695359_204273120074_R01C01","NA_3","MFA_12","S","U",FALSE,0.0426064732499358
"GSM5695333_204088100053_R02C01","GSM5695360_204273120005_R06C01","NA_3","SFA_7","S","U",FALSE,0.193285600107784
"GSM5695333_204088100053_R02C01","GSM5695361_204281260043_R01C01","NA_3","SFA_8","S","S",FALSE,0.204553129871373
"GSM5695333_204088100053_R02C01","GSM5695362_204088100071_R08C01","NA_3","SFA_8","S","U",FALSE,0.207922333970742
"GSM5695333_204088100053_R02C01","GSM5695363_204281260060_R03C01","NA_3","NA_10","S","S",FALSE,0.0404949724008709
"GSM5695333_204088100053_R02C01","GSM5695364_204281260043_R08C01","NA_3","NA_10","S","U",FALSE,0.049346233949793
"GSM5695333_204088100053_R02C01","GSM5695365_204088100053_R04C01","NA_3","NA_11","S","S",FALSE,0.181251992089453
"GSM5695333_204088100053_R02C01","GSM5695366_204088100071_R06C01","NA_3","NA_11","S","U",FALSE,0.189722767036306
"GSM5695333_204088100053_R02C01","GSM5695367_204281260061_R06C01","NA_3","SFA_9","S","S",FALSE,-0.0643470417823393
"GSM5695333_204088100053_R02C01","GSM5695368_204281260043_R05C01","NA_3","SFA_9","S","U",FALSE,-0.0667105048134711
"GSM5695333_204088100053_R02C01","GSM5695369_204273120066_R07C01","NA_3","SFA_10","S","S",FALSE,0.180665428310851
"GSM5695333_204088100053_R02C01","GSM5695370_204281260063_R07C01","NA_3","NA_12","S","S",FALSE,-0.148548104825015
"GSM5695333_204088100053_R02C01","GSM5695371_204281260061_R03C01","NA_3","NA_13","S","S",FALSE,0.0802326001848391
"GSM5695333_204088100053_R02C01","GSM5695372_204273120073_R05C01","NA_3","NA_13","S","U",FALSE,0.0788775027237352
"GSM5695333_204088100053_R02C01","GSM5695373_204281260043_R07C01","NA_3","SFA_11","S","S",FALSE,0.0999593052355709
"GSM5695333_204088100053_R02C01","GSM5695374_204281260043_R03C01","NA_3","SFA_11","S","U",FALSE,0.0994671464253522
"GSM5695333_204088100053_R02C01","GSM5695375_204088100071_R05C01","NA_3","NA_14","S","S",FALSE,0.227043029814765
"GSM5695333_204088100053_R02C01","GSM5695376_204281260063_R03C01","NA_3","NA_14","S","U",FALSE,0.234805427415278
"GSM5695333_204088100053_R02C01","GSM5695377_204273120073_R03C01","NA_3","NA_15","S","S",FALSE,0.171555547288504
"GSM5695333_204088100053_R02C01","GSM5695378_204273120068_R01C01","NA_3","NA_15","S","U",FALSE,0.179904098028997
"GSM5695333_204088100053_R02C01","GSM5695379_204088100071_R07C01","NA_3","MFA_13","S","S",FALSE,0.205734057266572
"GSM5695333_204088100053_R02C01","GSM5695380_204273120068_R03C01","NA_3","MFA_13","S","U",FALSE,0.205025107380343
"GSM5695333_204088100053_R02C01","GSM5695381_204273120066_R05C01","NA_3","NA_16","S","S",FALSE,0.260885103393127
"GSM5695333_204088100053_R02C01","GSM5695382_204088100082_R03C01","NA_3","NA_16","S","U",FALSE,0.241595327248019
"GSM5695333_204088100053_R02C01","GSM5695383_204281260043_R06C01","NA_3","MFA_14","S","S",FALSE,0.122196082360625
"GSM5695333_204088100053_R02C01","GSM5695384_204281260063_R06C01","NA_3","MFA_14","S","U",FALSE,0.094140809392404
"GSM5695333_204088100053_R02C01","GSM5695385_204281260063_R04C01","NA_3","SFA_12","S","S",FALSE,-0.035943660694436
"GSM5695333_204088100053_R02C01","GSM5695386_204273120074_R04C01","NA_3","SFA_12","S","U",FALSE,-0.0222155256313993
"GSM5695333_204088100053_R02C01","GSM5695387_204273120073_R01C01","NA_3","NA_17","S","S",FALSE,-0.00418508948178694
"GSM5695333_204088100053_R02C01","GSM5695388_204281260063_R05C01","NA_3","NA_17","S","U",FALSE,-0.0101312803284241
"GSM5695333_204088100053_R02C01","GSM5695389_204088100082_R06C01","NA_3","SFA_13","S","S",FALSE,0.128730092244102
"GSM5695333_204088100053_R02C01","GSM5695390_204273120066_R01C01","NA_3","SFA_13","S","U",FALSE,0.141209209163606
"GSM5695333_204088100053_R02C01","GSM5695391_204281260043_R02C01","NA_3","MFA_15","S","S",FALSE,0.213691138406084
"GSM5695333_204088100053_R02C01","GSM5695392_204273120073_R06C01","NA_3","MFA_15","S","U",FALSE,0.218042541744743
"GSM5695334_204281260063_R08C01","GSM5695335_204088100053_R05C01","NA_3","NA_4","U","S",FALSE,0.214659305166559
"GSM5695334_204281260063_R08C01","GSM5695336_204273120005_R07C01","NA_3","NA_4","U","U",FALSE,0.193513196342167
"GSM5695334_204281260063_R08C01","GSM5695337_204088100082_R04C01","NA_3","NA_5","U","S",FALSE,0.083405469957351
"GSM5695334_204281260063_R08C01","GSM5695338_204088100071_R01C01","NA_3","NA_5","U","U",FALSE,0.0906253205319377
"GSM5695334_204281260063_R08C01","GSM5695339_204281260043_R04C01","NA_3","MFA_8","U","S",FALSE,0.100496626872943
"GSM5695334_204281260063_R08C01","GSM5695340_204273120074_R05C01","NA_3","MFA_8","U","U",FALSE,0.0619572817863311
"GSM5695334_204281260063_R08C01","GSM5695341_204281260060_R05C01","NA_3","NA_6","U","S",FALSE,0.293443553392564
"GSM5695334_204281260063_R08C01","GSM5695342_204281260063_R02C01","NA_3","SFA_5","U","S",FALSE,0.122424135558239
"GSM5695334_204281260063_R08C01","GSM5695343_204273120068_R04C01","NA_3","SFA_1","U","U",FALSE,0.110193252348386
"GSM5695334_204281260063_R08C01","GSM5695344_204088100053_R01C01","NA_3","MFA_9","U","S",FALSE,0.158680617269723
"GSM5695334_204281260063_R08C01","GSM5695345_204088100053_R03C01","NA_3","MFA_9","U","U",FALSE,0.160603641646747
"GSM5695334_204281260063_R08C01","GSM5695346_204273120074_R07C01","NA_3","MFA_10","U","S",FALSE,-0.117212540977324
"GSM5695334_204281260063_R08C01","GSM5695347_204281260061_R08C01","NA_3","MFA_10","U","U",FALSE,-0.145185659367749
"GSM5695334_204281260063_R08C01","GSM5695348_204281260061_R02C01","NA_3","NA_7","U","S",FALSE,0.312040241975326
"GSM5695334_204281260063_R08C01","GSM5695349_204281260060_R04C01","NA_3","NA_7","U","U",FALSE,0.311905988594792
"GSM5695334_204281260063_R08C01","GSM5695350_204088100071_R02C01","NA_3","NA_8","U","S",FALSE,0.109885282871054
"GSM5695334_204281260063_R08C01","GSM5695351_204273120074_R03C01","NA_3","NA_8","U","U",FALSE,0.121358398203704
"GSM5695334_204281260063_R08C01","GSM5695352_204088100053_R07C01","NA_3","MFA_11","U","S",FALSE,0.212238059524581
"GSM5695334_204281260063_R08C01","GSM5695353_204273120074_R02C01","NA_3","MFA_11","U","U",FALSE,0.19574389508942
"GSM5695334_204281260063_R08C01","GSM5695354_204273120066_R03C01","NA_3","SFA_6","U","S",FALSE,0.0276366360846805
"GSM5695334_204281260063_R08C01","GSM5695355_204273120068_R06C01","NA_3","SFA_6","U","U",FALSE,0.0111769938510107
"GSM5695334_204281260063_R08C01","GSM5695356_204273120068_R05C01","NA_3","NA_9","U","S",FALSE,0.14228574606704
"GSM5695334_204281260063_R08C01","GSM5695357_204273120066_R06C01","NA_3","NA_9","U","U",FALSE,0.127635661484158
"GSM5695334_204281260063_R08C01","GSM5695358_204273120005_R05C01","NA_3","MFA_12","U","S",FALSE,0.0206433975946584
"GSM5695334_204281260063_R08C01","GSM5695359_204273120074_R01C01","NA_3","MFA_12","U","U",FALSE,0.025866551428691
"GSM5695334_204281260063_R08C01","GSM5695360_204273120005_R06C01","NA_3","SFA_7","U","U",FALSE,0.201872623057789
"GSM5695334_204281260063_R08C01","GSM5695361_204281260043_R01C01","NA_3","SFA_8","U","S",FALSE,0.208874714231359
"GSM5695334_204281260063_R08C01","GSM5695362_204088100071_R08C01","NA_3","SFA_8","U","U",FALSE,0.21062302126502
"GSM5695334_204281260063_R08C01","GSM5695363_204281260060_R03C01","NA_3","NA_10","U","S",FALSE,0.0447135446581182
"GSM5695334_204281260063_R08C01","GSM5695364_204281260043_R08C01","NA_3","NA_10","U","U",FALSE,0.0580754810680647
"GSM5695334_204281260063_R08C01","GSM5695365_204088100053_R04C01","NA_3","NA_11","U","S",FALSE,0.175792644779389
"GSM5695334_204281260063_R08C01","GSM5695366_204088100071_R06C01","NA_3","NA_11","U","U",FALSE,0.183766006301556
"GSM5695334_204281260063_R08C01","GSM5695367_204281260061_R06C01","NA_3","SFA_9","U","S",FALSE,-0.0717459754290706
"GSM5695334_204281260063_R08C01","GSM5695368_204281260043_R05C01","NA_3","SFA_9","U","U",FALSE,-0.0712645022673523
"GSM5695334_204281260063_R08C01","GSM5695369_204273120066_R07C01","NA_3","SFA_10","U","S",FALSE,0.200304035903594
"GSM5695334_204281260063_R08C01","GSM5695370_204281260063_R07C01","NA_3","NA_12","U","S",FALSE,-0.173858385123976
"GSM5695334_204281260063_R08C01","GSM5695371_204281260061_R03C01","NA_3","NA_13","U","S",FALSE,0.0755850220876721
"GSM5695334_204281260063_R08C01","GSM5695372_204273120073_R05C01","NA_3","NA_13","U","U",FALSE,0.0744348224047293
"GSM5695334_204281260063_R08C01","GSM5695373_204281260043_R07C01","NA_3","SFA_11","U","S",FALSE,0.109400881446263
"GSM5695334_204281260063_R08C01","GSM5695374_204281260043_R03C01","NA_3","SFA_11","U","U",FALSE,0.10965822551056
"GSM5695334_204281260063_R08C01","GSM5695375_204088100071_R05C01","NA_3","NA_14","U","S",FALSE,0.250862446805778
"GSM5695334_204281260063_R08C01","GSM5695376_204281260063_R03C01","NA_3","NA_14","U","U",FALSE,0.260889705481817
"GSM5695334_204281260063_R08C01","GSM5695377_204273120073_R03C01","NA_3","NA_15","U","S",FALSE,0.154378777028123
"GSM5695334_204281260063_R08C01","GSM5695378_204273120068_R01C01","NA_3","NA_15","U","U",FALSE,0.162425238735883
"GSM5695334_204281260063_R08C01","GSM5695379_204088100071_R07C01","NA_3","MFA_13","U","S",FALSE,0.187979843135618
"GSM5695334_204281260063_R08C01","GSM5695380_204273120068_R03C01","NA_3","MFA_13","U","U",FALSE,0.189454008669041
"GSM5695334_204281260063_R08C01","GSM5695381_204273120066_R05C01","NA_3","NA_16","U","S",FALSE,0.249057275649379
"GSM5695334_204281260063_R08C01","GSM5695382_204088100082_R03C01","NA_3","NA_16","U","U",FALSE,0.230747321834256
"GSM5695334_204281260063_R08C01","GSM5695383_204281260043_R06C01","NA_3","MFA_14","U","S",FALSE,0.121496582320911
"GSM5695334_204281260063_R08C01","GSM5695384_204281260063_R06C01","NA_3","MFA_14","U","U",FALSE,0.0936633598452828
"GSM5695334_204281260063_R08C01","GSM5695385_204281260063_R04C01","NA_3","SFA_12","U","S",FALSE,-0.0281906854257874
"GSM5695334_204281260063_R08C01","GSM5695386_204273120074_R04C01","NA_3","SFA_12","U","U",FALSE,-0.0137365345312775
"GSM5695334_204281260063_R08C01","GSM5695387_204273120073_R01C01","NA_3","NA_17","U","S",FALSE,-0.00273378827499869
"GSM5695334_204281260063_R08C01","GSM5695388_204281260063_R05C01","NA_3","NA_17","U","U",FALSE,-0.00719536809145082
"GSM5695334_204281260063_R08C01","GSM5695389_204088100082_R06C01","NA_3","SFA_13","U","S",FALSE,0.133265185709093
"GSM5695334_204281260063_R08C01","GSM5695390_204273120066_R01C01","NA_3","SFA_13","U","U",FALSE,0.143169785327028
"GSM5695334_204281260063_R08C01","GSM5695391_204281260043_R02C01","NA_3","MFA_15","U","S",FALSE,0.214275348744525
"GSM5695334_204281260063_R08C01","GSM5695392_204273120073_R06C01","NA_3","MFA_15","U","U",FALSE,0.218931818653797
"GSM5695335_204088100053_R05C01","GSM5695336_204273120005_R07C01","NA_4","NA_4","S","U",TRUE,0.993805923319912
"GSM5695335_204088100053_R05C01","GSM5695337_204088100082_R04C01","NA_4","NA_5","S","S",FALSE,0.598905033655833
"GSM5695335_204088100053_R05C01","GSM5695338_204088100071_R01C01","NA_4","NA_5","S","U",FALSE,0.625299416704435
"GSM5695335_204088100053_R05C01","GSM5695339_204281260043_R04C01","NA_4","MFA_8","S","S",FALSE,0.109710364388621
"GSM5695335_204088100053_R05C01","GSM5695340_204273120074_R05C01","NA_4","MFA_8","S","U",FALSE,0.108533941508166
"GSM5695335_204088100053_R05C01","GSM5695341_204281260060_R05C01","NA_4","NA_6","S","S",FALSE,0.0987345968417012
"GSM5695335_204088100053_R05C01","GSM5695342_204281260063_R02C01","NA_4","SFA_5","S","S",FALSE,0.309965680460613
"GSM5695335_204088100053_R05C01","GSM5695343_204273120068_R04C01","NA_4","SFA_1","S","U",FALSE,0.331942389798414
"GSM5695335_204088100053_R05C01","GSM5695344_204088100053_R01C01","NA_4","MFA_9","S","S",FALSE,0.124978911768075
"GSM5695335_204088100053_R05C01","GSM5695345_204088100053_R03C01","NA_4","MFA_9","S","U",FALSE,0.10872524670915
"GSM5695335_204088100053_R05C01","GSM5695346_204273120074_R07C01","NA_4","MFA_10","S","S",FALSE,0.12894961033853
"GSM5695335_204088100053_R05C01","GSM5695347_204281260061_R08C01","NA_4","MFA_10","S","U",FALSE,0.120426616264661
"GSM5695335_204088100053_R05C01","GSM5695348_204281260061_R02C01","NA_4","NA_7","S","S",FALSE,0.278425597966294
"GSM5695335_204088100053_R05C01","GSM5695349_204281260060_R04C01","NA_4","NA_7","S","U",FALSE,0.268638984829728
"GSM5695335_204088100053_R05C01","GSM5695350_204088100071_R02C01","NA_4","NA_8","S","S",FALSE,0.499293768352028
"GSM5695335_204088100053_R05C01","GSM5695351_204273120074_R03C01","NA_4","NA_8","S","U",FALSE,0.458209622546766
"GSM5695335_204088100053_R05C01","GSM5695352_204088100053_R07C01","NA_4","MFA_11","S","S",FALSE,0.382122608749499
"GSM5695335_204088100053_R05C01","GSM5695353_204273120074_R02C01","NA_4","MFA_11","S","U",FALSE,0.388360448106232
"GSM5695335_204088100053_R05C01","GSM5695354_204273120066_R03C01","NA_4","SFA_6","S","S",FALSE,0.019493369269935
"GSM5695335_204088100053_R05C01","GSM5695355_204273120068_R06C01","NA_4","SFA_6","S","U",FALSE,0.0241254959654815
"GSM5695335_204088100053_R05C01","GSM5695356_204273120068_R05C01","NA_4","NA_9","S","S",FALSE,0.295451463581985
"GSM5695335_204088100053_R05C01","GSM5695357_204273120066_R06C01","NA_4","NA_9","S","U",FALSE,0.295894107953656
"GSM5695335_204088100053_R05C01","GSM5695358_204273120005_R05C01","NA_4","MFA_12","S","S",FALSE,0.24052445382783
"GSM5695335_204088100053_R05C01","GSM5695359_204273120074_R01C01","NA_4","MFA_12","S","U",FALSE,0.249720592945014
"GSM5695335_204088100053_R05C01","GSM5695360_204273120005_R06C01","NA_4","SFA_7","S","U",FALSE,0.425887288353156
"GSM5695335_204088100053_R05C01","GSM5695361_204281260043_R01C01","NA_4","SFA_8","S","S",FALSE,0.181904856177889
"GSM5695335_204088100053_R05C01","GSM5695362_204088100071_R08C01","NA_4","SFA_8","S","U",FALSE,0.148204245568307
"GSM5695335_204088100053_R05C01","GSM5695363_204281260060_R03C01","NA_4","NA_10","S","S",FALSE,0.105391679507121
"GSM5695335_204088100053_R05C01","GSM5695364_204281260043_R08C01","NA_4","NA_10","S","U",FALSE,0.108926229377321
"GSM5695335_204088100053_R05C01","GSM5695365_204088100053_R04C01","NA_4","NA_11","S","S",FALSE,0.0213519064145432
"GSM5695335_204088100053_R05C01","GSM5695366_204088100071_R06C01","NA_4","NA_11","S","U",FALSE,0.0180196638138999
"GSM5695335_204088100053_R05C01","GSM5695367_204281260061_R06C01","NA_4","SFA_9","S","S",FALSE,0.186256379740499
"GSM5695335_204088100053_R05C01","GSM5695368_204281260043_R05C01","NA_4","SFA_9","S","U",FALSE,0.184228129020494
"GSM5695335_204088100053_R05C01","GSM5695369_204273120066_R07C01","NA_4","SFA_10","S","S",FALSE,0.0283718199794284
"GSM5695335_204088100053_R05C01","GSM5695370_204281260063_R07C01","NA_4","NA_12","S","S",FALSE,0.0438173365631244
"GSM5695335_204088100053_R05C01","GSM5695371_204281260061_R03C01","NA_4","NA_13","S","S",FALSE,0.029307835048471
"GSM5695335_204088100053_R05C01","GSM5695372_204273120073_R05C01","NA_4","NA_13","S","U",FALSE,0.0336448904627664
"GSM5695335_204088100053_R05C01","GSM5695373_204281260043_R07C01","NA_4","SFA_11","S","S",FALSE,0.0685342198450501
"GSM5695335_204088100053_R05C01","GSM5695374_204281260043_R03C01","NA_4","SFA_11","S","U",FALSE,0.0830087143702283
"GSM5695335_204088100053_R05C01","GSM5695375_204088100071_R05C01","NA_4","NA_14","S","S",FALSE,0.149225744198403
"GSM5695335_204088100053_R05C01","GSM5695376_204281260063_R03C01","NA_4","NA_14","S","U",FALSE,0.150028168009445
"GSM5695335_204088100053_R05C01","GSM5695377_204273120073_R03C01","NA_4","NA_15","S","S",FALSE,0.0787034478306455
"GSM5695335_204088100053_R05C01","GSM5695378_204273120068_R01C01","NA_4","NA_15","S","U",FALSE,0.068342383984404
"GSM5695335_204088100053_R05C01","GSM5695379_204088100071_R07C01","NA_4","MFA_13","S","S",FALSE,0.106066348999204
"GSM5695335_204088100053_R05C01","GSM5695380_204273120068_R03C01","NA_4","MFA_13","S","U",FALSE,0.09730459017654
"GSM5695335_204088100053_R05C01","GSM5695381_204273120066_R05C01","NA_4","NA_16","S","S",FALSE,-0.0594215702723866
"GSM5695335_204088100053_R05C01","GSM5695382_204088100082_R03C01","NA_4","NA_16","S","U",FALSE,-0.0842584161430043
"GSM5695335_204088100053_R05C01","GSM5695383_204281260043_R06C01","NA_4","MFA_14","S","S",FALSE,-0.11052263532985
"GSM5695335_204088100053_R05C01","GSM5695384_204281260063_R06C01","NA_4","MFA_14","S","U",FALSE,-0.101793562590849
"GSM5695335_204088100053_R05C01","GSM5695385_204281260063_R04C01","NA_4","SFA_12","S","S",FALSE,0.271183768664607
"GSM5695335_204088100053_R05C01","GSM5695386_204273120074_R04C01","NA_4","SFA_12","S","U",FALSE,0.276578010526754
"GSM5695335_204088100053_R05C01","GSM5695387_204273120073_R01C01","NA_4","NA_17","S","S",FALSE,0.0200108032254353
"GSM5695335_204088100053_R05C01","GSM5695388_204281260063_R05C01","NA_4","NA_17","S","U",FALSE,0.0259228467620424
"GSM5695335_204088100053_R05C01","GSM5695389_204088100082_R06C01","NA_4","SFA_13","S","S",FALSE,0.190550817403943
"GSM5695335_204088100053_R05C01","GSM5695390_204273120066_R01C01","NA_4","SFA_13","S","U",FALSE,0.185055366080625
"GSM5695335_204088100053_R05C01","GSM5695391_204281260043_R02C01","NA_4","MFA_15","S","S",FALSE,0.406318555084811
"GSM5695335_204088100053_R05C01","GSM5695392_204273120073_R06C01","NA_4","MFA_15","S","U",FALSE,0.389431087620086
"GSM5695336_204273120005_R07C01","GSM5695337_204088100082_R04C01","NA_4","NA_5","U","S",FALSE,0.602078092357817
"GSM5695336_204273120005_R07C01","GSM5695338_204088100071_R01C01","NA_4","NA_5","U","U",FALSE,0.634738289558795
"GSM5695336_204273120005_R07C01","GSM5695339_204281260043_R04C01","NA_4","MFA_8","U","S",FALSE,0.102414446251921
"GSM5695336_204273120005_R07C01","GSM5695340_204273120074_R05C01","NA_4","MFA_8","U","U",FALSE,0.0968315191648083
"GSM5695336_204273120005_R07C01","GSM5695341_204281260060_R05C01","NA_4","NA_6","U","S",FALSE,0.0708228535271897
"GSM5695336_204273120005_R07C01","GSM5695342_204281260063_R02C01","NA_4","SFA_5","U","S",FALSE,0.295673067078733
"GSM5695336_204273120005_R07C01","GSM5695343_204273120068_R04C01","NA_4","SFA_1","U","U",FALSE,0.315753984675949
"GSM5695336_204273120005_R07C01","GSM5695344_204088100053_R01C01","NA_4","MFA_9","U","S",FALSE,0.122811942154202
"GSM5695336_204273120005_R07C01","GSM5695345_204088100053_R03C01","NA_4","MFA_9","U","U",FALSE,0.10376308617214
"GSM5695336_204273120005_R07C01","GSM5695346_204273120074_R07C01","NA_4","MFA_10","U","S",FALSE,0.12017675961453
"GSM5695336_204273120005_R07C01","GSM5695347_204281260061_R08C01","NA_4","MFA_10","U","U",FALSE,0.113000435707859
"GSM5695336_204273120005_R07C01","GSM5695348_204281260061_R02C01","NA_4","NA_7","U","S",FALSE,0.261870935143731
"GSM5695336_204273120005_R07C01","GSM5695349_204281260060_R04C01","NA_4","NA_7","U","U",FALSE,0.251642816817559
"GSM5695336_204273120005_R07C01","GSM5695350_204088100071_R02C01","NA_4","NA_8","U","S",FALSE,0.502090968807374
"GSM5695336_204273120005_R07C01","GSM5695351_204273120074_R03C01","NA_4","NA_8","U","U",FALSE,0.455447565938117
"GSM5695336_204273120005_R07C01","GSM5695352_204088100053_R07C01","NA_4","MFA_11","U","S",FALSE,0.348660777180331
"GSM5695336_204273120005_R07C01","GSM5695353_204273120074_R02C01","NA_4","MFA_11","U","U",FALSE,0.356154143135807
"GSM5695336_204273120005_R07C01","GSM5695354_204273120066_R03C01","NA_4","SFA_6","U","S",FALSE,0.0224418472430505
"GSM5695336_204273120005_R07C01","GSM5695355_204273120068_R06C01","NA_4","SFA_6","U","U",FALSE,0.0284918076843136
"GSM5695336_204273120005_R07C01","GSM5695356_204273120068_R05C01","NA_4","NA_9","U","S",FALSE,0.298933054486818
"GSM5695336_204273120005_R07C01","GSM5695357_204273120066_R06C01","NA_4","NA_9","U","U",FALSE,0.300457052919928
"GSM5695336_204273120005_R07C01","GSM5695358_204273120005_R05C01","NA_4","MFA_12","U","S",FALSE,0.246839304014951
"GSM5695336_204273120005_R07C01","GSM5695359_204273120074_R01C01","NA_4","MFA_12","U","U",FALSE,0.254089719501129
"GSM5695336_204273120005_R07C01","GSM5695360_204273120005_R06C01","NA_4","SFA_7","U","U",FALSE,0.436907803441576
"GSM5695336_204273120005_R07C01","GSM5695361_204281260043_R01C01","NA_4","SFA_8","U","S",FALSE,0.156070856740046
"GSM5695336_204273120005_R07C01","GSM5695362_204088100071_R08C01","NA_4","SFA_8","U","U",FALSE,0.120236961928379
"GSM5695336_204273120005_R07C01","GSM5695363_204281260060_R03C01","NA_4","NA_10","U","S",FALSE,0.110750667519658
"GSM5695336_204273120005_R07C01","GSM5695364_204281260043_R08C01","NA_4","NA_10","U","U",FALSE,0.11829541414478
"GSM5695336_204273120005_R07C01","GSM5695365_204088100053_R04C01","NA_4","NA_11","U","S",FALSE,0.00727119109143974
"GSM5695336_204273120005_R07C01","GSM5695366_204088100071_R06C01","NA_4","NA_11","U","U",FALSE,0.00338405506249372
"GSM5695336_204273120005_R07C01","GSM5695367_204281260061_R06C01","NA_4","SFA_9","U","S",FALSE,0.195473143729324
"GSM5695336_204273120005_R07C01","GSM5695368_204281260043_R05C01","NA_4","SFA_9","U","U",FALSE,0.193679328757611
"GSM5695336_204273120005_R07C01","GSM5695369_204273120066_R07C01","NA_4","SFA_10","U","S",FALSE,0.0496059487594649
"GSM5695336_204273120005_R07C01","GSM5695370_204281260063_R07C01","NA_4","NA_12","U","S",FALSE,0.023760163064436
"GSM5695336_204273120005_R07C01","GSM5695371_204281260061_R03C01","NA_4","NA_13","U","S",FALSE,0.034872301265509
"GSM5695336_204273120005_R07C01","GSM5695372_204273120073_R05C01","NA_4","NA_13","U","U",FALSE,0.0392974767743014
"GSM5695336_204273120005_R07C01","GSM5695373_204281260043_R07C01","NA_4","SFA_11","U","S",FALSE,0.0608270869925918
"GSM5695336_204273120005_R07C01","GSM5695374_204281260043_R03C01","NA_4","SFA_11","U","U",FALSE,0.0744633204265793
"GSM5695336_204273120005_R07C01","GSM5695375_204088100071_R05C01","NA_4","NA_14","U","S",FALSE,0.12744664192991
"GSM5695336_204273120005_R07C01","GSM5695376_204281260063_R03C01","NA_4","NA_14","U","U",FALSE,0.132058399433861
"GSM5695336_204273120005_R07C01","GSM5695377_204273120073_R03C01","NA_4","NA_15","U","S",FALSE,0.0528860180308256
"GSM5695336_204273120005_R07C01","GSM5695378_204273120068_R01C01","NA_4","NA_15","U","U",FALSE,0.040889722825214
"GSM5695336_204273120005_R07C01","GSM5695379_204088100071_R07C01","NA_4","MFA_13","U","S",FALSE,0.084008777638125
"GSM5695336_204273120005_R07C01","GSM5695380_204273120068_R03C01","NA_4","MFA_13","U","U",FALSE,0.0784064087438044
"GSM5695336_204273120005_R07C01","GSM5695381_204273120066_R05C01","NA_4","NA_16","U","S",FALSE,-0.0781964885927007
"GSM5695336_204273120005_R07C01","GSM5695382_204088100082_R03C01","NA_4","NA_16","U","U",FALSE,-0.106071270062345
"GSM5695336_204273120005_R07C01","GSM5695383_204281260043_R06C01","NA_4","MFA_14","U","S",FALSE,-0.136932868174283
"GSM5695336_204273120005_R07C01","GSM5695384_204281260063_R06C01","NA_4","MFA_14","U","U",FALSE,-0.125796490051349
"GSM5695336_204273120005_R07C01","GSM5695385_204281260063_R04C01","NA_4","SFA_12","U","S",FALSE,0.268377562268323
"GSM5695336_204273120005_R07C01","GSM5695386_204273120074_R04C01","NA_4","SFA_12","U","U",FALSE,0.271832078389374
"GSM5695336_204273120005_R07C01","GSM5695387_204273120073_R01C01","NA_4","NA_17","U","S",FALSE,-0.00402676024165914
"GSM5695336_204273120005_R07C01","GSM5695388_204281260063_R05C01","NA_4","NA_17","U","U",FALSE,0.0029175154403521
"GSM5695336_204273120005_R07C01","GSM5695389_204088100082_R06C01","NA_4","SFA_13","U","S",FALSE,0.170093051453823
"GSM5695336_204273120005_R07C01","GSM5695390_204273120066_R01C01","NA_4","SFA_13","U","U",FALSE,0.166844790587436
"GSM5695336_204273120005_R07C01","GSM5695391_204281260043_R02C01","NA_4","MFA_15","U","S",FALSE,0.372452233498676
"GSM5695336_204273120005_R07C01","GSM5695392_204273120073_R06C01","NA_4","MFA_15","U","U",FALSE,0.354777160301705
"GSM5695337_204088100082_R04C01","GSM5695338_204088100071_R01C01","NA_5","NA_5","S","U",TRUE,0.991496066582739
"GSM5695337_204088100082_R04C01","GSM5695339_204281260043_R04C01","NA_5","MFA_8","S","S",FALSE,0.161770662541292
"GSM5695337_204088100082_R04C01","GSM5695340_204273120074_R05C01","NA_5","MFA_8","S","U",FALSE,0.165456898126748
"GSM5695337_204088100082_R04C01","GSM5695341_204281260060_R05C01","NA_5","NA_6","S","S",FALSE,0.137621981338791
"GSM5695337_204088100082_R04C01","GSM5695342_204281260063_R02C01","NA_5","SFA_5","S","S",FALSE,0.262071574495295
"GSM5695337_204088100082_R04C01","GSM5695343_204273120068_R04C01","NA_5","SFA_1","S","U",FALSE,0.262848655771009
"GSM5695337_204088100082_R04C01","GSM5695344_204088100053_R01C01","NA_5","MFA_9","S","S",FALSE,0.101164366396793
"GSM5695337_204088100082_R04C01","GSM5695345_204088100053_R03C01","NA_5","MFA_9","S","U",FALSE,0.0794574103287822
"GSM5695337_204088100082_R04C01","GSM5695346_204273120074_R07C01","NA_5","MFA_10","S","S",FALSE,0.0171402583047425
"GSM5695337_204088100082_R04C01","GSM5695347_204281260061_R08C01","NA_5","MFA_10","S","U",FALSE,-0.0090020508463906
"GSM5695337_204088100082_R04C01","GSM5695348_204281260061_R02C01","NA_5","NA_7","S","S",FALSE,0.32408126628075
"GSM5695337_204088100082_R04C01","GSM5695349_204281260060_R04C01","NA_5","NA_7","S","U",FALSE,0.319257380584753
"GSM5695337_204088100082_R04C01","GSM5695350_204088100071_R02C01","NA_5","NA_8","S","S",FALSE,0.396433278682906
"GSM5695337_204088100082_R04C01","GSM5695351_204273120074_R03C01","NA_5","NA_8","S","U",FALSE,0.382057226603317
"GSM5695337_204088100082_R04C01","GSM5695352_204088100053_R07C01","NA_5","MFA_11","S","S",FALSE,0.463460930120539
"GSM5695337_204088100082_R04C01","GSM5695353_204273120074_R02C01","NA_5","MFA_11","S","U",FALSE,0.450357488521809
"GSM5695337_204088100082_R04C01","GSM5695354_204273120066_R03C01","NA_5","SFA_6","S","S",FALSE,0.0587035621133083
"GSM5695337_204088100082_R04C01","GSM5695355_204273120068_R06C01","NA_5","SFA_6","S","U",FALSE,0.0743918277535827
"GSM5695337_204088100082_R04C01","GSM5695356_204273120068_R05C01","NA_5","NA_9","S","S",FALSE,0.220943367365029
"GSM5695337_204088100082_R04C01","GSM5695357_204273120066_R06C01","NA_5","NA_9","S","U",FALSE,0.216596153663121
"GSM5695337_204088100082_R04C01","GSM5695358_204273120005_R05C01","NA_5","MFA_12","S","S",FALSE,0.114009088562375
"GSM5695337_204088100082_R04C01","GSM5695359_204273120074_R01C01","NA_5","MFA_12","S","U",FALSE,0.125854845750016
"GSM5695337_204088100082_R04C01","GSM5695360_204273120005_R06C01","NA_5","SFA_7","S","U",FALSE,0.467153395225352
"GSM5695337_204088100082_R04C01","GSM5695361_204281260043_R01C01","NA_5","SFA_8","S","S",FALSE,0.195788594477945
"GSM5695337_204088100082_R04C01","GSM5695362_204088100071_R08C01","NA_5","SFA_8","S","U",FALSE,0.179793384434747
"GSM5695337_204088100082_R04C01","GSM5695363_204281260060_R03C01","NA_5","NA_10","S","S",FALSE,0.0633121518650214
"GSM5695337_204088100082_R04C01","GSM5695364_204281260043_R08C01","NA_5","NA_10","S","U",FALSE,0.0439942619328551
"GSM5695337_204088100082_R04C01","GSM5695365_204088100053_R04C01","NA_5","NA_11","S","S",FALSE,-0.146275964895216
"GSM5695337_204088100082_R04C01","GSM5695366_204088100071_R06C01","NA_5","NA_11","S","U",FALSE,-0.141090011282074
"GSM5695337_204088100082_R04C01","GSM5695367_204281260061_R06C01","NA_5","SFA_9","S","S",FALSE,0.16580767716213
"GSM5695337_204088100082_R04C01","GSM5695368_204281260043_R05C01","NA_5","SFA_9","S","U",FALSE,0.162705609005998
"GSM5695337_204088100082_R04C01","GSM5695369_204273120066_R07C01","NA_5","SFA_10","S","S",FALSE,0.0429005766117152
"GSM5695337_204088100082_R04C01","GSM5695370_204281260063_R07C01","NA_5","NA_12","S","S",FALSE,0.228548961587343
"GSM5695337_204088100082_R04C01","GSM5695371_204281260061_R03C01","NA_5","NA_13","S","S",FALSE,0.100880707837175
"GSM5695337_204088100082_R04C01","GSM5695372_204273120073_R05C01","NA_5","NA_13","S","U",FALSE,0.0976194041943974
"GSM5695337_204088100082_R04C01","GSM5695373_204281260043_R07C01","NA_5","SFA_11","S","S",FALSE,0.0159724304826755
"GSM5695337_204088100082_R04C01","GSM5695374_204281260043_R03C01","NA_5","SFA_11","S","U",FALSE,0.022991904682643
"GSM5695337_204088100082_R04C01","GSM5695375_204088100071_R05C01","NA_5","NA_14","S","S",FALSE,0.100443233382037
"GSM5695337_204088100082_R04C01","GSM5695376_204281260063_R03C01","NA_5","NA_14","S","U",FALSE,0.0989241383319273
"GSM5695337_204088100082_R04C01","GSM5695377_204273120073_R03C01","NA_5","NA_15","S","S",FALSE,0.0475418005861324
"GSM5695337_204088100082_R04C01","GSM5695378_204273120068_R01C01","NA_5","NA_15","S","U",FALSE,0.0389436931468014
"GSM5695337_204088100082_R04C01","GSM5695379_204088100071_R07C01","NA_5","MFA_13","S","S",FALSE,0.330202967786269
"GSM5695337_204088100082_R04C01","GSM5695380_204273120068_R03C01","NA_5","MFA_13","S","U",FALSE,0.325178601521819
"GSM5695337_204088100082_R04C01","GSM5695381_204273120066_R05C01","NA_5","NA_16","S","S",FALSE,-0.141420032100986
"GSM5695337_204088100082_R04C01","GSM5695382_204088100082_R03C01","NA_5","NA_16","S","U",FALSE,-0.168362658721349
"GSM5695337_204088100082_R04C01","GSM5695383_204281260043_R06C01","NA_5","MFA_14","S","S",FALSE,0.0821861366662889
"GSM5695337_204088100082_R04C01","GSM5695384_204281260063_R06C01","NA_5","MFA_14","S","U",FALSE,0.0955074119747072
"GSM5695337_204088100082_R04C01","GSM5695385_204281260063_R04C01","NA_5","SFA_12","S","S",FALSE,0.236964384027637
"GSM5695337_204088100082_R04C01","GSM5695386_204273120074_R04C01","NA_5","SFA_12","S","U",FALSE,0.233382069421984
"GSM5695337_204088100082_R04C01","GSM5695387_204273120073_R01C01","NA_5","NA_17","S","S",FALSE,0.0332135519316882
"GSM5695337_204088100082_R04C01","GSM5695388_204281260063_R05C01","NA_5","NA_17","S","U",FALSE,0.0333886427336145
"GSM5695337_204088100082_R04C01","GSM5695389_204088100082_R06C01","NA_5","SFA_13","S","S",FALSE,0.102799060115374
"GSM5695337_204088100082_R04C01","GSM5695390_204273120066_R01C01","NA_5","SFA_13","S","U",FALSE,0.110718400692541
"GSM5695337_204088100082_R04C01","GSM5695391_204281260043_R02C01","NA_5","MFA_15","S","S",FALSE,0.251923340128733
"GSM5695337_204088100082_R04C01","GSM5695392_204273120073_R06C01","NA_5","MFA_15","S","U",FALSE,0.251769065508243
"GSM5695338_204088100071_R01C01","GSM5695339_204281260043_R04C01","NA_5","MFA_8","U","S",FALSE,0.13837683204253
"GSM5695338_204088100071_R01C01","GSM5695340_204273120074_R05C01","NA_5","MFA_8","U","U",FALSE,0.137789577354136
"GSM5695338_204088100071_R01C01","GSM5695341_204281260060_R05C01","NA_5","NA_6","U","S",FALSE,0.103869414549181
"GSM5695338_204088100071_R01C01","GSM5695342_204281260063_R02C01","NA_5","SFA_5","U","S",FALSE,0.270814536506298
"GSM5695338_204088100071_R01C01","GSM5695343_204273120068_R04C01","NA_5","SFA_1","U","U",FALSE,0.267905595163599
"GSM5695338_204088100071_R01C01","GSM5695344_204088100053_R01C01","NA_5","MFA_9","U","S",FALSE,0.11943882293812
"GSM5695338_204088100071_R01C01","GSM5695345_204088100053_R03C01","NA_5","MFA_9","U","U",FALSE,0.0958153540964941
"GSM5695338_204088100071_R01C01","GSM5695346_204273120074_R07C01","NA_5","MFA_10","U","S",FALSE,0.0335571033206221
"GSM5695338_204088100071_R01C01","GSM5695347_204281260061_R08C01","NA_5","MFA_10","U","U",FALSE,0.00544760914634038
"GSM5695338_204088100071_R01C01","GSM5695348_204281260061_R02C01","NA_5","NA_7","U","S",FALSE,0.30480374491792
"GSM5695338_204088100071_R01C01","GSM5695349_204281260060_R04C01","NA_5","NA_7","U","U",FALSE,0.297277355680964
"GSM5695338_204088100071_R01C01","GSM5695350_204088100071_R02C01","NA_5","NA_8","U","S",FALSE,0.404377225854992
"GSM5695338_204088100071_R01C01","GSM5695351_204273120074_R03C01","NA_5","NA_8","U","U",FALSE,0.3826171269271
"GSM5695338_204088100071_R01C01","GSM5695352_204088100053_R07C01","NA_5","MFA_11","U","S",FALSE,0.432092195447591
"GSM5695338_204088100071_R01C01","GSM5695353_204273120074_R02C01","NA_5","MFA_11","U","U",FALSE,0.420891126902049
"GSM5695338_204088100071_R01C01","GSM5695354_204273120066_R03C01","NA_5","SFA_6","U","S",FALSE,0.0568542802742513
"GSM5695338_204088100071_R01C01","GSM5695355_204273120068_R06C01","NA_5","SFA_6","U","U",FALSE,0.073335679987528
"GSM5695338_204088100071_R01C01","GSM5695356_204273120068_R05C01","NA_5","NA_9","U","S",FALSE,0.218076816899197
"GSM5695338_204088100071_R01C01","GSM5695357_204273120066_R06C01","NA_5","NA_9","U","U",FALSE,0.217216523144302
"GSM5695338_204088100071_R01C01","GSM5695358_204273120005_R05C01","NA_5","MFA_12","U","S",FALSE,0.127479606178721
"GSM5695338_204088100071_R01C01","GSM5695359_204273120074_R01C01","NA_5","MFA_12","U","U",FALSE,0.136524252189376
"GSM5695338_204088100071_R01C01","GSM5695360_204273120005_R06C01","NA_5","SFA_7","U","U",FALSE,0.479362841321198
"GSM5695338_204088100071_R01C01","GSM5695361_204281260043_R01C01","NA_5","SFA_8","U","S",FALSE,0.188532316632049
"GSM5695338_204088100071_R01C01","GSM5695362_204088100071_R08C01","NA_5","SFA_8","U","U",FALSE,0.168586453189089
"GSM5695338_204088100071_R01C01","GSM5695363_204281260060_R03C01","NA_5","NA_10","U","S",FALSE,0.0741357675950255
"GSM5695338_204088100071_R01C01","GSM5695364_204281260043_R08C01","NA_5","NA_10","U","U",FALSE,0.0556756332051144
"GSM5695338_204088100071_R01C01","GSM5695365_204088100053_R04C01","NA_5","NA_11","U","S",FALSE,-0.130391805859781
"GSM5695338_204088100071_R01C01","GSM5695366_204088100071_R06C01","NA_5","NA_11","U","U",FALSE,-0.126248896809048
"GSM5695338_204088100071_R01C01","GSM5695367_204281260061_R06C01","NA_5","SFA_9","U","S",FALSE,0.156505753536059
"GSM5695338_204088100071_R01C01","GSM5695368_204281260043_R05C01","NA_5","SFA_9","U","U",FALSE,0.150766088480446
"GSM5695338_204088100071_R01C01","GSM5695369_204273120066_R07C01","NA_5","SFA_10","U","S",FALSE,0.063858935421778
"GSM5695338_204088100071_R01C01","GSM5695370_204281260063_R07C01","NA_5","NA_12","U","S",FALSE,0.164480338524626
"GSM5695338_204088100071_R01C01","GSM5695371_204281260061_R03C01","NA_5","NA_13","U","S",FALSE,0.0913794624808327
"GSM5695338_204088100071_R01C01","GSM5695372_204273120073_R05C01","NA_5","NA_13","U","U",FALSE,0.0899626734914106
"GSM5695338_204088100071_R01C01","GSM5695373_204281260043_R07C01","NA_5","SFA_11","U","S",FALSE,0.00570725209541131
"GSM5695338_204088100071_R01C01","GSM5695374_204281260043_R03C01","NA_5","SFA_11","U","U",FALSE,0.0120863716699422
"GSM5695338_204088100071_R01C01","GSM5695375_204088100071_R05C01","NA_5","NA_14","U","S",FALSE,0.109474133991057
"GSM5695338_204088100071_R01C01","GSM5695376_204281260063_R03C01","NA_5","NA_14","U","U",FALSE,0.109832698708275
"GSM5695338_204088100071_R01C01","GSM5695377_204273120073_R03C01","NA_5","NA_15","U","S",FALSE,0.0441970952882957
"GSM5695338_204088100071_R01C01","GSM5695378_204273120068_R01C01","NA_5","NA_15","U","U",FALSE,0.0352287649879867
"GSM5695338_204088100071_R01C01","GSM5695379_204088100071_R07C01","NA_5","MFA_13","U","S",FALSE,0.314818168839714
"GSM5695338_204088100071_R01C01","GSM5695380_204273120068_R03C01","NA_5","MFA_13","U","U",FALSE,0.310874636507413
"GSM5695338_204088100071_R01C01","GSM5695381_204273120066_R05C01","NA_5","NA_16","U","S",FALSE,-0.161839245911457
"GSM5695338_204088100071_R01C01","GSM5695382_204088100082_R03C01","NA_5","NA_16","U","U",FALSE,-0.192614482140985
"GSM5695338_204088100071_R01C01","GSM5695383_204281260043_R06C01","NA_5","MFA_14","U","S",FALSE,0.039796645051557
"GSM5695338_204088100071_R01C01","GSM5695384_204281260063_R06C01","NA_5","MFA_14","U","U",FALSE,0.051657102935085
"GSM5695338_204088100071_R01C01","GSM5695385_204281260063_R04C01","NA_5","SFA_12","U","S",FALSE,0.236464429107802
"GSM5695338_204088100071_R01C01","GSM5695386_204273120074_R04C01","NA_5","SFA_12","U","U",FALSE,0.23252069588102
"GSM5695338_204088100071_R01C01","GSM5695387_204273120073_R01C01","NA_5","NA_17","U","S",FALSE,0.000907467194673209
"GSM5695338_204088100071_R01C01","GSM5695388_204281260063_R05C01","NA_5","NA_17","U","U",FALSE,0.000158368908175181
"GSM5695338_204088100071_R01C01","GSM5695389_204088100082_R06C01","NA_5","SFA_13","U","S",FALSE,0.0880614550905917
"GSM5695338_204088100071_R01C01","GSM5695390_204273120066_R01C01","NA_5","SFA_13","U","U",FALSE,0.0980113351919005
"GSM5695338_204088100071_R01C01","GSM5695391_204281260043_R02C01","NA_5","MFA_15","U","S",FALSE,0.23012261461326
"GSM5695338_204088100071_R01C01","GSM5695392_204273120073_R06C01","NA_5","MFA_15","U","U",FALSE,0.230462599988114
"GSM5695339_204281260043_R04C01","GSM5695340_204273120074_R05C01","MFA_8","MFA_8","S","U",TRUE,0.993221656164764
"GSM5695339_204281260043_R04C01","GSM5695341_204281260060_R05C01","MFA_8","NA_6","S","S",FALSE,0.345838162301371
"GSM5695339_204281260043_R04C01","GSM5695342_204281260063_R02C01","MFA_8","SFA_5","S","S",FALSE,0.333269145253492
"GSM5695339_204281260043_R04C01","GSM5695343_204273120068_R04C01","MFA_8","SFA_1","S","U",FALSE,0.335307712931097
"GSM5695339_204281260043_R04C01","GSM5695344_204088100053_R01C01","MFA_8","MFA_9","S","S",FALSE,0.121553669698748
"GSM5695339_204281260043_R04C01","GSM5695345_204088100053_R03C01","MFA_8","MFA_9","S","U",FALSE,0.123114115015046
"GSM5695339_204281260043_R04C01","GSM5695346_204273120074_R07C01","MFA_8","MFA_10","S","S",FALSE,0.151356665958804
"GSM5695339_204281260043_R04C01","GSM5695347_204281260061_R08C01","MFA_8","MFA_10","S","U",FALSE,0.133875715429272
"GSM5695339_204281260043_R04C01","GSM5695348_204281260061_R02C01","MFA_8","NA_7","S","S",FALSE,0.249968732605669
"GSM5695339_204281260043_R04C01","GSM5695349_204281260060_R04C01","MFA_8","NA_7","S","U",FALSE,0.246445406006456
"GSM5695339_204281260043_R04C01","GSM5695350_204088100071_R02C01","MFA_8","NA_8","S","S",FALSE,0.161107183499221
"GSM5695339_204281260043_R04C01","GSM5695351_204273120074_R03C01","MFA_8","NA_8","S","U",FALSE,0.14274143659947
"GSM5695339_204281260043_R04C01","GSM5695352_204088100053_R07C01","MFA_8","MFA_11","S","S",FALSE,0.177967849792569
"GSM5695339_204281260043_R04C01","GSM5695353_204273120074_R02C01","MFA_8","MFA_11","S","U",FALSE,0.15980209354351
"GSM5695339_204281260043_R04C01","GSM5695354_204273120066_R03C01","MFA_8","SFA_6","S","S",FALSE,0.123487151625666
"GSM5695339_204281260043_R04C01","GSM5695355_204273120068_R06C01","MFA_8","SFA_6","S","U",FALSE,0.119024159746442
"GSM5695339_204281260043_R04C01","GSM5695356_204273120068_R05C01","MFA_8","NA_9","S","S",FALSE,0.0208138187005958
"GSM5695339_204281260043_R04C01","GSM5695357_204273120066_R06C01","MFA_8","NA_9","S","U",FALSE,0.00554087634277949
"GSM5695339_204281260043_R04C01","GSM5695358_204273120005_R05C01","MFA_8","MFA_12","S","S",FALSE,0.0732018561129822
"GSM5695339_204281260043_R04C01","GSM5695359_204273120074_R01C01","MFA_8","MFA_12","S","U",FALSE,0.0654320831730939
"GSM5695339_204281260043_R04C01","GSM5695360_204273120005_R06C01","MFA_8","SFA_7","S","U",FALSE,0.109616448648551
"GSM5695339_204281260043_R04C01","GSM5695361_204281260043_R01C01","MFA_8","SFA_8","S","S",FALSE,0.289373806729889
"GSM5695339_204281260043_R04C01","GSM5695362_204088100071_R08C01","MFA_8","SFA_8","S","U",FALSE,0.28825791755593
"GSM5695339_204281260043_R04C01","GSM5695363_204281260060_R03C01","MFA_8","NA_10","S","S",FALSE,0.0275313508553421
"GSM5695339_204281260043_R04C01","GSM5695364_204281260043_R08C01","MFA_8","NA_10","S","U",FALSE,0.056031457140388
"GSM5695339_204281260043_R04C01","GSM5695365_204088100053_R04C01","MFA_8","NA_11","S","S",FALSE,0.0259461753039567
"GSM5695339_204281260043_R04C01","GSM5695366_204088100071_R06C01","MFA_8","NA_11","S","U",FALSE,0.028297962917886
"GSM5695339_204281260043_R04C01","GSM5695367_204281260061_R06C01","MFA_8","SFA_9","S","S",FALSE,0.0179169101562592
"GSM5695339_204281260043_R04C01","GSM5695368_204281260043_R05C01","MFA_8","SFA_9","S","U",FALSE,0.0402415864308129
"GSM5695339_204281260043_R04C01","GSM5695369_204273120066_R07C01","MFA_8","SFA_10","S","S",FALSE,0.100746112320531
"GSM5695339_204281260043_R04C01","GSM5695370_204281260063_R07C01","MFA_8","NA_12","S","S",FALSE,0.240997058457431
"GSM5695339_204281260043_R04C01","GSM5695371_204281260061_R03C01","MFA_8","NA_13","S","S",FALSE,0.0753401327106816
"GSM5695339_204281260043_R04C01","GSM5695372_204273120073_R05C01","MFA_8","NA_13","S","U",FALSE,0.0535816196333339
"GSM5695339_204281260043_R04C01","GSM5695373_204281260043_R07C01","MFA_8","SFA_11","S","S",FALSE,0.169086353341145
"GSM5695339_204281260043_R04C01","GSM5695374_204281260043_R03C01","MFA_8","SFA_11","S","U",FALSE,0.176385210683718
"GSM5695339_204281260043_R04C01","GSM5695375_204088100071_R05C01","MFA_8","NA_14","S","S",FALSE,0.431272572788838
"GSM5695339_204281260043_R04C01","GSM5695376_204281260063_R03C01","MFA_8","NA_14","S","U",FALSE,0.412887174628121
"GSM5695339_204281260043_R04C01","GSM5695377_204273120073_R03C01","MFA_8","NA_15","S","S",FALSE,0.10298002372888
"GSM5695339_204281260043_R04C01","GSM5695378_204273120068_R01C01","MFA_8","NA_15","S","U",FALSE,0.104250398343729
"GSM5695339_204281260043_R04C01","GSM5695379_204088100071_R07C01","MFA_8","MFA_13","S","S",FALSE,0.0880724091762677
"GSM5695339_204281260043_R04C01","GSM5695380_204273120068_R03C01","MFA_8","MFA_13","S","U",FALSE,0.0737114416298924
"GSM5695339_204281260043_R04C01","GSM5695381_204273120066_R05C01","MFA_8","NA_16","S","S",FALSE,-0.107138340050848
"GSM5695339_204281260043_R04C01","GSM5695382_204088100082_R03C01","MFA_8","NA_16","S","U",FALSE,-0.0958106836208634
"GSM5695339_204281260043_R04C01","GSM5695383_204281260043_R06C01","MFA_8","MFA_14","S","S",FALSE,0.327438047556867
"GSM5695339_204281260043_R04C01","GSM5695384_204281260063_R06C01","MFA_8","MFA_14","S","U",FALSE,0.327560834148733
"GSM5695339_204281260043_R04C01","GSM5695385_204281260063_R04C01","MFA_8","SFA_12","S","S",FALSE,0.144873773689996
"GSM5695339_204281260043_R04C01","GSM5695386_204273120074_R04C01","MFA_8","SFA_12","S","U",FALSE,0.156143315060098
"GSM5695339_204281260043_R04C01","GSM5695387_204273120073_R01C01","MFA_8","NA_17","S","S",FALSE,0.355877896993866
"GSM5695339_204281260043_R04C01","GSM5695388_204281260063_R05C01","MFA_8","NA_17","S","U",FALSE,0.352012214232445
"GSM5695339_204281260043_R04C01","GSM5695389_204088100082_R06C01","MFA_8","SFA_13","S","S",FALSE,0.30149812446892
"GSM5695339_204281260043_R04C01","GSM5695390_204273120066_R01C01","MFA_8","SFA_13","S","U",FALSE,0.307536413678159
"GSM5695339_204281260043_R04C01","GSM5695391_204281260043_R02C01","MFA_8","MFA_15","S","S",FALSE,0.142905469028901
"GSM5695339_204281260043_R04C01","GSM5695392_204273120073_R06C01","MFA_8","MFA_15","S","U",FALSE,0.134340241943559
"GSM5695340_204273120074_R05C01","GSM5695341_204281260060_R05C01","MFA_8","NA_6","U","S",FALSE,0.351613761178007
"GSM5695340_204273120074_R05C01","GSM5695342_204281260063_R02C01","MFA_8","SFA_5","U","S",FALSE,0.338515327873911
"GSM5695340_204273120074_R05C01","GSM5695343_204273120068_R04C01","MFA_8","SFA_1","U","U",FALSE,0.345706487563897
"GSM5695340_204273120074_R05C01","GSM5695344_204088100053_R01C01","MFA_8","MFA_9","U","S",FALSE,0.108345518562792
"GSM5695340_204273120074_R05C01","GSM5695345_204088100053_R03C01","MFA_8","MFA_9","U","U",FALSE,0.111662145862824
"GSM5695340_204273120074_R05C01","GSM5695346_204273120074_R07C01","MFA_8","MFA_10","U","S",FALSE,0.15074753882394
"GSM5695340_204273120074_R05C01","GSM5695347_204281260061_R08C01","MFA_8","MFA_10","U","U",FALSE,0.13677049432867
"GSM5695340_204273120074_R05C01","GSM5695348_204281260061_R02C01","MFA_8","NA_7","U","S",FALSE,0.238709871175603
"GSM5695340_204273120074_R05C01","GSM5695349_204281260060_R04C01","MFA_8","NA_7","U","U",FALSE,0.23639380170415
"GSM5695340_204273120074_R05C01","GSM5695350_204088100071_R02C01","MFA_8","NA_8","U","S",FALSE,0.15039263113007
"GSM5695340_204273120074_R05C01","GSM5695351_204273120074_R03C01","MFA_8","NA_8","U","U",FALSE,0.131143683007178
"GSM5695340_204273120074_R05C01","GSM5695352_204088100053_R07C01","MFA_8","MFA_11","U","S",FALSE,0.189919847104709
"GSM5695340_204273120074_R05C01","GSM5695353_204273120074_R02C01","MFA_8","MFA_11","U","U",FALSE,0.174242908311789
"GSM5695340_204273120074_R05C01","GSM5695354_204273120066_R03C01","MFA_8","SFA_6","U","S",FALSE,0.124725159768017
"GSM5695340_204273120074_R05C01","GSM5695355_204273120068_R06C01","MFA_8","SFA_6","U","U",FALSE,0.119920050379965
"GSM5695340_204273120074_R05C01","GSM5695356_204273120068_R05C01","MFA_8","NA_9","U","S",FALSE,0.00219747843916588
"GSM5695340_204273120074_R05C01","GSM5695357_204273120066_R06C01","MFA_8","NA_9","U","U",FALSE,-0.0152980664231207
"GSM5695340_204273120074_R05C01","GSM5695358_204273120005_R05C01","MFA_8","MFA_12","U","S",FALSE,0.0766469630661429
"GSM5695340_204273120074_R05C01","GSM5695359_204273120074_R01C01","MFA_8","MFA_12","U","U",FALSE,0.0704645664119649
"GSM5695340_204273120074_R05C01","GSM5695360_204273120005_R06C01","MFA_8","SFA_7","U","U",FALSE,0.101655197639383
"GSM5695340_204273120074_R05C01","GSM5695361_204281260043_R01C01","MFA_8","SFA_8","U","S",FALSE,0.307608723297817
"GSM5695340_204273120074_R05C01","GSM5695362_204088100071_R08C01","MFA_8","SFA_8","U","U",FALSE,0.308481929834119
"GSM5695340_204273120074_R05C01","GSM5695363_204281260060_R03C01","MFA_8","NA_10","U","S",FALSE,0.0443116594576148
"GSM5695340_204273120074_R05C01","GSM5695364_204281260043_R08C01","MFA_8","NA_10","U","U",FALSE,0.0724997001157626
"GSM5695340_204273120074_R05C01","GSM5695365_204088100053_R04C01","MFA_8","NA_11","U","S",FALSE,0.0260811976242868
"GSM5695340_204273120074_R05C01","GSM5695366_204088100071_R06C01","MFA_8","NA_11","U","U",FALSE,0.0274932635630813
"GSM5695340_204273120074_R05C01","GSM5695367_204281260061_R06C01","MFA_8","SFA_9","U","S",FALSE,0.019940416165414
"GSM5695340_204273120074_R05C01","GSM5695368_204281260043_R05C01","MFA_8","SFA_9","U","U",FALSE,0.0417722570708421
"GSM5695340_204273120074_R05C01","GSM5695369_204273120066_R07C01","MFA_8","SFA_10","U","S",FALSE,0.0800326091337231
"GSM5695340_204273120074_R05C01","GSM5695370_204281260063_R07C01","MFA_8","NA_12","U","S",FALSE,0.274082976230387
"GSM5695340_204273120074_R05C01","GSM5695371_204281260061_R03C01","MFA_8","NA_13","U","S",FALSE,0.0897947784393182
"GSM5695340_204273120074_R05C01","GSM5695372_204273120073_R05C01","MFA_8","NA_13","U","U",FALSE,0.0684259396078453
"GSM5695340_204273120074_R05C01","GSM5695373_204281260043_R07C01","MFA_8","SFA_11","U","S",FALSE,0.191362761735457
"GSM5695340_204273120074_R05C01","GSM5695374_204281260043_R03C01","MFA_8","SFA_11","U","U",FALSE,0.1981414603904
"GSM5695340_204273120074_R05C01","GSM5695375_204088100071_R05C01","MFA_8","NA_14","U","S",FALSE,0.431635159440157
"GSM5695340_204273120074_R05C01","GSM5695376_204281260063_R03C01","MFA_8","NA_14","U","U",FALSE,0.409965162425533
"GSM5695340_204273120074_R05C01","GSM5695377_204273120073_R03C01","MFA_8","NA_15","U","S",FALSE,0.116437996719467
"GSM5695340_204273120074_R05C01","GSM5695378_204273120068_R01C01","MFA_8","NA_15","U","U",FALSE,0.119967375508904
"GSM5695340_204273120074_R05C01","GSM5695379_204088100071_R07C01","MFA_8","MFA_13","U","S",FALSE,0.0945067919524455
"GSM5695340_204273120074_R05C01","GSM5695380_204273120068_R03C01","MFA_8","MFA_13","U","U",FALSE,0.0800074246891102
"GSM5695340_204273120074_R05C01","GSM5695381_204273120066_R05C01","MFA_8","NA_16","U","S",FALSE,-0.097525418505355
"GSM5695340_204273120074_R05C01","GSM5695382_204088100082_R03C01","MFA_8","NA_16","U","U",FALSE,-0.0828208284284286
"GSM5695340_204273120074_R05C01","GSM5695383_204281260043_R06C01","MFA_8","MFA_14","U","S",FALSE,0.341034126174324
"GSM5695340_204273120074_R05C01","GSM5695384_204281260063_R06C01","MFA_8","MFA_14","U","U",FALSE,0.344508723827964
"GSM5695340_204273120074_R05C01","GSM5695385_204281260063_R04C01","MFA_8","SFA_12","U","S",FALSE,0.165020978040184
"GSM5695340_204273120074_R05C01","GSM5695386_204273120074_R04C01","MFA_8","SFA_12","U","U",FALSE,0.177460587102808
"GSM5695340_204273120074_R05C01","GSM5695387_204273120073_R01C01","MFA_8","NA_17","U","S",FALSE,0.383278154542181
"GSM5695340_204273120074_R05C01","GSM5695388_204281260063_R05C01","MFA_8","NA_17","U","U",FALSE,0.376043537964906
"GSM5695340_204273120074_R05C01","GSM5695389_204088100082_R06C01","MFA_8","SFA_13","U","S",FALSE,0.331241201508052
"GSM5695340_204273120074_R05C01","GSM5695390_204273120066_R01C01","MFA_8","SFA_13","U","U",FALSE,0.337724972450248
"GSM5695340_204273120074_R05C01","GSM5695391_204281260043_R02C01","MFA_8","MFA_15","U","S",FALSE,0.154313597426958
"GSM5695340_204273120074_R05C01","GSM5695392_204273120073_R06C01","MFA_8","MFA_15","U","U",FALSE,0.146817902538411
"GSM5695341_204281260060_R05C01","GSM5695342_204281260063_R02C01","NA_6","SFA_5","S","S",FALSE,0.0978121698998568
"GSM5695341_204281260060_R05C01","GSM5695343_204273120068_R04C01","NA_6","SFA_1","S","U",FALSE,0.111682953879003
"GSM5695341_204281260060_R05C01","GSM5695344_204088100053_R01C01","NA_6","MFA_9","S","S",FALSE,0.209799959647108
"GSM5695341_204281260060_R05C01","GSM5695345_204088100053_R03C01","NA_6","MFA_9","S","U",FALSE,0.216587639656755
"GSM5695341_204281260060_R05C01","GSM5695346_204273120074_R07C01","NA_6","MFA_10","S","S",FALSE,0.144485819478475
"GSM5695341_204281260060_R05C01","GSM5695347_204281260061_R08C01","NA_6","MFA_10","S","U",FALSE,0.141037142177689
"GSM5695341_204281260060_R05C01","GSM5695348_204281260061_R02C01","NA_6","NA_7","S","S",FALSE,0.310616557642804
"GSM5695341_204281260060_R05C01","GSM5695349_204281260060_R04C01","NA_6","NA_7","S","U",FALSE,0.315736896063476
"GSM5695341_204281260060_R05C01","GSM5695350_204088100071_R02C01","NA_6","NA_8","S","S",FALSE,0.188044652806698
"GSM5695341_204281260060_R05C01","GSM5695351_204273120074_R03C01","NA_6","NA_8","S","U",FALSE,0.194481388876291
"GSM5695341_204281260060_R05C01","GSM5695352_204088100053_R07C01","NA_6","MFA_11","S","S",FALSE,0.229621088861847
"GSM5695341_204281260060_R05C01","GSM5695353_204273120074_R02C01","NA_6","MFA_11","S","U",FALSE,0.215549432819412
"GSM5695341_204281260060_R05C01","GSM5695354_204273120066_R03C01","NA_6","SFA_6","S","S",FALSE,0.258308954104284
"GSM5695341_204281260060_R05C01","GSM5695355_204273120068_R06C01","NA_6","SFA_6","S","U",FALSE,0.258514748465118
"GSM5695341_204281260060_R05C01","GSM5695356_204273120068_R05C01","NA_6","NA_9","S","S",FALSE,0.17960687079709
"GSM5695341_204281260060_R05C01","GSM5695357_204273120066_R06C01","NA_6","NA_9","S","U",FALSE,0.165467454107983
"GSM5695341_204281260060_R05C01","GSM5695358_204273120005_R05C01","NA_6","MFA_12","S","S",FALSE,0.0661620158518537
"GSM5695341_204281260060_R05C01","GSM5695359_204273120074_R01C01","NA_6","MFA_12","S","U",FALSE,0.0769044563506978
"GSM5695341_204281260060_R05C01","GSM5695360_204273120005_R06C01","NA_6","SFA_7","S","U",FALSE,0.35079860668852
"GSM5695341_204281260060_R05C01","GSM5695361_204281260043_R01C01","NA_6","SFA_8","S","S",FALSE,0.290070932678576
"GSM5695341_204281260060_R05C01","GSM5695362_204088100071_R08C01","NA_6","SFA_8","S","U",FALSE,0.289492681293101
"GSM5695341_204281260060_R05C01","GSM5695363_204281260060_R03C01","NA_6","NA_10","S","S",FALSE,0.301668472557426
"GSM5695341_204281260060_R05C01","GSM5695364_204281260043_R08C01","NA_6","NA_10","S","U",FALSE,0.339516395795554
"GSM5695341_204281260060_R05C01","GSM5695365_204088100053_R04C01","NA_6","NA_11","S","S",FALSE,0.0835025124379618
"GSM5695341_204281260060_R05C01","GSM5695366_204088100071_R06C01","NA_6","NA_11","S","U",FALSE,0.0866550755832066
"GSM5695341_204281260060_R05C01","GSM5695367_204281260061_R06C01","NA_6","SFA_9","S","S",FALSE,0.23537302759421
"GSM5695341_204281260060_R05C01","GSM5695368_204281260043_R05C01","NA_6","SFA_9","S","U",FALSE,0.241930438251829
"GSM5695341_204281260060_R05C01","GSM5695369_204273120066_R07C01","NA_6","SFA_10","S","S",FALSE,0.0654500582549442
"GSM5695341_204281260060_R05C01","GSM5695370_204281260063_R07C01","NA_6","NA_12","S","S",FALSE,0.281626175430818
"GSM5695341_204281260060_R05C01","GSM5695371_204281260061_R03C01","NA_6","NA_13","S","S",FALSE,0.147767850003282
"GSM5695341_204281260060_R05C01","GSM5695372_204273120073_R05C01","NA_6","NA_13","S","U",FALSE,0.129344983645315
"GSM5695341_204281260060_R05C01","GSM5695373_204281260043_R07C01","NA_6","SFA_11","S","S",FALSE,0.18221975422815
"GSM5695341_204281260060_R05C01","GSM5695374_204281260043_R03C01","NA_6","SFA_11","S","U",FALSE,0.174694883565952
"GSM5695341_204281260060_R05C01","GSM5695375_204088100071_R05C01","NA_6","NA_14","S","S",FALSE,0.0159888968307547
"GSM5695341_204281260060_R05C01","GSM5695376_204281260063_R03C01","NA_6","NA_14","S","U",FALSE,0.00339850094137908
"GSM5695341_204281260060_R05C01","GSM5695377_204273120073_R03C01","NA_6","NA_15","S","S",FALSE,0.0986038735284226
"GSM5695341_204281260060_R05C01","GSM5695378_204273120068_R01C01","NA_6","NA_15","S","U",FALSE,0.130882792691949
"GSM5695341_204281260060_R05C01","GSM5695379_204088100071_R07C01","NA_6","MFA_13","S","S",FALSE,0.155526307357296
"GSM5695341_204281260060_R05C01","GSM5695380_204273120068_R03C01","NA_6","MFA_13","S","U",FALSE,0.156191001695051
"GSM5695341_204281260060_R05C01","GSM5695381_204273120066_R05C01","NA_6","NA_16","S","S",FALSE,0.0435459653011185
"GSM5695341_204281260060_R05C01","GSM5695382_204088100082_R03C01","NA_6","NA_16","S","U",FALSE,0.0876919649525399
"GSM5695341_204281260060_R05C01","GSM5695383_204281260043_R06C01","NA_6","MFA_14","S","S",FALSE,0.472702272951255
"GSM5695341_204281260060_R05C01","GSM5695384_204281260063_R06C01","NA_6","MFA_14","S","U",FALSE,0.474650114420208
"GSM5695341_204281260060_R05C01","GSM5695385_204281260063_R04C01","NA_6","SFA_12","S","S",FALSE,0.198126629667422
"GSM5695341_204281260060_R05C01","GSM5695386_204273120074_R04C01","NA_6","SFA_12","S","U",FALSE,0.197962839950787
"GSM5695341_204281260060_R05C01","GSM5695387_204273120073_R01C01","NA_6","NA_17","S","S",FALSE,0.0693247874544298
"GSM5695341_204281260060_R05C01","GSM5695388_204281260063_R05C01","NA_6","NA_17","S","U",FALSE,0.0609278465727847
"GSM5695341_204281260060_R05C01","GSM5695389_204088100082_R06C01","NA_6","SFA_13","S","S",FALSE,0.2433992368081
"GSM5695341_204281260060_R05C01","GSM5695390_204273120066_R01C01","NA_6","SFA_13","S","U",FALSE,0.25879622907399
"GSM5695341_204281260060_R05C01","GSM5695391_204281260043_R02C01","NA_6","MFA_15","S","S",FALSE,0.0731615718434453
"GSM5695341_204281260060_R05C01","GSM5695392_204273120073_R06C01","NA_6","MFA_15","S","U",FALSE,0.0400307077223626
"GSM5695342_204281260063_R02C01","GSM5695343_204273120068_R04C01","SFA_5","SFA_1","S","U",FALSE,0.988997537224198
"GSM5695342_204281260063_R02C01","GSM5695344_204088100053_R01C01","SFA_5","MFA_9","S","S",FALSE,0.171692909917701
"GSM5695342_204281260063_R02C01","GSM5695345_204088100053_R03C01","SFA_5","MFA_9","S","U",FALSE,0.179875663745015
"GSM5695342_204281260063_R02C01","GSM5695346_204273120074_R07C01","SFA_5","MFA_10","S","S",FALSE,0.144378814968509
"GSM5695342_204281260063_R02C01","GSM5695347_204281260061_R08C01","SFA_5","MFA_10","S","U",FALSE,0.0987232921325596
"GSM5695342_204281260063_R02C01","GSM5695348_204281260061_R02C01","SFA_5","NA_7","S","S",FALSE,0.332722272455512
"GSM5695342_204281260063_R02C01","GSM5695349_204281260060_R04C01","SFA_5","NA_7","S","U",FALSE,0.310083826378394
"GSM5695342_204281260063_R02C01","GSM5695350_204088100071_R02C01","SFA_5","NA_8","S","S",FALSE,0.452783563365821
"GSM5695342_204281260063_R02C01","GSM5695351_204273120074_R03C01","SFA_5","NA_8","S","U",FALSE,0.391599732901248
"GSM5695342_204281260063_R02C01","GSM5695352_204088100053_R07C01","SFA_5","MFA_11","S","S",FALSE,0.351542254760986
"GSM5695342_204281260063_R02C01","GSM5695353_204273120074_R02C01","SFA_5","MFA_11","S","U",FALSE,0.360247348314349
"GSM5695342_204281260063_R02C01","GSM5695354_204273120066_R03C01","SFA_5","SFA_6","S","S",FALSE,-0.0637722281420784
"GSM5695342_204281260063_R02C01","GSM5695355_204273120068_R06C01","SFA_5","SFA_6","S","U",FALSE,-0.0532088551493725
"GSM5695342_204281260063_R02C01","GSM5695356_204273120068_R05C01","SFA_5","NA_9","S","S",FALSE,0.0690942956628682
"GSM5695342_204281260063_R02C01","GSM5695357_204273120066_R06C01","SFA_5","NA_9","S","U",FALSE,0.078027323007715
"GSM5695342_204281260063_R02C01","GSM5695358_204273120005_R05C01","SFA_5","MFA_12","S","S",FALSE,0.188925991520787
"GSM5695342_204281260063_R02C01","GSM5695359_204273120074_R01C01","SFA_5","MFA_12","S","U",FALSE,0.205563940156887
"GSM5695342_204281260063_R02C01","GSM5695360_204273120005_R06C01","SFA_5","SFA_7","S","U",FALSE,0.174707624527226
"GSM5695342_204281260063_R02C01","GSM5695361_204281260043_R01C01","SFA_5","SFA_8","S","S",FALSE,0.397738199516942
"GSM5695342_204281260063_R02C01","GSM5695362_204088100071_R08C01","SFA_5","SFA_8","S","U",FALSE,0.363276751949418
"GSM5695342_204281260063_R02C01","GSM5695363_204281260060_R03C01","SFA_5","NA_10","S","S",FALSE,0.132629849140723
"GSM5695342_204281260063_R02C01","GSM5695364_204281260043_R08C01","SFA_5","NA_10","S","U",FALSE,0.125326843679771
"GSM5695342_204281260063_R02C01","GSM5695365_204088100053_R04C01","SFA_5","NA_11","S","S",FALSE,0.20017059813342
"GSM5695342_204281260063_R02C01","GSM5695366_204088100071_R06C01","SFA_5","NA_11","S","U",FALSE,0.206112318493687
"GSM5695342_204281260063_R02C01","GSM5695367_204281260061_R06C01","SFA_5","SFA_9","S","S",FALSE,0.127005939025725
"GSM5695342_204281260063_R02C01","GSM5695368_204281260043_R05C01","SFA_5","SFA_9","S","U",FALSE,0.13128793964533
"GSM5695342_204281260063_R02C01","GSM5695369_204273120066_R07C01","SFA_5","SFA_10","S","S",FALSE,0.182818175395476
"GSM5695342_204281260063_R02C01","GSM5695370_204281260063_R07C01","SFA_5","NA_12","S","S",FALSE,0.274952030303386
"GSM5695342_204281260063_R02C01","GSM5695371_204281260061_R03C01","SFA_5","NA_13","S","S",FALSE,0.279034212907898
"GSM5695342_204281260063_R02C01","GSM5695372_204273120073_R05C01","SFA_5","NA_13","S","U",FALSE,0.273481195568534
"GSM5695342_204281260063_R02C01","GSM5695373_204281260043_R07C01","SFA_5","SFA_11","S","S",FALSE,0.272875787697674
"GSM5695342_204281260063_R02C01","GSM5695374_204281260043_R03C01","SFA_5","SFA_11","S","U",FALSE,0.285149941328603
"GSM5695342_204281260063_R02C01","GSM5695375_204088100071_R05C01","SFA_5","NA_14","S","S",FALSE,0.30511223655133
"GSM5695342_204281260063_R02C01","GSM5695376_204281260063_R03C01","SFA_5","NA_14","S","U",FALSE,0.298843568113338
"GSM5695342_204281260063_R02C01","GSM5695377_204273120073_R03C01","SFA_5","NA_15","S","S",FALSE,0.242214542669674
"GSM5695342_204281260063_R02C01","GSM5695378_204273120068_R01C01","SFA_5","NA_15","S","U",FALSE,0.242805242523156
"GSM5695342_204281260063_R02C01","GSM5695379_204088100071_R07C01","SFA_5","MFA_13","S","S",FALSE,0.301849791942954
"GSM5695342_204281260063_R02C01","GSM5695380_204273120068_R03C01","SFA_5","MFA_13","S","U",FALSE,0.28335548446098
"GSM5695342_204281260063_R02C01","GSM5695381_204273120066_R05C01","SFA_5","NA_16","S","S",FALSE,-0.0242940234738418
"GSM5695342_204281260063_R02C01","GSM5695382_204088100082_R03C01","SFA_5","NA_16","S","U",FALSE,-0.0440823269929845
"GSM5695342_204281260063_R02C01","GSM5695383_204281260043_R06C01","SFA_5","MFA_14","S","S",FALSE,0.171365966956204
"GSM5695342_204281260063_R02C01","GSM5695384_204281260063_R06C01","SFA_5","MFA_14","S","U",FALSE,0.175706682739406
"GSM5695342_204281260063_R02C01","GSM5695385_204281260063_R04C01","SFA_5","SFA_12","S","S",FALSE,0.353530761373433
"GSM5695342_204281260063_R02C01","GSM5695386_204273120074_R04C01","SFA_5","SFA_12","S","U",FALSE,0.386003345895071
"GSM5695342_204281260063_R02C01","GSM5695387_204273120073_R01C01","SFA_5","NA_17","S","S",FALSE,0.180435939240426
"GSM5695342_204281260063_R02C01","GSM5695388_204281260063_R05C01","SFA_5","NA_17","S","U",FALSE,0.210885921047416
"GSM5695342_204281260063_R02C01","GSM5695389_204088100082_R06C01","SFA_5","SFA_13","S","S",FALSE,0.527515136270756
"GSM5695342_204281260063_R02C01","GSM5695390_204273120066_R01C01","SFA_5","SFA_13","S","U",FALSE,0.509935718198561
"GSM5695342_204281260063_R02C01","GSM5695391_204281260043_R02C01","SFA_5","MFA_15","S","S",FALSE,0.327698895303926
"GSM5695342_204281260063_R02C01","GSM5695392_204273120073_R06C01","SFA_5","MFA_15","S","U",FALSE,0.313620989870344
"GSM5695343_204273120068_R04C01","GSM5695344_204088100053_R01C01","SFA_1","MFA_9","U","S",FALSE,0.187268619210502
"GSM5695343_204273120068_R04C01","GSM5695345_204088100053_R03C01","SFA_1","MFA_9","U","U",FALSE,0.199136576959485
"GSM5695343_204273120068_R04C01","GSM5695346_204273120074_R07C01","SFA_1","MFA_10","U","S",FALSE,0.131429692899478
"GSM5695343_204273120068_R04C01","GSM5695347_204281260061_R08C01","SFA_1","MFA_10","U","U",FALSE,0.0900045022244085
"GSM5695343_204273120068_R04C01","GSM5695348_204281260061_R02C01","SFA_1","NA_7","U","S",FALSE,0.329332419588107
"GSM5695343_204273120068_R04C01","GSM5695349_204281260060_R04C01","SFA_1","NA_7","U","U",FALSE,0.308822608161808
"GSM5695343_204273120068_R04C01","GSM5695350_204088100071_R02C01","SFA_1","NA_8","U","S",FALSE,0.467049110248215
"GSM5695343_204273120068_R04C01","GSM5695351_204273120074_R03C01","SFA_1","NA_8","U","U",FALSE,0.401824225340195
"GSM5695343_204273120068_R04C01","GSM5695352_204088100053_R07C01","SFA_1","MFA_11","U","S",FALSE,0.383303215683286
"GSM5695343_204273120068_R04C01","GSM5695353_204273120074_R02C01","SFA_1","MFA_11","U","U",FALSE,0.39136666318938
"GSM5695343_204273120068_R04C01","GSM5695354_204273120066_R03C01","SFA_1","SFA_6","U","S",FALSE,-0.0568759139743723
"GSM5695343_204273120068_R04C01","GSM5695355_204273120068_R06C01","SFA_1","SFA_6","U","U",FALSE,-0.0485498928585615
"GSM5695343_204273120068_R04C01","GSM5695356_204273120068_R05C01","SFA_1","NA_9","U","S",FALSE,0.0802850589953472
"GSM5695343_204273120068_R04C01","GSM5695357_204273120066_R06C01","SFA_1","NA_9","U","U",FALSE,0.0854385939936128
"GSM5695343_204273120068_R04C01","GSM5695358_204273120005_R05C01","SFA_1","MFA_12","U","S",FALSE,0.229467657991639
"GSM5695343_204273120068_R04C01","GSM5695359_204273120074_R01C01","SFA_1","MFA_12","U","U",FALSE,0.246781704500879
"GSM5695343_204273120068_R04C01","GSM5695360_204273120005_R06C01","SFA_1","SFA_7","U","U",FALSE,0.158785903740204
"GSM5695343_204273120068_R04C01","GSM5695361_204281260043_R01C01","SFA_1","SFA_8","U","S",FALSE,0.38048871308541
"GSM5695343_204273120068_R04C01","GSM5695362_204088100071_R08C01","SFA_1","SFA_8","U","U",FALSE,0.351504474972153
"GSM5695343_204273120068_R04C01","GSM5695363_204281260060_R03C01","SFA_1","NA_10","U","S",FALSE,0.132108407702226
"GSM5695343_204273120068_R04C01","GSM5695364_204281260043_R08C01","SFA_1","NA_10","U","U",FALSE,0.123821574001305
"GSM5695343_204273120068_R04C01","GSM5695365_204088100053_R04C01","SFA_1","NA_11","U","S",FALSE,0.188887234069908
"GSM5695343_204273120068_R04C01","GSM5695366_204088100071_R06C01","SFA_1","NA_11","U","U",FALSE,0.193370568496493
"GSM5695343_204273120068_R04C01","GSM5695367_204281260061_R06C01","SFA_1","SFA_9","U","S",FALSE,0.122560621733619
"GSM5695343_204273120068_R04C01","GSM5695368_204281260043_R05C01","SFA_1","SFA_9","U","U",FALSE,0.129689778038276
"GSM5695343_204273120068_R04C01","GSM5695369_204273120066_R07C01","SFA_1","SFA_10","U","S",FALSE,0.171377278185203
"GSM5695343_204273120068_R04C01","GSM5695370_204281260063_R07C01","SFA_1","NA_12","U","S",FALSE,0.271346736285868
"GSM5695343_204273120068_R04C01","GSM5695371_204281260061_R03C01","SFA_1","NA_13","U","S",FALSE,0.279605851580088
"GSM5695343_204273120068_R04C01","GSM5695372_204273120073_R05C01","SFA_1","NA_13","U","U",FALSE,0.270744055863945
"GSM5695343_204273120068_R04C01","GSM5695373_204281260043_R07C01","SFA_1","SFA_11","U","S",FALSE,0.291912632840369
"GSM5695343_204273120068_R04C01","GSM5695374_204281260043_R03C01","SFA_1","SFA_11","U","U",FALSE,0.310633703096831
"GSM5695343_204273120068_R04C01","GSM5695375_204088100071_R05C01","SFA_1","NA_14","U","S",FALSE,0.290114882810554
"GSM5695343_204273120068_R04C01","GSM5695376_204281260063_R03C01","SFA_1","NA_14","U","U",FALSE,0.281276004885331
"GSM5695343_204273120068_R04C01","GSM5695377_204273120073_R03C01","SFA_1","NA_15","U","S",FALSE,0.231334641992233
"GSM5695343_204273120068_R04C01","GSM5695378_204273120068_R01C01","SFA_1","NA_15","U","U",FALSE,0.230992039674423
"GSM5695343_204273120068_R04C01","GSM5695379_204088100071_R07C01","SFA_1","MFA_13","U","S",FALSE,0.273537459708194
"GSM5695343_204273120068_R04C01","GSM5695380_204273120068_R03C01","SFA_1","MFA_13","U","U",FALSE,0.255585207710515
"GSM5695343_204273120068_R04C01","GSM5695381_204273120066_R05C01","SFA_1","NA_16","U","S",FALSE,-0.0284050223283426
"GSM5695343_204273120068_R04C01","GSM5695382_204088100082_R03C01","SFA_1","NA_16","U","U",FALSE,-0.0447887995820814
"GSM5695343_204273120068_R04C01","GSM5695383_204281260043_R06C01","SFA_1","MFA_14","U","S",FALSE,0.173248840830514
"GSM5695343_204273120068_R04C01","GSM5695384_204281260063_R06C01","SFA_1","MFA_14","U","U",FALSE,0.178429038996812
"GSM5695343_204273120068_R04C01","GSM5695385_204281260063_R04C01","SFA_1","SFA_12","U","S",FALSE,0.348737565837321
"GSM5695343_204273120068_R04C01","GSM5695386_204273120074_R04C01","SFA_1","SFA_12","U","U",FALSE,0.38112165204546
"GSM5695343_204273120068_R04C01","GSM5695387_204273120073_R01C01","SFA_1","NA_17","U","S",FALSE,0.181811999328739
"GSM5695343_204273120068_R04C01","GSM5695388_204281260063_R05C01","SFA_1","NA_17","U","U",FALSE,0.210371699206987
"GSM5695343_204273120068_R04C01","GSM5695389_204088100082_R06C01","SFA_1","SFA_13","U","S",FALSE,0.506946768837479
"GSM5695343_204273120068_R04C01","GSM5695390_204273120066_R01C01","SFA_1","SFA_13","U","U",FALSE,0.490882784199814
"GSM5695343_204273120068_R04C01","GSM5695391_204281260043_R02C01","SFA_1","MFA_15","U","S",FALSE,0.332518682011103
"GSM5695343_204273120068_R04C01","GSM5695392_204273120073_R06C01","SFA_1","MFA_15","U","U",FALSE,0.319780776881437
"GSM5695344_204088100053_R01C01","GSM5695345_204088100053_R03C01","MFA_9","MFA_9","S","U",TRUE,0.995220444363985
"GSM5695344_204088100053_R01C01","GSM5695346_204273120074_R07C01","MFA_9","MFA_10","S","S",FALSE,-0.0478063886191966
"GSM5695344_204088100053_R01C01","GSM5695347_204281260061_R08C01","MFA_9","MFA_10","S","U",FALSE,-0.0616144129789982
"GSM5695344_204088100053_R01C01","GSM5695348_204281260061_R02C01","MFA_9","NA_7","S","S",FALSE,-0.060122594272024
"GSM5695344_204088100053_R01C01","GSM5695349_204281260060_R04C01","MFA_9","NA_7","S","U",FALSE,-0.0670996129269431
"GSM5695344_204088100053_R01C01","GSM5695350_204088100071_R02C01","MFA_9","NA_8","S","S",FALSE,0.0743924061096406
"GSM5695344_204088100053_R01C01","GSM5695351_204273120074_R03C01","MFA_9","NA_8","S","U",FALSE,-0.00620829775015738
"GSM5695344_204088100053_R01C01","GSM5695352_204088100053_R07C01","MFA_9","MFA_11","S","S",FALSE,0.121348562470517
"GSM5695344_204088100053_R01C01","GSM5695353_204273120074_R02C01","MFA_9","MFA_11","S","U",FALSE,0.109907540117747
"GSM5695344_204088100053_R01C01","GSM5695354_204273120066_R03C01","MFA_9","SFA_6","S","S",FALSE,-0.0709708895918112
"GSM5695344_204088100053_R01C01","GSM5695355_204273120068_R06C01","MFA_9","SFA_6","S","U",FALSE,-0.0779910680784904
"GSM5695344_204088100053_R01C01","GSM5695356_204273120068_R05C01","MFA_9","NA_9","S","S",FALSE,0.134713980244512
"GSM5695344_204088100053_R01C01","GSM5695357_204273120066_R06C01","MFA_9","NA_9","S","U",FALSE,0.137078042840563
"GSM5695344_204088100053_R01C01","GSM5695358_204273120005_R05C01","MFA_9","MFA_12","S","S",FALSE,0.185913047312991
"GSM5695344_204088100053_R01C01","GSM5695359_204273120074_R01C01","MFA_9","MFA_12","S","U",FALSE,0.174977270409455
"GSM5695344_204088100053_R01C01","GSM5695360_204273120005_R06C01","MFA_9","SFA_7","S","U",FALSE,0.215655658955059
"GSM5695344_204088100053_R01C01","GSM5695361_204281260043_R01C01","MFA_9","SFA_8","S","S",FALSE,0.176856132651822
"GSM5695344_204088100053_R01C01","GSM5695362_204088100071_R08C01","MFA_9","SFA_8","S","U",FALSE,0.19035702050087
"GSM5695344_204088100053_R01C01","GSM5695363_204281260060_R03C01","MFA_9","NA_10","S","S",FALSE,-0.01436607483871
"GSM5695344_204088100053_R01C01","GSM5695364_204281260043_R08C01","MFA_9","NA_10","S","U",FALSE,0.0308806618907836
"GSM5695344_204088100053_R01C01","GSM5695365_204088100053_R04C01","MFA_9","NA_11","S","S",FALSE,0.0700775327502116
"GSM5695344_204088100053_R01C01","GSM5695366_204088100071_R06C01","MFA_9","NA_11","S","U",FALSE,0.0657811434308773
"GSM5695344_204088100053_R01C01","GSM5695367_204281260061_R06C01","MFA_9","SFA_9","S","S",FALSE,0.150133028303771
"GSM5695344_204088100053_R01C01","GSM5695368_204281260043_R05C01","MFA_9","SFA_9","S","U",FALSE,0.140881232312643
"GSM5695344_204088100053_R01C01","GSM5695369_204273120066_R07C01","MFA_9","SFA_10","S","S",FALSE,0.00148372254646518
"GSM5695344_204088100053_R01C01","GSM5695370_204281260063_R07C01","MFA_9","NA_12","S","S",FALSE,0.0662772248010199
"GSM5695344_204088100053_R01C01","GSM5695371_204281260061_R03C01","MFA_9","NA_13","S","S",FALSE,0.232499820991202
"GSM5695344_204088100053_R01C01","GSM5695372_204273120073_R05C01","MFA_9","NA_13","S","U",FALSE,0.22147325693201
"GSM5695344_204088100053_R01C01","GSM5695373_204281260043_R07C01","MFA_9","SFA_11","S","S",FALSE,0.300359139932028
"GSM5695344_204088100053_R01C01","GSM5695374_204281260043_R03C01","MFA_9","SFA_11","S","U",FALSE,0.301622266473053
"GSM5695344_204088100053_R01C01","GSM5695375_204088100071_R05C01","MFA_9","NA_14","S","S",FALSE,0.219406641301245
"GSM5695344_204088100053_R01C01","GSM5695376_204281260063_R03C01","MFA_9","NA_14","S","U",FALSE,0.191763662194634
"GSM5695344_204088100053_R01C01","GSM5695377_204273120073_R03C01","MFA_9","NA_15","S","S",FALSE,0.0907888438827736
"GSM5695344_204088100053_R01C01","GSM5695378_204273120068_R01C01","MFA_9","NA_15","S","U",FALSE,0.0858227860163621
"GSM5695344_204088100053_R01C01","GSM5695379_204088100071_R07C01","MFA_9","MFA_13","S","S",FALSE,0.27259326161749
"GSM5695344_204088100053_R01C01","GSM5695380_204273120068_R03C01","MFA_9","MFA_13","S","U",FALSE,0.274908548380878
"GSM5695344_204088100053_R01C01","GSM5695381_204273120066_R05C01","MFA_9","NA_16","S","S",FALSE,0.0168167396545252
"GSM5695344_204088100053_R01C01","GSM5695382_204088100082_R03C01","MFA_9","NA_16","S","U",FALSE,0.0124016851181496
"GSM5695344_204088100053_R01C01","GSM5695383_204281260043_R06C01","MFA_9","MFA_14","S","S",FALSE,0.347391929093028
"GSM5695344_204088100053_R01C01","GSM5695384_204281260063_R06C01","MFA_9","MFA_14","S","U",FALSE,0.324984924018189
"GSM5695344_204088100053_R01C01","GSM5695385_204281260063_R04C01","MFA_9","SFA_12","S","S",FALSE,0.0177735171966147
"GSM5695344_204088100053_R01C01","GSM5695386_204273120074_R04C01","MFA_9","SFA_12","S","U",FALSE,-0.00123597428002799
"GSM5695344_204088100053_R01C01","GSM5695387_204273120073_R01C01","MFA_9","NA_17","S","S",FALSE,0.143197467423576
"GSM5695344_204088100053_R01C01","GSM5695388_204281260063_R05C01","MFA_9","NA_17","S","U",FALSE,0.145930505598149
"GSM5695344_204088100053_R01C01","GSM5695389_204088100082_R06C01","MFA_9","SFA_13","S","S",FALSE,0.172989168297408
"GSM5695344_204088100053_R01C01","GSM5695390_204273120066_R01C01","MFA_9","SFA_13","S","U",FALSE,0.171469841306529
"GSM5695344_204088100053_R01C01","GSM5695391_204281260043_R02C01","MFA_9","MFA_15","S","S",FALSE,0.204368710631005
"GSM5695344_204088100053_R01C01","GSM5695392_204273120073_R06C01","MFA_9","MFA_15","S","U",FALSE,0.152407358616086
"GSM5695345_204088100053_R03C01","GSM5695346_204273120074_R07C01","MFA_9","MFA_10","U","S",FALSE,-0.0428152313898687
"GSM5695345_204088100053_R03C01","GSM5695347_204281260061_R08C01","MFA_9","MFA_10","U","U",FALSE,-0.0559939442595634
"GSM5695345_204088100053_R03C01","GSM5695348_204281260061_R02C01","MFA_9","NA_7","U","S",FALSE,-0.0559160167861383
"GSM5695345_204088100053_R03C01","GSM5695349_204281260060_R04C01","MFA_9","NA_7","U","U",FALSE,-0.0632798459585239
"GSM5695345_204088100053_R03C01","GSM5695350_204088100071_R02C01","MFA_9","NA_8","U","S",FALSE,0.0641276677646601
"GSM5695345_204088100053_R03C01","GSM5695351_204273120074_R03C01","MFA_9","NA_8","U","U",FALSE,-0.012785157954042
"GSM5695345_204088100053_R03C01","GSM5695352_204088100053_R07C01","MFA_9","MFA_11","U","S",FALSE,0.139125992155535
"GSM5695345_204088100053_R03C01","GSM5695353_204273120074_R02C01","MFA_9","MFA_11","U","U",FALSE,0.127704316539073
"GSM5695345_204088100053_R03C01","GSM5695354_204273120066_R03C01","MFA_9","SFA_6","U","S",FALSE,-0.0677850597389001
"GSM5695345_204088100053_R03C01","GSM5695355_204273120068_R06C01","MFA_9","SFA_6","U","U",FALSE,-0.0757596985738978
"GSM5695345_204088100053_R03C01","GSM5695356_204273120068_R05C01","MFA_9","NA_9","U","S",FALSE,0.137222596940778
"GSM5695345_204088100053_R03C01","GSM5695357_204273120066_R06C01","MFA_9","NA_9","U","U",FALSE,0.138333770376316
"GSM5695345_204088100053_R03C01","GSM5695358_204273120005_R05C01","MFA_9","MFA_12","U","S",FALSE,0.176322015411862
"GSM5695345_204088100053_R03C01","GSM5695359_204273120074_R01C01","MFA_9","MFA_12","U","U",FALSE,0.166211364297669
"GSM5695345_204088100053_R03C01","GSM5695360_204273120005_R06C01","MFA_9","SFA_7","U","U",FALSE,0.217698401988692
"GSM5695345_204088100053_R03C01","GSM5695361_204281260043_R01C01","MFA_9","SFA_8","U","S",FALSE,0.177785247233492
"GSM5695345_204088100053_R03C01","GSM5695362_204088100071_R08C01","MFA_9","SFA_8","U","U",FALSE,0.193734960366283
"GSM5695345_204088100053_R03C01","GSM5695363_204281260060_R03C01","MFA_9","NA_10","U","S",FALSE,-0.00803717184292101
"GSM5695345_204088100053_R03C01","GSM5695364_204281260043_R08C01","MFA_9","NA_10","U","U",FALSE,0.0360294206737257
"GSM5695345_204088100053_R03C01","GSM5695365_204088100053_R04C01","MFA_9","NA_11","U","S",FALSE,0.0870601030537043
"GSM5695345_204088100053_R03C01","GSM5695366_204088100071_R06C01","MFA_9","NA_11","U","U",FALSE,0.0826591573261039
"GSM5695345_204088100053_R03C01","GSM5695367_204281260061_R06C01","MFA_9","SFA_9","U","S",FALSE,0.14676765254805
"GSM5695345_204088100053_R03C01","GSM5695368_204281260043_R05C01","MFA_9","SFA_9","U","U",FALSE,0.140314965098088
"GSM5695345_204088100053_R03C01","GSM5695369_204273120066_R07C01","MFA_9","SFA_10","U","S",FALSE,0.00148061859551451
"GSM5695345_204088100053_R03C01","GSM5695370_204281260063_R07C01","MFA_9","NA_12","U","S",FALSE,0.0682910187148149
"GSM5695345_204088100053_R03C01","GSM5695371_204281260061_R03C01","MFA_9","NA_13","U","S",FALSE,0.228464013459419
"GSM5695345_204088100053_R03C01","GSM5695372_204273120073_R05C01","MFA_9","NA_13","U","U",FALSE,0.215612158860144
"GSM5695345_204088100053_R03C01","GSM5695373_204281260043_R07C01","MFA_9","SFA_11","U","S",FALSE,0.292032685447927
"GSM5695345_204088100053_R03C01","GSM5695374_204281260043_R03C01","MFA_9","SFA_11","U","U",FALSE,0.297342398465545
"GSM5695345_204088100053_R03C01","GSM5695375_204088100071_R05C01","MFA_9","NA_14","U","S",FALSE,0.219253823461545
"GSM5695345_204088100053_R03C01","GSM5695376_204281260063_R03C01","MFA_9","NA_14","U","U",FALSE,0.192028941490857
"GSM5695345_204088100053_R03C01","GSM5695377_204273120073_R03C01","MFA_9","NA_15","U","S",FALSE,0.092289346044543
"GSM5695345_204088100053_R03C01","GSM5695378_204273120068_R01C01","MFA_9","NA_15","U","U",FALSE,0.0871750246748155
"GSM5695345_204088100053_R03C01","GSM5695379_204088100071_R07C01","MFA_9","MFA_13","U","S",FALSE,0.260084227651124
"GSM5695345_204088100053_R03C01","GSM5695380_204273120068_R03C01","MFA_9","MFA_13","U","U",FALSE,0.263319470478467
"GSM5695345_204088100053_R03C01","GSM5695381_204273120066_R05C01","MFA_9","NA_16","U","S",FALSE,0.011400270223364
"GSM5695345_204088100053_R03C01","GSM5695382_204088100082_R03C01","MFA_9","NA_16","U","U",FALSE,0.0088571660531088
"GSM5695345_204088100053_R03C01","GSM5695383_204281260043_R06C01","MFA_9","MFA_14","U","S",FALSE,0.35640337141058
"GSM5695345_204088100053_R03C01","GSM5695384_204281260063_R06C01","MFA_9","MFA_14","U","U",FALSE,0.331490368242412
"GSM5695345_204088100053_R03C01","GSM5695385_204281260063_R04C01","MFA_9","SFA_12","U","S",FALSE,0.032794693336394
"GSM5695345_204088100053_R03C01","GSM5695386_204273120074_R04C01","MFA_9","SFA_12","U","U",FALSE,0.0146525689936215
"GSM5695345_204088100053_R03C01","GSM5695387_204273120073_R01C01","MFA_9","NA_17","U","S",FALSE,0.160333552196407
"GSM5695345_204088100053_R03C01","GSM5695388_204281260063_R05C01","MFA_9","NA_17","U","U",FALSE,0.163471006714553
"GSM5695345_204088100053_R03C01","GSM5695389_204088100082_R06C01","MFA_9","SFA_13","U","S",FALSE,0.191740164890563
"GSM5695345_204088100053_R03C01","GSM5695390_204273120066_R01C01","MFA_9","SFA_13","U","U",FALSE,0.189688393431763
"GSM5695345_204088100053_R03C01","GSM5695391_204281260043_R02C01","MFA_9","MFA_15","U","S",FALSE,0.193097292428749
"GSM5695345_204088100053_R03C01","GSM5695392_204273120073_R06C01","MFA_9","MFA_15","U","U",FALSE,0.142566044610954
"GSM5695346_204273120074_R07C01","GSM5695347_204281260061_R08C01","MFA_10","MFA_10","S","U",TRUE,0.986094371145058
"GSM5695346_204273120074_R07C01","GSM5695348_204281260061_R02C01","MFA_10","NA_7","S","S",FALSE,0.389683441688275
"GSM5695346_204273120074_R07C01","GSM5695349_204281260060_R04C01","MFA_10","NA_7","S","U",FALSE,0.390970228548157
"GSM5695346_204273120074_R07C01","GSM5695350_204088100071_R02C01","MFA_10","NA_8","S","S",FALSE,0.254305257842588
"GSM5695346_204273120074_R07C01","GSM5695351_204273120074_R03C01","MFA_10","NA_8","S","U",FALSE,0.23459276431048
"GSM5695346_204273120074_R07C01","GSM5695352_204088100053_R07C01","MFA_10","MFA_11","S","S",FALSE,0.0845932882374638
"GSM5695346_204273120074_R07C01","GSM5695353_204273120074_R02C01","MFA_10","MFA_11","S","U",FALSE,0.0875440249054855
"GSM5695346_204273120074_R07C01","GSM5695354_204273120066_R03C01","MFA_10","SFA_6","S","S",FALSE,0.305733754927197
"GSM5695346_204273120074_R07C01","GSM5695355_204273120068_R06C01","MFA_10","SFA_6","S","U",FALSE,0.314052710360448
"GSM5695346_204273120074_R07C01","GSM5695356_204273120068_R05C01","MFA_10","NA_9","S","S",FALSE,0.106422194209929
"GSM5695346_204273120074_R07C01","GSM5695357_204273120066_R06C01","MFA_10","NA_9","S","U",FALSE,0.122278024085197
"GSM5695346_204273120074_R07C01","GSM5695358_204273120005_R05C01","MFA_10","MFA_12","S","S",FALSE,0.10947719775795
"GSM5695346_204273120074_R07C01","GSM5695359_204273120074_R01C01","MFA_10","MFA_12","S","U",FALSE,0.100800089094383
"GSM5695346_204273120074_R07C01","GSM5695360_204273120005_R06C01","MFA_10","SFA_7","S","U",FALSE,0.229278009395842
"GSM5695346_204273120074_R07C01","GSM5695361_204281260043_R01C01","MFA_10","SFA_8","S","S",FALSE,0.237523677331604
"GSM5695346_204273120074_R07C01","GSM5695362_204088100071_R08C01","MFA_10","SFA_8","S","U",FALSE,0.212662055832541
"GSM5695346_204273120074_R07C01","GSM5695363_204281260060_R03C01","MFA_10","NA_10","S","S",FALSE,0.314774926377508
"GSM5695346_204273120074_R07C01","GSM5695364_204281260043_R08C01","MFA_10","NA_10","S","U",FALSE,0.338454950326318
"GSM5695346_204273120074_R07C01","GSM5695365_204088100053_R04C01","MFA_10","NA_11","S","S",FALSE,0.219928833857865
"GSM5695346_204273120074_R07C01","GSM5695366_204088100071_R06C01","MFA_10","NA_11","S","U",FALSE,0.211447340434785
"GSM5695346_204273120074_R07C01","GSM5695367_204281260061_R06C01","MFA_10","SFA_9","S","S",FALSE,0.159121233665924
"GSM5695346_204273120074_R07C01","GSM5695368_204281260043_R05C01","MFA_10","SFA_9","S","U",FALSE,0.165280163264646
"GSM5695346_204273120074_R07C01","GSM5695369_204273120066_R07C01","MFA_10","SFA_10","S","S",FALSE,0.101611802556261
"GSM5695346_204273120074_R07C01","GSM5695370_204281260063_R07C01","MFA_10","NA_12","S","S",FALSE,0.0845305715353138
"GSM5695346_204273120074_R07C01","GSM5695371_204281260061_R03C01","MFA_10","NA_13","S","S",FALSE,-0.036927538985064
"GSM5695346_204273120074_R07C01","GSM5695372_204273120073_R05C01","MFA_10","NA_13","S","U",FALSE,-0.0484987584419078
"GSM5695346_204273120074_R07C01","GSM5695373_204281260043_R07C01","MFA_10","SFA_11","S","S",FALSE,-0.0162913884125506
"GSM5695346_204273120074_R07C01","GSM5695374_204281260043_R03C01","MFA_10","SFA_11","S","U",FALSE,-0.0179322126307705
"GSM5695346_204273120074_R07C01","GSM5695375_204088100071_R05C01","MFA_10","NA_14","S","S",FALSE,0.20042739790238
"GSM5695346_204273120074_R07C01","GSM5695376_204281260063_R03C01","MFA_10","NA_14","S","U",FALSE,0.162914507901198
"GSM5695346_204273120074_R07C01","GSM5695377_204273120073_R03C01","MFA_10","NA_15","S","S",FALSE,0.146831344958858
"GSM5695346_204273120074_R07C01","GSM5695378_204273120068_R01C01","MFA_10","NA_15","S","U",FALSE,0.147884107801046
"GSM5695346_204273120074_R07C01","GSM5695379_204088100071_R07C01","MFA_10","MFA_13","S","S",FALSE,0.101772905018716
"GSM5695346_204273120074_R07C01","GSM5695380_204273120068_R03C01","MFA_10","MFA_13","S","U",FALSE,0.085285490329514
"GSM5695346_204273120074_R07C01","GSM5695381_204273120066_R05C01","MFA_10","NA_16","S","S",FALSE,-0.276350927667852
"GSM5695346_204273120074_R07C01","GSM5695382_204088100082_R03C01","MFA_10","NA_16","S","U",FALSE,-0.273178814943073
"GSM5695346_204273120074_R07C01","GSM5695383_204281260043_R06C01","MFA_10","MFA_14","S","S",FALSE,0.130601798012826
"GSM5695346_204273120074_R07C01","GSM5695384_204281260063_R06C01","MFA_10","MFA_14","S","U",FALSE,0.120167484237136
"GSM5695346_204273120074_R07C01","GSM5695385_204281260063_R04C01","MFA_10","SFA_12","S","S",FALSE,0.201072073258411
"GSM5695346_204273120074_R07C01","GSM5695386_204273120074_R04C01","MFA_10","SFA_12","S","U",FALSE,0.216285982150925
"GSM5695346_204273120074_R07C01","GSM5695387_204273120073_R01C01","MFA_10","NA_17","S","S",FALSE,0.281297813431509
"GSM5695346_204273120074_R07C01","GSM5695388_204281260063_R05C01","MFA_10","NA_17","S","U",FALSE,0.278646177505605
"GSM5695346_204273120074_R07C01","GSM5695389_204088100082_R06C01","MFA_10","SFA_13","S","S",FALSE,0.174317279205552
"GSM5695346_204273120074_R07C01","GSM5695390_204273120066_R01C01","MFA_10","SFA_13","S","U",FALSE,0.172908880898391
"GSM5695346_204273120074_R07C01","GSM5695391_204281260043_R02C01","MFA_10","MFA_15","S","S",FALSE,0.29216286535354
"GSM5695346_204273120074_R07C01","GSM5695392_204273120073_R06C01","MFA_10","MFA_15","S","U",FALSE,0.255816871635332
"GSM5695347_204281260061_R08C01","GSM5695348_204281260061_R02C01","MFA_10","NA_7","U","S",FALSE,0.377537347241774
"GSM5695347_204281260061_R08C01","GSM5695349_204281260060_R04C01","MFA_10","NA_7","U","U",FALSE,0.381249724654781
"GSM5695347_204281260061_R08C01","GSM5695350_204088100071_R02C01","MFA_10","NA_8","U","S",FALSE,0.241155990418333
"GSM5695347_204281260061_R08C01","GSM5695351_204273120074_R03C01","MFA_10","NA_8","U","U",FALSE,0.229633927428285
"GSM5695347_204281260061_R08C01","GSM5695352_204088100053_R07C01","MFA_10","MFA_11","U","S",FALSE,0.0560988124865775
"GSM5695347_204281260061_R08C01","GSM5695353_204273120074_R02C01","MFA_10","MFA_11","U","U",FALSE,0.0617099686658986
"GSM5695347_204281260061_R08C01","GSM5695354_204273120066_R03C01","MFA_10","SFA_6","U","S",FALSE,0.272166923906572
"GSM5695347_204281260061_R08C01","GSM5695355_204273120068_R06C01","MFA_10","SFA_6","U","U",FALSE,0.280920706205736
"GSM5695347_204281260061_R08C01","GSM5695356_204273120068_R05C01","MFA_10","NA_9","U","S",FALSE,0.117449755763316
"GSM5695347_204281260061_R08C01","GSM5695357_204273120066_R06C01","MFA_10","NA_9","U","U",FALSE,0.131444370302273
"GSM5695347_204281260061_R08C01","GSM5695358_204273120005_R05C01","MFA_10","MFA_12","U","S",FALSE,0.0784851492333102
"GSM5695347_204281260061_R08C01","GSM5695359_204273120074_R01C01","MFA_10","MFA_12","U","U",FALSE,0.0724348742239761
"GSM5695347_204281260061_R08C01","GSM5695360_204273120005_R06C01","MFA_10","SFA_7","U","U",FALSE,0.219421370161888
"GSM5695347_204281260061_R08C01","GSM5695361_204281260043_R01C01","MFA_10","SFA_8","U","S",FALSE,0.216705752307892
"GSM5695347_204281260061_R08C01","GSM5695362_204088100071_R08C01","MFA_10","SFA_8","U","U",FALSE,0.191567252898278
"GSM5695347_204281260061_R08C01","GSM5695363_204281260060_R03C01","MFA_10","NA_10","U","S",FALSE,0.323375817835354
"GSM5695347_204281260061_R08C01","GSM5695364_204281260043_R08C01","MFA_10","NA_10","U","U",FALSE,0.351484067571206
"GSM5695347_204281260061_R08C01","GSM5695365_204088100053_R04C01","MFA_10","NA_11","U","S",FALSE,0.210613601685852
"GSM5695347_204281260061_R08C01","GSM5695366_204088100071_R06C01","MFA_10","NA_11","U","U",FALSE,0.199111474840249
"GSM5695347_204281260061_R08C01","GSM5695367_204281260061_R06C01","MFA_10","SFA_9","U","S",FALSE,0.153935806405433
"GSM5695347_204281260061_R08C01","GSM5695368_204281260043_R05C01","MFA_10","SFA_9","U","U",FALSE,0.157501105286582
"GSM5695347_204281260061_R08C01","GSM5695369_204273120066_R07C01","MFA_10","SFA_10","U","S",FALSE,0.0850240264201597
"GSM5695347_204281260061_R08C01","GSM5695370_204281260063_R07C01","MFA_10","NA_12","U","S",FALSE,0.116758460637784
"GSM5695347_204281260061_R08C01","GSM5695371_204281260061_R03C01","MFA_10","NA_13","U","S",FALSE,-0.021117727132399
"GSM5695347_204281260061_R08C01","GSM5695372_204273120073_R05C01","MFA_10","NA_13","U","U",FALSE,-0.0318037597220853
"GSM5695347_204281260061_R08C01","GSM5695373_204281260043_R07C01","MFA_10","SFA_11","U","S",FALSE,-0.027244466715897
"GSM5695347_204281260061_R08C01","GSM5695374_204281260043_R03C01","MFA_10","SFA_11","U","U",FALSE,-0.0281944748079545
"GSM5695347_204281260061_R08C01","GSM5695375_204088100071_R05C01","MFA_10","NA_14","U","S",FALSE,0.164839653432664
"GSM5695347_204281260061_R08C01","GSM5695376_204281260063_R03C01","MFA_10","NA_14","U","U",FALSE,0.131151640962782
"GSM5695347_204281260061_R08C01","GSM5695377_204273120073_R03C01","MFA_10","NA_15","U","S",FALSE,0.140533264288842
"GSM5695347_204281260061_R08C01","GSM5695378_204273120068_R01C01","MFA_10","NA_15","U","U",FALSE,0.138893456621337
"GSM5695347_204281260061_R08C01","GSM5695379_204088100071_R07C01","MFA_10","MFA_13","U","S",FALSE,0.0622939531797884
"GSM5695347_204281260061_R08C01","GSM5695380_204273120068_R03C01","MFA_10","MFA_13","U","U",FALSE,0.0457057322983118
"GSM5695347_204281260061_R08C01","GSM5695381_204273120066_R05C01","MFA_10","NA_16","U","S",FALSE,-0.283530868600215
"GSM5695347_204281260061_R08C01","GSM5695382_204088100082_R03C01","MFA_10","NA_16","U","U",FALSE,-0.280789137402031
"GSM5695347_204281260061_R08C01","GSM5695383_204281260043_R06C01","MFA_10","MFA_14","U","S",FALSE,0.160311419991574
"GSM5695347_204281260061_R08C01","GSM5695384_204281260063_R06C01","MFA_10","MFA_14","U","U",FALSE,0.154620934288649
"GSM5695347_204281260061_R08C01","GSM5695385_204281260063_R04C01","MFA_10","SFA_12","U","S",FALSE,0.199999046489877
"GSM5695347_204281260061_R08C01","GSM5695386_204273120074_R04C01","MFA_10","SFA_12","U","U",FALSE,0.210980604220436
"GSM5695347_204281260061_R08C01","GSM5695387_204273120073_R01C01","MFA_10","NA_17","U","S",FALSE,0.266215220227059
"GSM5695347_204281260061_R08C01","GSM5695388_204281260063_R05C01","MFA_10","NA_17","U","U",FALSE,0.264021824905719
"GSM5695347_204281260061_R08C01","GSM5695389_204088100082_R06C01","MFA_10","SFA_13","U","S",FALSE,0.166330721004906
"GSM5695347_204281260061_R08C01","GSM5695390_204273120066_R01C01","MFA_10","SFA_13","U","U",FALSE,0.168978222125349
"GSM5695347_204281260061_R08C01","GSM5695391_204281260043_R02C01","MFA_10","MFA_15","U","S",FALSE,0.268374458483948
"GSM5695347_204281260061_R08C01","GSM5695392_204273120073_R06C01","MFA_10","MFA_15","U","U",FALSE,0.231791360497015
"GSM5695348_204281260061_R02C01","GSM5695349_204281260060_R04C01","NA_7","NA_7","S","U",TRUE,0.995685443779519
"GSM5695348_204281260061_R02C01","GSM5695350_204088100071_R02C01","NA_7","NA_8","S","S",FALSE,0.401513189259989
"GSM5695348_204281260061_R02C01","GSM5695351_204273120074_R03C01","NA_7","NA_8","S","U",FALSE,0.427858529963175
"GSM5695348_204281260061_R02C01","GSM5695352_204088100053_R07C01","NA_7","MFA_11","S","S",FALSE,0.291112094449437
"GSM5695348_204281260061_R02C01","GSM5695353_204273120074_R02C01","NA_7","MFA_11","S","U",FALSE,0.285069135624123
"GSM5695348_204281260061_R02C01","GSM5695354_204273120066_R03C01","NA_7","SFA_6","S","S",FALSE,0.150568744975138
"GSM5695348_204281260061_R02C01","GSM5695355_204273120068_R06C01","NA_7","SFA_6","S","U",FALSE,0.160577950173465
"GSM5695348_204281260061_R02C01","GSM5695356_204273120068_R05C01","NA_7","NA_9","S","S",FALSE,0.285836581302094
"GSM5695348_204281260061_R02C01","GSM5695357_204273120066_R06C01","NA_7","NA_9","S","U",FALSE,0.287504157182736
"GSM5695348_204281260061_R02C01","GSM5695358_204273120005_R05C01","NA_7","MFA_12","S","S",FALSE,-0.0212714481611474
"GSM5695348_204281260061_R02C01","GSM5695359_204273120074_R01C01","NA_7","MFA_12","S","U",FALSE,-0.012665995278088
"GSM5695348_204281260061_R02C01","GSM5695360_204273120005_R06C01","NA_7","SFA_7","S","U",FALSE,0.318218691177899
"GSM5695348_204281260061_R02C01","GSM5695361_204281260043_R01C01","NA_7","SFA_8","S","S",FALSE,0.196754038490563
"GSM5695348_204281260061_R02C01","GSM5695362_204088100071_R08C01","NA_7","SFA_8","S","U",FALSE,0.18064499338011
"GSM5695348_204281260061_R02C01","GSM5695363_204281260060_R03C01","NA_7","NA_10","S","S",FALSE,0.147163806180612
"GSM5695348_204281260061_R02C01","GSM5695364_204281260043_R08C01","NA_7","NA_10","S","U",FALSE,0.175821788022584
"GSM5695348_204281260061_R02C01","GSM5695365_204088100053_R04C01","NA_7","NA_11","S","S",FALSE,-0.109452271689644
"GSM5695348_204281260061_R02C01","GSM5695366_204088100071_R06C01","NA_7","NA_11","S","U",FALSE,-0.0954958443738662
"GSM5695348_204281260061_R02C01","GSM5695367_204281260061_R06C01","NA_7","SFA_9","S","S",FALSE,0.0436277292637172
"GSM5695348_204281260061_R02C01","GSM5695368_204281260043_R05C01","NA_7","SFA_9","S","U",FALSE,0.057587236506208
"GSM5695348_204281260061_R02C01","GSM5695369_204273120066_R07C01","NA_7","SFA_10","S","S",FALSE,0.0959759935436288
"GSM5695348_204281260061_R02C01","GSM5695370_204281260063_R07C01","NA_7","NA_12","S","S",FALSE,0.132021748002233
"GSM5695348_204281260061_R02C01","GSM5695371_204281260061_R03C01","NA_7","NA_13","S","S",FALSE,0.0862534227253678
"GSM5695348_204281260061_R02C01","GSM5695372_204273120073_R05C01","NA_7","NA_13","S","U",FALSE,0.0808999268538603
"GSM5695348_204281260061_R02C01","GSM5695373_204281260043_R07C01","NA_7","SFA_11","S","S",FALSE,0.0163430109136471
"GSM5695348_204281260061_R02C01","GSM5695374_204281260043_R03C01","NA_7","SFA_11","S","U",FALSE,0.0443806657011459
"GSM5695348_204281260061_R02C01","GSM5695375_204088100071_R05C01","NA_7","NA_14","S","S",FALSE,0.0556910365449678
"GSM5695348_204281260061_R02C01","GSM5695376_204281260063_R03C01","NA_7","NA_14","S","U",FALSE,0.04357256727289
"GSM5695348_204281260061_R02C01","GSM5695377_204273120073_R03C01","NA_7","NA_15","S","S",FALSE,0.0456735134163403
"GSM5695348_204281260061_R02C01","GSM5695378_204273120068_R01C01","NA_7","NA_15","S","U",FALSE,0.0387050166157246
"GSM5695348_204281260061_R02C01","GSM5695379_204088100071_R07C01","NA_7","MFA_13","S","S",FALSE,0.282660075908282
"GSM5695348_204281260061_R02C01","GSM5695380_204273120068_R03C01","NA_7","MFA_13","S","U",FALSE,0.281646889283229
"GSM5695348_204281260061_R02C01","GSM5695381_204273120066_R05C01","NA_7","NA_16","S","S",FALSE,-0.093256431243874
"GSM5695348_204281260061_R02C01","GSM5695382_204088100082_R03C01","NA_7","NA_16","S","U",FALSE,-0.103596153915645
"GSM5695348_204281260061_R02C01","GSM5695383_204281260043_R06C01","NA_7","MFA_14","S","S",FALSE,0.167042788420778
"GSM5695348_204281260061_R02C01","GSM5695384_204281260063_R06C01","NA_7","MFA_14","S","U",FALSE,0.160915869281085
"GSM5695348_204281260061_R02C01","GSM5695385_204281260063_R04C01","NA_7","SFA_12","S","S",FALSE,0.263796300574314
"GSM5695348_204281260061_R02C01","GSM5695386_204273120074_R04C01","NA_7","SFA_12","S","U",FALSE,0.267778147398042
"GSM5695348_204281260061_R02C01","GSM5695387_204273120073_R01C01","NA_7","NA_17","S","S",FALSE,0.104977005023796
"GSM5695348_204281260061_R02C01","GSM5695388_204281260063_R05C01","NA_7","NA_17","S","U",FALSE,0.117488113112581
"GSM5695348_204281260061_R02C01","GSM5695389_204088100082_R06C01","NA_7","SFA_13","S","S",FALSE,0.418521367593834
"GSM5695348_204281260061_R02C01","GSM5695390_204273120066_R01C01","NA_7","SFA_13","S","U",FALSE,0.423487746881759
"GSM5695348_204281260061_R02C01","GSM5695391_204281260043_R02C01","NA_7","MFA_15","S","S",FALSE,0.467978032448692
"GSM5695348_204281260061_R02C01","GSM5695392_204273120073_R06C01","NA_7","MFA_15","S","U",FALSE,0.42890798418534
"GSM5695349_204281260060_R04C01","GSM5695350_204088100071_R02C01","NA_7","NA_8","U","S",FALSE,0.402666093400319
"GSM5695349_204281260060_R04C01","GSM5695351_204273120074_R03C01","NA_7","NA_8","U","U",FALSE,0.42754555377726
"GSM5695349_204281260060_R04C01","GSM5695352_204088100053_R07C01","NA_7","MFA_11","U","S",FALSE,0.296798851772494
"GSM5695349_204281260060_R04C01","GSM5695353_204273120074_R02C01","NA_7","MFA_11","U","U",FALSE,0.290482161009236
"GSM5695349_204281260060_R04C01","GSM5695354_204273120066_R03C01","NA_7","SFA_6","U","S",FALSE,0.163737654416837
"GSM5695349_204281260060_R04C01","GSM5695355_204273120068_R06C01","NA_7","SFA_6","U","U",FALSE,0.173662953958956
"GSM5695349_204281260060_R04C01","GSM5695356_204273120068_R05C01","NA_7","NA_9","U","S",FALSE,0.308885385019109
"GSM5695349_204281260060_R04C01","GSM5695357_204273120066_R06C01","NA_7","NA_9","U","U",FALSE,0.307447476373251
"GSM5695349_204281260060_R04C01","GSM5695358_204273120005_R05C01","NA_7","MFA_12","U","S",FALSE,-0.0170409593480308
"GSM5695349_204281260060_R04C01","GSM5695359_204273120074_R01C01","NA_7","MFA_12","U","U",FALSE,-0.00854037522701548
"GSM5695349_204281260060_R04C01","GSM5695360_204273120005_R06C01","NA_7","SFA_7","U","U",FALSE,0.311786149520153
"GSM5695349_204281260060_R04C01","GSM5695361_204281260043_R01C01","NA_7","SFA_8","U","S",FALSE,0.209920659836043
"GSM5695349_204281260060_R04C01","GSM5695362_204088100071_R08C01","NA_7","SFA_8","U","U",FALSE,0.195935744427669
"GSM5695349_204281260060_R04C01","GSM5695363_204281260060_R03C01","NA_7","NA_10","U","S",FALSE,0.137078401150268
"GSM5695349_204281260060_R04C01","GSM5695364_204281260043_R08C01","NA_7","NA_10","U","U",FALSE,0.165334769293132
"GSM5695349_204281260060_R04C01","GSM5695365_204088100053_R04C01","NA_7","NA_11","U","S",FALSE,-0.102241952139921
"GSM5695349_204281260060_R04C01","GSM5695366_204088100071_R06C01","NA_7","NA_11","U","U",FALSE,-0.08779760349234
"GSM5695349_204281260060_R04C01","GSM5695367_204281260061_R06C01","NA_7","SFA_9","U","S",FALSE,0.0384209109013908
"GSM5695349_204281260060_R04C01","GSM5695368_204281260043_R05C01","NA_7","SFA_9","U","U",FALSE,0.0531866489020723
"GSM5695349_204281260060_R04C01","GSM5695369_204273120066_R07C01","NA_7","SFA_10","U","S",FALSE,0.0931381483145849
"GSM5695349_204281260060_R04C01","GSM5695370_204281260063_R07C01","NA_7","NA_12","U","S",FALSE,0.11998136029312
"GSM5695349_204281260060_R04C01","GSM5695371_204281260061_R03C01","NA_7","NA_13","U","S",FALSE,0.0746498063718411
"GSM5695349_204281260060_R04C01","GSM5695372_204273120073_R05C01","NA_7","NA_13","U","U",FALSE,0.0683141791794454
"GSM5695349_204281260060_R04C01","GSM5695373_204281260043_R07C01","NA_7","SFA_11","U","S",FALSE,0.0120166473841315
"GSM5695349_204281260060_R04C01","GSM5695374_204281260043_R03C01","NA_7","SFA_11","U","U",FALSE,0.0391633129997125
"GSM5695349_204281260060_R04C01","GSM5695375_204088100071_R05C01","NA_7","NA_14","U","S",FALSE,0.0243188894925847
"GSM5695349_204281260060_R04C01","GSM5695376_204281260063_R03C01","NA_7","NA_14","U","U",FALSE,0.0108551187807139
"GSM5695349_204281260060_R04C01","GSM5695377_204273120073_R03C01","NA_7","NA_15","U","S",FALSE,0.0431886909858341
"GSM5695349_204281260060_R04C01","GSM5695378_204273120068_R01C01","NA_7","NA_15","U","U",FALSE,0.0351301208035309
"GSM5695349_204281260060_R04C01","GSM5695379_204088100071_R07C01","NA_7","MFA_13","U","S",FALSE,0.287631318119122
"GSM5695349_204281260060_R04C01","GSM5695380_204273120068_R03C01","NA_7","MFA_13","U","U",FALSE,0.286651677024104
"GSM5695349_204281260060_R04C01","GSM5695381_204273120066_R05C01","NA_7","NA_16","U","S",FALSE,-0.0817431320012445
"GSM5695349_204281260060_R04C01","GSM5695382_204088100082_R03C01","NA_7","NA_16","U","U",FALSE,-0.0909138937837833
"GSM5695349_204281260060_R04C01","GSM5695383_204281260043_R06C01","NA_7","MFA_14","U","S",FALSE,0.181791980969581
"GSM5695349_204281260060_R04C01","GSM5695384_204281260063_R06C01","NA_7","MFA_14","U","U",FALSE,0.17650628099536
"GSM5695349_204281260060_R04C01","GSM5695385_204281260063_R04C01","NA_7","SFA_12","U","S",FALSE,0.25501629917033
"GSM5695349_204281260060_R04C01","GSM5695386_204273120074_R04C01","NA_7","SFA_12","U","U",FALSE,0.258491759645451
"GSM5695349_204281260060_R04C01","GSM5695387_204273120073_R01C01","NA_7","NA_17","U","S",FALSE,0.0965191366703538
"GSM5695349_204281260060_R04C01","GSM5695388_204281260063_R05C01","NA_7","NA_17","U","U",FALSE,0.109365271565026
"GSM5695349_204281260060_R04C01","GSM5695389_204088100082_R06C01","NA_7","SFA_13","U","S",FALSE,0.408429900284835
"GSM5695349_204281260060_R04C01","GSM5695390_204273120066_R01C01","NA_7","SFA_13","U","U",FALSE,0.413239986320661
"GSM5695349_204281260060_R04C01","GSM5695391_204281260043_R02C01","NA_7","MFA_15","U","S",FALSE,0.467617950954088
"GSM5695349_204281260060_R04C01","GSM5695392_204273120073_R06C01","NA_7","MFA_15","U","U",FALSE,0.427313913784542
"GSM5695350_204088100071_R02C01","GSM5695351_204273120074_R03C01","NA_8","NA_8","S","U",TRUE,0.968705628671808
"GSM5695350_204088100071_R02C01","GSM5695352_204088100053_R07C01","NA_8","MFA_11","S","S",FALSE,0.275511312441933
"GSM5695350_204088100071_R02C01","GSM5695353_204273120074_R02C01","NA_8","MFA_11","S","U",FALSE,0.282958822273834
"GSM5695350_204088100071_R02C01","GSM5695354_204273120066_R03C01","NA_8","SFA_6","S","S",FALSE,0.126944557043309
"GSM5695350_204088100071_R02C01","GSM5695355_204273120068_R06C01","NA_8","SFA_6","S","U",FALSE,0.14211811097887
"GSM5695350_204088100071_R02C01","GSM5695356_204273120068_R05C01","NA_8","NA_9","S","S",FALSE,0.371579609742997
"GSM5695350_204088100071_R02C01","GSM5695357_204273120066_R06C01","NA_8","NA_9","S","U",FALSE,0.359491050809714
"GSM5695350_204088100071_R02C01","GSM5695358_204273120005_R05C01","NA_8","MFA_12","S","S",FALSE,0.384834223504571
"GSM5695350_204088100071_R02C01","GSM5695359_204273120074_R01C01","NA_8","MFA_12","S","U",FALSE,0.396240929233273
"GSM5695350_204088100071_R02C01","GSM5695360_204273120005_R06C01","NA_8","SFA_7","S","U",FALSE,0.330071000629199
"GSM5695350_204088100071_R02C01","GSM5695361_204281260043_R01C01","NA_8","SFA_8","S","S",FALSE,0.149600383191483
"GSM5695350_204088100071_R02C01","GSM5695362_204088100071_R08C01","NA_8","SFA_8","S","U",FALSE,0.122282008530406
"GSM5695350_204088100071_R02C01","GSM5695363_204281260060_R03C01","NA_8","NA_10","S","S",FALSE,0.018447486813108
"GSM5695350_204088100071_R02C01","GSM5695364_204281260043_R08C01","NA_8","NA_10","S","U",FALSE,0.0280255006559339
"GSM5695350_204088100071_R02C01","GSM5695365_204088100053_R04C01","NA_8","NA_11","S","S",FALSE,0.116476080744336
"GSM5695350_204088100071_R02C01","GSM5695366_204088100071_R06C01","NA_8","NA_11","S","U",FALSE,0.116032306530935
"GSM5695350_204088100071_R02C01","GSM5695367_204281260061_R06C01","NA_8","SFA_9","S","S",FALSE,0.354360170741666
"GSM5695350_204088100071_R02C01","GSM5695368_204281260043_R05C01","NA_8","SFA_9","S","U",FALSE,0.361265144037251
"GSM5695350_204088100071_R02C01","GSM5695369_204273120066_R07C01","NA_8","SFA_10","S","S",FALSE,0.291409697981649
"GSM5695350_204088100071_R02C01","GSM5695370_204281260063_R07C01","NA_8","NA_12","S","S",FALSE,0.225353268610995
"GSM5695350_204088100071_R02C01","GSM5695371_204281260061_R03C01","NA_8","NA_13","S","S",FALSE,0.134099137536919
"GSM5695350_204088100071_R02C01","GSM5695372_204273120073_R05C01","NA_8","NA_13","S","U",FALSE,0.11858703307061
"GSM5695350_204088100071_R02C01","GSM5695373_204281260043_R07C01","NA_8","SFA_11","S","S",FALSE,0.190577725777219
"GSM5695350_204088100071_R02C01","GSM5695374_204281260043_R03C01","NA_8","SFA_11","S","U",FALSE,0.20527625387213
"GSM5695350_204088100071_R02C01","GSM5695375_204088100071_R05C01","NA_8","NA_14","S","S",FALSE,0.0916248041930707
"GSM5695350_204088100071_R02C01","GSM5695376_204281260063_R03C01","NA_8","NA_14","S","U",FALSE,0.0867904548123237
"GSM5695350_204088100071_R02C01","GSM5695377_204273120073_R03C01","NA_8","NA_15","S","S",FALSE,0.00540553530409778
"GSM5695350_204088100071_R02C01","GSM5695378_204273120068_R01C01","NA_8","NA_15","S","U",FALSE,-0.00820198475481807
"GSM5695350_204088100071_R02C01","GSM5695379_204088100071_R07C01","NA_8","MFA_13","S","S",FALSE,0.0993559312225356
"GSM5695350_204088100071_R02C01","GSM5695380_204273120068_R03C01","NA_8","MFA_13","S","U",FALSE,0.100566675782922
"GSM5695350_204088100071_R02C01","GSM5695381_204273120066_R05C01","NA_8","NA_16","S","S",FALSE,-0.00951731410517269
"GSM5695350_204088100071_R02C01","GSM5695382_204088100082_R03C01","NA_8","NA_16","S","U",FALSE,-0.0244200429211981
"GSM5695350_204088100071_R02C01","GSM5695383_204281260043_R06C01","NA_8","MFA_14","S","S",FALSE,0.133496319174642
"GSM5695350_204088100071_R02C01","GSM5695384_204281260063_R06C01","NA_8","MFA_14","S","U",FALSE,0.141404126048059
"GSM5695350_204088100071_R02C01","GSM5695385_204281260063_R04C01","NA_8","SFA_12","S","S",FALSE,0.346228269009607
"GSM5695350_204088100071_R02C01","GSM5695386_204273120074_R04C01","NA_8","SFA_12","S","U",FALSE,0.361735479246941
"GSM5695350_204088100071_R02C01","GSM5695387_204273120073_R01C01","NA_8","NA_17","S","S",FALSE,-0.0493227133629761
"GSM5695350_204088100071_R02C01","GSM5695388_204281260063_R05C01","NA_8","NA_17","S","U",FALSE,-0.0496346526089924
"GSM5695350_204088100071_R02C01","GSM5695389_204088100082_R06C01","NA_8","SFA_13","S","S",FALSE,0.229585712788694
"GSM5695350_204088100071_R02C01","GSM5695390_204273120066_R01C01","NA_8","SFA_13","S","U",FALSE,0.219359565550008
"GSM5695350_204088100071_R02C01","GSM5695391_204281260043_R02C01","NA_8","MFA_15","S","S",FALSE,0.285740731406689
"GSM5695350_204088100071_R02C01","GSM5695392_204273120073_R06C01","NA_8","MFA_15","S","U",FALSE,0.272751096879607
"GSM5695351_204273120074_R03C01","GSM5695352_204088100053_R07C01","NA_8","MFA_11","U","S",FALSE,0.27866244403874
"GSM5695351_204273120074_R03C01","GSM5695353_204273120074_R02C01","NA_8","MFA_11","U","U",FALSE,0.288160037854501
"GSM5695351_204273120074_R03C01","GSM5695354_204273120066_R03C01","NA_8","SFA_6","U","S",FALSE,0.0612178155225741
"GSM5695351_204273120074_R03C01","GSM5695355_204273120068_R06C01","NA_8","SFA_6","U","U",FALSE,0.079072934346405
"GSM5695351_204273120074_R03C01","GSM5695356_204273120068_R05C01","NA_8","NA_9","U","S",FALSE,0.362443543086167
"GSM5695351_204273120074_R03C01","GSM5695357_204273120066_R06C01","NA_8","NA_9","U","U",FALSE,0.344200616407388
"GSM5695351_204273120074_R03C01","GSM5695358_204273120005_R05C01","NA_8","MFA_12","U","S",FALSE,0.18820949080701
"GSM5695351_204273120074_R03C01","GSM5695359_204273120074_R01C01","NA_8","MFA_12","U","U",FALSE,0.200458614931194
"GSM5695351_204273120074_R03C01","GSM5695360_204273120005_R06C01","NA_8","SFA_7","U","U",FALSE,0.311337528483397
"GSM5695351_204273120074_R03C01","GSM5695361_204281260043_R01C01","NA_8","SFA_8","U","S",FALSE,0.103567155968778
"GSM5695351_204273120074_R03C01","GSM5695362_204088100071_R08C01","NA_8","SFA_8","U","U",FALSE,0.0783158389772408
"GSM5695351_204273120074_R03C01","GSM5695363_204281260060_R03C01","NA_8","NA_10","U","S",FALSE,-0.0569068676576095
"GSM5695351_204273120074_R03C01","GSM5695364_204281260043_R08C01","NA_8","NA_10","U","U",FALSE,-0.0480207789195825
"GSM5695351_204273120074_R03C01","GSM5695365_204088100053_R04C01","NA_8","NA_11","U","S",FALSE,0.0435002649857599
"GSM5695351_204273120074_R03C01","GSM5695366_204088100071_R06C01","NA_8","NA_11","U","U",FALSE,0.0437005213292132
"GSM5695351_204273120074_R03C01","GSM5695367_204281260061_R06C01","NA_8","SFA_9","U","S",FALSE,0.233210407852005
"GSM5695351_204273120074_R03C01","GSM5695368_204281260043_R05C01","NA_8","SFA_9","U","U",FALSE,0.238349088621616
"GSM5695351_204273120074_R03C01","GSM5695369_204273120066_R07C01","NA_8","SFA_10","U","S",FALSE,0.232832046181001
"GSM5695351_204273120074_R03C01","GSM5695370_204281260063_R07C01","NA_8","NA_12","U","S",FALSE,0.252422765527064
"GSM5695351_204273120074_R03C01","GSM5695371_204281260061_R03C01","NA_8","NA_13","U","S",FALSE,0.060238806413884
"GSM5695351_204273120074_R03C01","GSM5695372_204273120073_R05C01","NA_8","NA_13","U","U",FALSE,0.0461008016994398
"GSM5695351_204273120074_R03C01","GSM5695373_204281260043_R07C01","NA_8","SFA_11","U","S",FALSE,0.164016908054972
"GSM5695351_204273120074_R03C01","GSM5695374_204281260043_R03C01","NA_8","SFA_11","U","U",FALSE,0.18465549612367
"GSM5695351_204273120074_R03C01","GSM5695375_204088100071_R05C01","NA_8","NA_14","U","S",FALSE,0.0674007765448132
"GSM5695351_204273120074_R03C01","GSM5695376_204281260063_R03C01","NA_8","NA_14","U","U",FALSE,0.0637546655648183
"GSM5695351_204273120074_R03C01","GSM5695377_204273120073_R03C01","NA_8","NA_15","U","S",FALSE,-0.0130377595467239
"GSM5695351_204273120074_R03C01","GSM5695378_204273120068_R01C01","NA_8","NA_15","U","U",FALSE,-0.0266972072341641
"GSM5695351_204273120074_R03C01","GSM5695379_204088100071_R07C01","NA_8","MFA_13","U","S",FALSE,0.0626385738698525
"GSM5695351_204273120074_R03C01","GSM5695380_204273120068_R03C01","NA_8","MFA_13","U","U",FALSE,0.0679534807275599
"GSM5695351_204273120074_R03C01","GSM5695381_204273120066_R05C01","NA_8","NA_16","U","S",FALSE,-0.0471277684112433
"GSM5695351_204273120074_R03C01","GSM5695382_204088100082_R03C01","NA_8","NA_16","U","U",FALSE,-0.0592770661625519
"GSM5695351_204273120074_R03C01","GSM5695383_204281260043_R06C01","NA_8","MFA_14","U","S",FALSE,0.134290254678946
"GSM5695351_204273120074_R03C01","GSM5695384_204281260063_R06C01","NA_8","MFA_14","U","U",FALSE,0.143274916952066
"GSM5695351_204273120074_R03C01","GSM5695385_204281260063_R04C01","NA_8","SFA_12","U","S",FALSE,0.313781296390817
"GSM5695351_204273120074_R03C01","GSM5695386_204273120074_R04C01","NA_8","SFA_12","U","U",FALSE,0.32760131045308
"GSM5695351_204273120074_R03C01","GSM5695387_204273120073_R01C01","NA_8","NA_17","U","S",FALSE,-0.0914680167821721
"GSM5695351_204273120074_R03C01","GSM5695388_204281260063_R05C01","NA_8","NA_17","U","U",FALSE,-0.0927924770895109
"GSM5695351_204273120074_R03C01","GSM5695389_204088100082_R06C01","NA_8","SFA_13","U","S",FALSE,0.211239463048891
"GSM5695351_204273120074_R03C01","GSM5695390_204273120066_R01C01","NA_8","SFA_13","U","U",FALSE,0.199488895797174
"GSM5695351_204273120074_R03C01","GSM5695391_204281260043_R02C01","NA_8","MFA_15","U","S",FALSE,0.246734270519781
"GSM5695351_204273120074_R03C01","GSM5695392_204273120073_R06C01","NA_8","MFA_15","U","U",FALSE,0.236433836991419
"GSM5695352_204088100053_R07C01","GSM5695353_204273120074_R02C01","MFA_11","MFA_11","S","U",TRUE,0.995214551124921
"GSM5695352_204088100053_R07C01","GSM5695354_204273120066_R03C01","MFA_11","SFA_6","S","S",FALSE,0.24123672465604
"GSM5695352_204088100053_R07C01","GSM5695355_204273120068_R06C01","MFA_11","SFA_6","S","U",FALSE,0.240125075006141
"GSM5695352_204088100053_R07C01","GSM5695356_204273120068_R05C01","MFA_11","NA_9","S","S",FALSE,0.0667776315586579
"GSM5695352_204088100053_R07C01","GSM5695357_204273120066_R06C01","MFA_11","NA_9","S","U",FALSE,0.0562006775505102
"GSM5695352_204088100053_R07C01","GSM5695358_204273120005_R05C01","MFA_11","MFA_12","S","S",FALSE,0.16102903675601
"GSM5695352_204088100053_R07C01","GSM5695359_204273120074_R01C01","MFA_11","MFA_12","S","U",FALSE,0.15420057278624
"GSM5695352_204088100053_R07C01","GSM5695360_204273120005_R06C01","MFA_11","SFA_7","S","U",FALSE,0.273712361831952
"GSM5695352_204088100053_R07C01","GSM5695361_204281260043_R01C01","MFA_11","SFA_8","S","S",FALSE,0.486316425373989
"GSM5695352_204088100053_R07C01","GSM5695362_204088100071_R08C01","MFA_11","SFA_8","S","U",FALSE,0.491464831406642
"GSM5695352_204088100053_R07C01","GSM5695363_204281260060_R03C01","MFA_11","NA_10","S","S",FALSE,0.0946133463740497
"GSM5695352_204088100053_R07C01","GSM5695364_204281260043_R08C01","MFA_11","NA_10","S","U",FALSE,0.063493602279824
"GSM5695352_204088100053_R07C01","GSM5695365_204088100053_R04C01","MFA_11","NA_11","S","S",FALSE,0.117066199795262
"GSM5695352_204088100053_R07C01","GSM5695366_204088100071_R06C01","MFA_11","NA_11","S","U",FALSE,0.114729206522911
"GSM5695352_204088100053_R07C01","GSM5695367_204281260061_R06C01","MFA_11","SFA_9","S","S",FALSE,-0.0280619249938964
"GSM5695352_204088100053_R07C01","GSM5695368_204281260043_R05C01","MFA_11","SFA_9","S","U",FALSE,-0.0187481652567399
"GSM5695352_204088100053_R07C01","GSM5695369_204273120066_R07C01","MFA_11","SFA_10","S","S",FALSE,0.102370486970303
"GSM5695352_204088100053_R07C01","GSM5695370_204281260063_R07C01","MFA_11","NA_12","S","S",FALSE,0.20131097505761
"GSM5695352_204088100053_R07C01","GSM5695371_204281260061_R03C01","MFA_11","NA_13","S","S",FALSE,0.120971154646715
"GSM5695352_204088100053_R07C01","GSM5695372_204273120073_R05C01","MFA_11","NA_13","S","U",FALSE,0.117861965641343
"GSM5695352_204088100053_R07C01","GSM5695373_204281260043_R07C01","MFA_11","SFA_11","S","S",FALSE,0.055443855671411
"GSM5695352_204088100053_R07C01","GSM5695374_204281260043_R03C01","MFA_11","SFA_11","S","U",FALSE,0.0911537493880605
"GSM5695352_204088100053_R07C01","GSM5695375_204088100071_R05C01","MFA_11","NA_14","S","S",FALSE,0.0735908682624226
"GSM5695352_204088100053_R07C01","GSM5695376_204281260063_R03C01","MFA_11","NA_14","S","U",FALSE,0.0501104474193039
"GSM5695352_204088100053_R07C01","GSM5695377_204273120073_R03C01","MFA_11","NA_15","S","S",FALSE,0.0110862276354449
"GSM5695352_204088100053_R07C01","GSM5695378_204273120068_R01C01","MFA_11","NA_15","S","U",FALSE,0.0165230173765414
"GSM5695352_204088100053_R07C01","GSM5695379_204088100071_R07C01","MFA_11","MFA_13","S","S",FALSE,0.321944063330292
"GSM5695352_204088100053_R07C01","GSM5695380_204273120068_R03C01","MFA_11","MFA_13","S","U",FALSE,0.311635889598688
"GSM5695352_204088100053_R07C01","GSM5695381_204273120066_R05C01","MFA_11","NA_16","S","S",FALSE,0.100411667891627
"GSM5695352_204088100053_R07C01","GSM5695382_204088100082_R03C01","MFA_11","NA_16","S","U",FALSE,0.101209392142224
"GSM5695352_204088100053_R07C01","GSM5695383_204281260043_R06C01","MFA_11","MFA_14","S","S",FALSE,0.199801354154262
"GSM5695352_204088100053_R07C01","GSM5695384_204281260063_R06C01","MFA_11","MFA_14","S","U",FALSE,0.20348130464667
"GSM5695352_204088100053_R07C01","GSM5695385_204281260063_R04C01","MFA_11","SFA_12","S","S",FALSE,0.265567990747734
"GSM5695352_204088100053_R07C01","GSM5695386_204273120074_R04C01","MFA_11","SFA_12","S","U",FALSE,0.27962297148159
"GSM5695352_204088100053_R07C01","GSM5695387_204273120073_R01C01","MFA_11","NA_17","S","S",FALSE,0.142353144548348
"GSM5695352_204088100053_R07C01","GSM5695388_204281260063_R05C01","MFA_11","NA_17","S","U",FALSE,0.131859813289296
"GSM5695352_204088100053_R07C01","GSM5695389_204088100082_R06C01","MFA_11","SFA_13","S","S",FALSE,0.255929999392398
"GSM5695352_204088100053_R07C01","GSM5695390_204273120066_R01C01","MFA_11","SFA_13","S","U",FALSE,0.249361827110989
"GSM5695352_204088100053_R07C01","GSM5695391_204281260043_R02C01","MFA_11","MFA_15","S","S",FALSE,0.25585685149704
"GSM5695352_204088100053_R07C01","GSM5695392_204273120073_R06C01","MFA_11","MFA_15","S","U",FALSE,0.268066927227854
"GSM5695353_204273120074_R02C01","GSM5695354_204273120066_R03C01","MFA_11","SFA_6","U","S",FALSE,0.212444640041534
"GSM5695353_204273120074_R02C01","GSM5695355_204273120068_R06C01","MFA_11","SFA_6","U","U",FALSE,0.211432947724683
"GSM5695353_204273120074_R02C01","GSM5695356_204273120068_R05C01","MFA_11","NA_9","U","S",FALSE,0.0632749072796573
"GSM5695353_204273120074_R02C01","GSM5695357_204273120066_R06C01","MFA_11","NA_9","U","U",FALSE,0.060046667377253
"GSM5695353_204273120074_R02C01","GSM5695358_204273120005_R05C01","MFA_11","MFA_12","U","S",FALSE,0.153194437855298
"GSM5695353_204273120074_R02C01","GSM5695359_204273120074_R01C01","MFA_11","MFA_12","U","U",FALSE,0.146063431454585
"GSM5695353_204273120074_R02C01","GSM5695360_204273120005_R06C01","MFA_11","SFA_7","U","U",FALSE,0.284463608155406
"GSM5695353_204273120074_R02C01","GSM5695361_204281260043_R01C01","MFA_11","SFA_8","U","S",FALSE,0.480262545754903
"GSM5695353_204273120074_R02C01","GSM5695362_204088100071_R08C01","MFA_11","SFA_8","U","U",FALSE,0.483340467981018
"GSM5695353_204273120074_R02C01","GSM5695363_204281260060_R03C01","MFA_11","NA_10","U","S",FALSE,0.0929470507149723
"GSM5695353_204273120074_R02C01","GSM5695364_204281260043_R08C01","MFA_11","NA_10","U","U",FALSE,0.0647602408859868
"GSM5695353_204273120074_R02C01","GSM5695365_204088100053_R04C01","MFA_11","NA_11","U","S",FALSE,0.108883741426766
"GSM5695353_204273120074_R02C01","GSM5695366_204088100071_R06C01","MFA_11","NA_11","U","U",FALSE,0.105247922721516
"GSM5695353_204273120074_R02C01","GSM5695367_204281260061_R06C01","MFA_11","SFA_9","U","S",FALSE,-0.0260314680691726
"GSM5695353_204273120074_R02C01","GSM5695368_204281260043_R05C01","MFA_11","SFA_9","U","U",FALSE,-0.0187726955692442
"GSM5695353_204273120074_R02C01","GSM5695369_204273120066_R07C01","MFA_11","SFA_10","U","S",FALSE,0.103483631467263
"GSM5695353_204273120074_R02C01","GSM5695370_204281260063_R07C01","MFA_11","NA_12","U","S",FALSE,0.220583453099579
"GSM5695353_204273120074_R02C01","GSM5695371_204281260061_R03C01","MFA_11","NA_13","U","S",FALSE,0.129201091261714
"GSM5695353_204273120074_R02C01","GSM5695372_204273120073_R05C01","MFA_11","NA_13","U","U",FALSE,0.127674141586295
"GSM5695353_204273120074_R02C01","GSM5695373_204281260043_R07C01","MFA_11","SFA_11","U","S",FALSE,0.0534114700530263
"GSM5695353_204273120074_R02C01","GSM5695374_204281260043_R03C01","MFA_11","SFA_11","U","U",FALSE,0.0886515541013799
"GSM5695353_204273120074_R02C01","GSM5695375_204088100071_R05C01","MFA_11","NA_14","U","S",FALSE,0.0677361438560154
"GSM5695353_204273120074_R02C01","GSM5695376_204281260063_R03C01","MFA_11","NA_14","U","U",FALSE,0.0445997404147724
"GSM5695353_204273120074_R02C01","GSM5695377_204273120073_R03C01","MFA_11","NA_15","U","S",FALSE,0.00139355694042412
"GSM5695353_204273120074_R02C01","GSM5695378_204273120068_R01C01","MFA_11","NA_15","U","U",FALSE,0.00691411463285907
"GSM5695353_204273120074_R02C01","GSM5695379_204088100071_R07C01","MFA_11","MFA_13","U","S",FALSE,0.325296979611622
"GSM5695353_204273120074_R02C01","GSM5695380_204273120068_R03C01","MFA_11","MFA_13","U","U",FALSE,0.315671044978479
"GSM5695353_204273120074_R02C01","GSM5695381_204273120066_R05C01","MFA_11","NA_16","U","S",FALSE,0.102020996300069
"GSM5695353_204273120074_R02C01","GSM5695382_204088100082_R03C01","MFA_11","NA_16","U","U",FALSE,0.100906587917176
"GSM5695353_204273120074_R02C01","GSM5695383_204281260043_R06C01","MFA_11","MFA_14","U","S",FALSE,0.17722339097069
"GSM5695353_204273120074_R02C01","GSM5695384_204281260063_R06C01","MFA_11","MFA_14","U","U",FALSE,0.182997808154518
"GSM5695353_204273120074_R02C01","GSM5695385_204281260063_R04C01","MFA_11","SFA_12","U","S",FALSE,0.268708633275346
"GSM5695353_204273120074_R02C01","GSM5695386_204273120074_R04C01","MFA_11","SFA_12","U","U",FALSE,0.281744224767006
"GSM5695353_204273120074_R02C01","GSM5695387_204273120073_R01C01","MFA_11","NA_17","U","S",FALSE,0.136943938254507
"GSM5695353_204273120074_R02C01","GSM5695388_204281260063_R05C01","MFA_11","NA_17","U","U",FALSE,0.125635485063427
"GSM5695353_204273120074_R02C01","GSM5695389_204088100082_R06C01","MFA_11","SFA_13","U","S",FALSE,0.26918180477766
"GSM5695353_204273120074_R02C01","GSM5695390_204273120066_R01C01","MFA_11","SFA_13","U","U",FALSE,0.262554527176042
"GSM5695353_204273120074_R02C01","GSM5695391_204281260043_R02C01","MFA_11","MFA_15","U","S",FALSE,0.256708833730713
"GSM5695353_204273120074_R02C01","GSM5695392_204273120073_R06C01","MFA_11","MFA_15","U","U",FALSE,0.267965920504181
"GSM5695354_204273120066_R03C01","GSM5695355_204273120068_R06C01","SFA_6","SFA_6","S","U",TRUE,0.996314623715083
"GSM5695354_204273120066_R03C01","GSM5695356_204273120068_R05C01","SFA_6","NA_9","S","S",FALSE,0.0190350294250108
"GSM5695354_204273120066_R03C01","GSM5695357_204273120066_R06C01","SFA_6","NA_9","S","U",FALSE,-0.0143245391217509
"GSM5695354_204273120066_R03C01","GSM5695358_204273120005_R05C01","SFA_6","MFA_12","S","S",FALSE,0.333502520739361
"GSM5695354_204273120066_R03C01","GSM5695359_204273120074_R01C01","SFA_6","MFA_12","S","U",FALSE,0.327240315855457
"GSM5695354_204273120066_R03C01","GSM5695360_204273120005_R06C01","SFA_6","SFA_7","S","U",FALSE,0.0423718046082782
"GSM5695354_204273120066_R03C01","GSM5695361_204281260043_R01C01","SFA_6","SFA_8","S","S",FALSE,0.388231521045793
"GSM5695354_204273120066_R03C01","GSM5695362_204088100071_R08C01","SFA_6","SFA_8","S","U",FALSE,0.381181378868433
"GSM5695354_204273120066_R03C01","GSM5695363_204281260060_R03C01","SFA_6","NA_10","S","S",FALSE,0.306707450904559
"GSM5695354_204273120066_R03C01","GSM5695364_204281260043_R08C01","SFA_6","NA_10","S","U",FALSE,0.281909076842142
"GSM5695354_204273120066_R03C01","GSM5695365_204088100053_R04C01","SFA_6","NA_11","S","S",FALSE,0.304227966435873
"GSM5695354_204273120066_R03C01","GSM5695366_204088100071_R06C01","SFA_6","NA_11","S","U",FALSE,0.301979669761002
"GSM5695354_204273120066_R03C01","GSM5695367_204281260061_R06C01","SFA_6","SFA_9","S","S",FALSE,0.257280748353286
"GSM5695354_204273120066_R03C01","GSM5695368_204281260043_R05C01","SFA_6","SFA_9","S","U",FALSE,0.279667173192376
"GSM5695354_204273120066_R03C01","GSM5695369_204273120066_R07C01","SFA_6","SFA_10","S","S",FALSE,0.30120669455885
"GSM5695354_204273120066_R03C01","GSM5695370_204281260063_R07C01","SFA_6","NA_12","S","S",FALSE,-0.138276097167646
"GSM5695354_204273120066_R03C01","GSM5695371_204281260061_R03C01","SFA_6","NA_13","S","S",FALSE,0.100092041694299
"GSM5695354_204273120066_R03C01","GSM5695372_204273120073_R05C01","SFA_6","NA_13","S","U",FALSE,0.0959578428885154
"GSM5695354_204273120066_R03C01","GSM5695373_204281260043_R07C01","SFA_6","SFA_11","S","S",FALSE,-0.019129995511405
"GSM5695354_204273120066_R03C01","GSM5695374_204281260043_R03C01","SFA_6","SFA_11","S","U",FALSE,-0.0424818804219009
"GSM5695354_204273120066_R03C01","GSM5695375_204088100071_R05C01","SFA_6","NA_14","S","S",FALSE,0.103737493092138
"GSM5695354_204273120066_R03C01","GSM5695376_204281260063_R03C01","SFA_6","NA_14","S","U",FALSE,0.0873512616851875
"GSM5695354_204273120066_R03C01","GSM5695377_204273120073_R03C01","SFA_6","NA_15","S","S",FALSE,0.0967263358065593
"GSM5695354_204273120066_R03C01","GSM5695378_204273120068_R01C01","SFA_6","NA_15","S","U",FALSE,0.104743991936999
"GSM5695354_204273120066_R03C01","GSM5695379_204088100071_R07C01","SFA_6","MFA_13","S","S",FALSE,0.0245454839423342
"GSM5695354_204273120066_R03C01","GSM5695380_204273120068_R03C01","SFA_6","MFA_13","S","U",FALSE,0.00804712057897634
"GSM5695354_204273120066_R03C01","GSM5695381_204273120066_R05C01","SFA_6","NA_16","S","S",FALSE,-0.0927601371354872
"GSM5695354_204273120066_R03C01","GSM5695382_204088100082_R03C01","SFA_6","NA_16","S","U",FALSE,-0.0844209304080643
"GSM5695354_204273120066_R03C01","GSM5695383_204281260043_R06C01","SFA_6","MFA_14","S","S",FALSE,0.139784255529336
"GSM5695354_204273120066_R03C01","GSM5695384_204281260063_R06C01","SFA_6","MFA_14","S","U",FALSE,0.139906467159335
"GSM5695354_204273120066_R03C01","GSM5695385_204281260063_R04C01","SFA_6","SFA_12","S","S",FALSE,0.290647125342588
"GSM5695354_204273120066_R03C01","GSM5695386_204273120074_R04C01","SFA_6","SFA_12","S","U",FALSE,0.288947625352834
"GSM5695354_204273120066_R03C01","GSM5695387_204273120073_R01C01","SFA_6","NA_17","S","S",FALSE,0.0144733776779266
"GSM5695354_204273120066_R03C01","GSM5695388_204281260063_R05C01","SFA_6","NA_17","S","U",FALSE,0.0118928202713666
"GSM5695354_204273120066_R03C01","GSM5695389_204088100082_R06C01","SFA_6","SFA_13","S","S",FALSE,0.0804463559321949
"GSM5695354_204273120066_R03C01","GSM5695390_204273120066_R01C01","SFA_6","SFA_13","S","U",FALSE,0.05858940399313
"GSM5695354_204273120066_R03C01","GSM5695391_204281260043_R02C01","SFA_6","MFA_15","S","S",FALSE,0.182086038799881
"GSM5695354_204273120066_R03C01","GSM5695392_204273120073_R06C01","SFA_6","MFA_15","S","U",FALSE,0.196196572455324
"GSM5695355_204273120068_R06C01","GSM5695356_204273120068_R05C01","SFA_6","NA_9","U","S",FALSE,0.0462470226596158
"GSM5695355_204273120068_R06C01","GSM5695357_204273120066_R06C01","SFA_6","NA_9","U","U",FALSE,0.0114987288004644
"GSM5695355_204273120068_R06C01","GSM5695358_204273120005_R05C01","SFA_6","MFA_12","U","S",FALSE,0.330178940559564
"GSM5695355_204273120068_R06C01","GSM5695359_204273120074_R01C01","SFA_6","MFA_12","U","U",FALSE,0.326074032592067
"GSM5695355_204273120068_R06C01","GSM5695360_204273120005_R06C01","SFA_6","SFA_7","U","U",FALSE,0.0514027341408459
"GSM5695355_204273120068_R06C01","GSM5695361_204281260043_R01C01","SFA_6","SFA_8","U","S",FALSE,0.386591289861944
"GSM5695355_204273120068_R06C01","GSM5695362_204088100071_R08C01","SFA_6","SFA_8","U","U",FALSE,0.377640966260122
"GSM5695355_204273120068_R06C01","GSM5695363_204281260060_R03C01","SFA_6","NA_10","U","S",FALSE,0.30860260893163
"GSM5695355_204273120068_R06C01","GSM5695364_204281260043_R08C01","SFA_6","NA_10","U","U",FALSE,0.282352012125177
"GSM5695355_204273120068_R06C01","GSM5695365_204088100053_R04C01","SFA_6","NA_11","U","S",FALSE,0.290934969636942
"GSM5695355_204273120068_R06C01","GSM5695366_204088100071_R06C01","SFA_6","NA_11","U","U",FALSE,0.288594661985624
"GSM5695355_204273120068_R06C01","GSM5695367_204281260061_R06C01","SFA_6","SFA_9","U","S",FALSE,0.254327312580593
"GSM5695355_204273120068_R06C01","GSM5695368_204281260043_R05C01","SFA_6","SFA_9","U","U",FALSE,0.275262888903042
"GSM5695355_204273120068_R06C01","GSM5695369_204273120066_R07C01","SFA_6","SFA_10","U","S",FALSE,0.29522312271034
"GSM5695355_204273120068_R06C01","GSM5695370_204281260063_R07C01","SFA_6","NA_12","U","S",FALSE,-0.112900716122321
"GSM5695355_204273120068_R06C01","GSM5695371_204281260061_R03C01","SFA_6","NA_13","U","S",FALSE,0.09861180294965
"GSM5695355_204273120068_R06C01","GSM5695372_204273120073_R05C01","SFA_6","NA_13","U","U",FALSE,0.0946806411138124
"GSM5695355_204273120068_R06C01","GSM5695373_204281260043_R07C01","SFA_6","SFA_11","U","S",FALSE,-0.0182361229099547
"GSM5695355_204273120068_R06C01","GSM5695374_204281260043_R03C01","SFA_6","SFA_11","U","U",FALSE,-0.0413522467483565
"GSM5695355_204273120068_R06C01","GSM5695375_204088100071_R05C01","SFA_6","NA_14","U","S",FALSE,0.0822142579336283
"GSM5695355_204273120068_R06C01","GSM5695376_204281260063_R03C01","SFA_6","NA_14","U","U",FALSE,0.0635398599463212
"GSM5695355_204273120068_R06C01","GSM5695377_204273120073_R03C01","SFA_6","NA_15","U","S",FALSE,0.116349755552947
"GSM5695355_204273120068_R06C01","GSM5695378_204273120068_R01C01","SFA_6","NA_15","U","U",FALSE,0.125418363876883
"GSM5695355_204273120068_R06C01","GSM5695379_204088100071_R07C01","SFA_6","MFA_13","U","S",FALSE,0.0338848183137569
"GSM5695355_204273120068_R06C01","GSM5695380_204273120068_R03C01","SFA_6","MFA_13","U","U",FALSE,0.0162894375602523
"GSM5695355_204273120068_R06C01","GSM5695381_204273120066_R05C01","SFA_6","NA_16","U","S",FALSE,-0.0998878002522267
"GSM5695355_204273120068_R06C01","GSM5695382_204088100082_R03C01","SFA_6","NA_16","U","U",FALSE,-0.0915660141896419
"GSM5695355_204273120068_R06C01","GSM5695383_204281260043_R06C01","SFA_6","MFA_14","U","S",FALSE,0.13213536904623
"GSM5695355_204273120068_R06C01","GSM5695384_204281260063_R06C01","SFA_6","MFA_14","U","U",FALSE,0.134313018018414
"GSM5695355_204273120068_R06C01","GSM5695385_204281260063_R04C01","SFA_6","SFA_12","U","S",FALSE,0.290018649088445
"GSM5695355_204273120068_R06C01","GSM5695386_204273120074_R04C01","SFA_6","SFA_12","U","U",FALSE,0.289309005816702
"GSM5695355_204273120068_R06C01","GSM5695387_204273120073_R01C01","SFA_6","NA_17","U","S",FALSE,0.0273166089527496
"GSM5695355_204273120068_R06C01","GSM5695388_204281260063_R05C01","SFA_6","NA_17","U","U",FALSE,0.026015648346715
"GSM5695355_204273120068_R06C01","GSM5695389_204088100082_R06C01","SFA_6","SFA_13","U","S",FALSE,0.0938592100878085
"GSM5695355_204273120068_R06C01","GSM5695390_204273120066_R01C01","SFA_6","SFA_13","U","U",FALSE,0.0740644594849942
"GSM5695355_204273120068_R06C01","GSM5695391_204281260043_R02C01","SFA_6","MFA_15","U","S",FALSE,0.180422117355549
"GSM5695355_204273120068_R06C01","GSM5695392_204273120073_R06C01","SFA_6","MFA_15","U","U",FALSE,0.194360728686773
"GSM5695356_204273120068_R05C01","GSM5695357_204273120066_R06C01","NA_9","NA_9","S","U",TRUE,0.989311284827358
"GSM5695356_204273120068_R05C01","GSM5695358_204273120005_R05C01","NA_9","MFA_12","S","S",FALSE,0.0958270939227564
"GSM5695356_204273120068_R05C01","GSM5695359_204273120074_R01C01","NA_9","MFA_12","S","U",FALSE,0.102490930129373
"GSM5695356_204273120068_R05C01","GSM5695360_204273120005_R06C01","NA_9","SFA_7","S","U",FALSE,0.416503772662637
"GSM5695356_204273120068_R05C01","GSM5695361_204281260043_R01C01","NA_9","SFA_8","S","S",FALSE,-0.131160767084409
"GSM5695356_204273120068_R05C01","GSM5695362_204088100071_R08C01","NA_9","SFA_8","S","U",FALSE,-0.14399338210068
"GSM5695356_204273120068_R05C01","GSM5695363_204281260060_R03C01","NA_9","NA_10","S","S",FALSE,0.0858670564082576
"GSM5695356_204273120068_R05C01","GSM5695364_204281260043_R08C01","NA_9","NA_10","S","U",FALSE,0.0959528450289189
"GSM5695356_204273120068_R05C01","GSM5695365_204088100053_R04C01","NA_9","NA_11","S","S",FALSE,-0.00730004156739837
"GSM5695356_204273120068_R05C01","GSM5695366_204088100071_R06C01","NA_9","NA_11","S","U",FALSE,0.000742547112975144
"GSM5695356_204273120068_R05C01","GSM5695367_204281260061_R06C01","NA_9","SFA_9","S","S",FALSE,0.101575338405266
"GSM5695356_204273120068_R05C01","GSM5695368_204281260043_R05C01","NA_9","SFA_9","S","U",FALSE,0.113636499376043
"GSM5695356_204273120068_R05C01","GSM5695369_204273120066_R07C01","NA_9","SFA_10","S","S",FALSE,0.265834501511956
"GSM5695356_204273120068_R05C01","GSM5695370_204281260063_R07C01","NA_9","NA_12","S","S",FALSE,0.191077905096419
"GSM5695356_204273120068_R05C01","GSM5695371_204281260061_R03C01","NA_9","NA_13","S","S",FALSE,-0.018539215531718
"GSM5695356_204273120068_R05C01","GSM5695372_204273120073_R05C01","NA_9","NA_13","S","U",FALSE,-0.0293347628616713
"GSM5695356_204273120068_R05C01","GSM5695373_204281260043_R07C01","NA_9","SFA_11","S","S",FALSE,-0.0710203273654397
"GSM5695356_204273120068_R05C01","GSM5695374_204281260043_R03C01","NA_9","SFA_11","S","U",FALSE,-0.0780964797803689
"GSM5695356_204273120068_R05C01","GSM5695375_204088100071_R05C01","NA_9","NA_14","S","S",FALSE,-0.266869518434423
"GSM5695356_204273120068_R05C01","GSM5695376_204281260063_R03C01","NA_9","NA_14","S","U",FALSE,-0.25372941017193
"GSM5695356_204273120068_R05C01","GSM5695377_204273120073_R03C01","NA_9","NA_15","S","S",FALSE,-0.0169852948977723
"GSM5695356_204273120068_R05C01","GSM5695378_204273120068_R01C01","NA_9","NA_15","S","U",FALSE,-0.0302331802735834
"GSM5695356_204273120068_R05C01","GSM5695379_204088100071_R07C01","NA_9","MFA_13","S","S",FALSE,0.148200107461224
"GSM5695356_204273120068_R05C01","GSM5695380_204273120068_R03C01","NA_9","MFA_13","S","U",FALSE,0.158609901232468
"GSM5695356_204273120068_R05C01","GSM5695381_204273120066_R05C01","NA_9","NA_16","S","S",FALSE,-0.0157085574172167
"GSM5695356_204273120068_R05C01","GSM5695382_204088100082_R03C01","NA_9","NA_16","S","U",FALSE,-0.0387897861449266
"GSM5695356_204273120068_R05C01","GSM5695383_204281260043_R06C01","NA_9","MFA_14","S","S",FALSE,0.100795514862707
"GSM5695356_204273120068_R05C01","GSM5695384_204281260063_R06C01","NA_9","MFA_14","S","U",FALSE,0.100095375086675
"GSM5695356_204273120068_R05C01","GSM5695385_204281260063_R04C01","NA_9","SFA_12","S","S",FALSE,0.0415554885637376
"GSM5695356_204273120068_R05C01","GSM5695386_204273120074_R04C01","NA_9","SFA_12","S","U",FALSE,0.0310588430943596
"GSM5695356_204273120068_R05C01","GSM5695387_204273120073_R01C01","NA_9","NA_17","S","S",FALSE,0.0325713450257191
"GSM5695356_204273120068_R05C01","GSM5695388_204281260063_R05C01","NA_9","NA_17","S","U",FALSE,0.0424054238508585
"GSM5695356_204273120068_R05C01","GSM5695389_204088100082_R06C01","NA_9","SFA_13","S","S",FALSE,0.142469915072787
"GSM5695356_204273120068_R05C01","GSM5695390_204273120066_R01C01","NA_9","SFA_13","S","U",FALSE,0.161711074833249
"GSM5695356_204273120068_R05C01","GSM5695391_204281260043_R02C01","NA_9","MFA_15","S","S",FALSE,0.0672294843306828
"GSM5695356_204273120068_R05C01","GSM5695392_204273120073_R06C01","NA_9","MFA_15","S","U",FALSE,0.0342138478373559
"GSM5695357_204273120066_R06C01","GSM5695358_204273120005_R05C01","NA_9","MFA_12","U","S",FALSE,0.105116856407781
"GSM5695357_204273120066_R06C01","GSM5695359_204273120074_R01C01","NA_9","MFA_12","U","U",FALSE,0.112719680053803
"GSM5695357_204273120066_R06C01","GSM5695360_204273120005_R06C01","NA_9","SFA_7","U","U",FALSE,0.418286968689979
"GSM5695357_204273120066_R06C01","GSM5695361_204281260043_R01C01","NA_9","SFA_8","U","S",FALSE,-0.127977637613474
"GSM5695357_204273120066_R06C01","GSM5695362_204088100071_R08C01","NA_9","SFA_8","U","U",FALSE,-0.144405715747023
"GSM5695357_204273120066_R06C01","GSM5695363_204281260060_R03C01","NA_9","NA_10","U","S",FALSE,0.0958063678585698
"GSM5695357_204273120066_R06C01","GSM5695364_204281260043_R08C01","NA_9","NA_10","U","U",FALSE,0.103330952281056
"GSM5695357_204273120066_R06C01","GSM5695365_204088100053_R04C01","NA_9","NA_11","U","S",FALSE,-0.0019016863314303
"GSM5695357_204273120066_R06C01","GSM5695366_204088100071_R06C01","NA_9","NA_11","U","U",FALSE,0.00522388036674705
"GSM5695357_204273120066_R06C01","GSM5695367_204281260061_R06C01","NA_9","SFA_9","U","S",FALSE,0.0955315615950779
"GSM5695357_204273120066_R06C01","GSM5695368_204281260043_R05C01","NA_9","SFA_9","U","U",FALSE,0.103382705522484
"GSM5695357_204273120066_R06C01","GSM5695369_204273120066_R07C01","NA_9","SFA_10","U","S",FALSE,0.292925970381669
"GSM5695357_204273120066_R06C01","GSM5695370_204281260063_R07C01","NA_9","NA_12","U","S",FALSE,0.204516918508421
"GSM5695357_204273120066_R06C01","GSM5695371_204281260061_R03C01","NA_9","NA_13","U","S",FALSE,0.00844669045248776
"GSM5695357_204273120066_R06C01","GSM5695372_204273120073_R05C01","NA_9","NA_13","U","U",FALSE,-0.000818630946319194
"GSM5695357_204273120066_R06C01","GSM5695373_204281260043_R07C01","NA_9","SFA_11","U","S",FALSE,-0.0864367556956787
"GSM5695357_204273120066_R06C01","GSM5695374_204281260043_R03C01","NA_9","SFA_11","U","U",FALSE,-0.0967528454269336
"GSM5695357_204273120066_R06C01","GSM5695375_204088100071_R05C01","NA_9","NA_14","U","S",FALSE,-0.260880031719668
"GSM5695357_204273120066_R06C01","GSM5695376_204281260063_R03C01","NA_9","NA_14","U","U",FALSE,-0.245177369169422
"GSM5695357_204273120066_R06C01","GSM5695377_204273120073_R03C01","NA_9","NA_15","U","S",FALSE,-0.0375891359983817
"GSM5695357_204273120066_R06C01","GSM5695378_204273120068_R01C01","NA_9","NA_15","U","U",FALSE,-0.0495734780379182
"GSM5695357_204273120066_R06C01","GSM5695379_204088100071_R07C01","NA_9","MFA_13","U","S",FALSE,0.169146900076649
"GSM5695357_204273120066_R06C01","GSM5695380_204273120068_R03C01","NA_9","MFA_13","U","U",FALSE,0.180872332958328
"GSM5695357_204273120066_R06C01","GSM5695381_204273120066_R05C01","NA_9","NA_16","U","S",FALSE,-0.00884436172907161
"GSM5695357_204273120066_R06C01","GSM5695382_204088100082_R03C01","NA_9","NA_16","U","U",FALSE,-0.0361970024481284
"GSM5695357_204273120066_R06C01","GSM5695383_204281260043_R06C01","NA_9","MFA_14","U","S",FALSE,0.082289641836899
"GSM5695357_204273120066_R06C01","GSM5695384_204281260063_R06C01","NA_9","MFA_14","U","U",FALSE,0.0797507232201822
"GSM5695357_204273120066_R06C01","GSM5695385_204281260063_R04C01","NA_9","SFA_12","U","S",FALSE,0.041106793233648
"GSM5695357_204273120066_R06C01","GSM5695386_204273120074_R04C01","NA_9","SFA_12","U","U",FALSE,0.0286611439867984
"GSM5695357_204273120066_R06C01","GSM5695387_204273120073_R01C01","NA_9","NA_17","U","S",FALSE,0.0323320894832096
"GSM5695357_204273120066_R06C01","GSM5695388_204281260063_R05C01","NA_9","NA_17","U","U",FALSE,0.0433909600375277
"GSM5695357_204273120066_R06C01","GSM5695389_204088100082_R06C01","NA_9","SFA_13","U","S",FALSE,0.148659013367899
"GSM5695357_204273120066_R06C01","GSM5695390_204273120066_R01C01","NA_9","SFA_13","U","U",FALSE,0.169213209582629
"GSM5695357_204273120066_R06C01","GSM5695391_204281260043_R02C01","NA_9","MFA_15","U","S",FALSE,0.0814393260713008
"GSM5695357_204273120066_R06C01","GSM5695392_204273120073_R06C01","NA_9","MFA_15","U","U",FALSE,0.0496564428983866
"GSM5695358_204273120005_R05C01","GSM5695359_204273120074_R01C01","MFA_12","MFA_12","S","U",TRUE,0.996281055356406
"GSM5695358_204273120005_R05C01","GSM5695360_204273120005_R06C01","MFA_12","SFA_7","S","U",FALSE,0.0783696013569736
"GSM5695358_204273120005_R05C01","GSM5695361_204281260043_R01C01","MFA_12","SFA_8","S","S",FALSE,0.207278276712134
"GSM5695358_204273120005_R05C01","GSM5695362_204088100071_R08C01","MFA_12","SFA_8","S","U",FALSE,0.210590595417117
"GSM5695358_204273120005_R05C01","GSM5695363_204281260060_R03C01","MFA_12","NA_10","S","S",FALSE,0.184690807388361
"GSM5695358_204273120005_R05C01","GSM5695364_204281260043_R08C01","MFA_12","NA_10","S","U",FALSE,0.182250747771417
"GSM5695358_204273120005_R05C01","GSM5695365_204088100053_R04C01","MFA_12","NA_11","S","S",FALSE,0.297198475963697
"GSM5695358_204273120005_R05C01","GSM5695366_204088100071_R06C01","MFA_12","NA_11","S","U",FALSE,0.296787046622857
"GSM5695358_204273120005_R05C01","GSM5695367_204281260061_R06C01","MFA_12","SFA_9","S","S",FALSE,0.47854684525788
"GSM5695358_204273120005_R05C01","GSM5695368_204281260043_R05C01","MFA_12","SFA_9","S","U",FALSE,0.482418954676694
"GSM5695358_204273120005_R05C01","GSM5695369_204273120066_R07C01","MFA_12","SFA_10","S","S",FALSE,0.248730800177853
"GSM5695358_204273120005_R05C01","GSM5695370_204281260063_R07C01","MFA_12","NA_12","S","S",FALSE,0.0425657148453046
"GSM5695358_204273120005_R05C01","GSM5695371_204281260061_R03C01","MFA_12","NA_13","S","S",FALSE,0.341191734291383
"GSM5695358_204273120005_R05C01","GSM5695372_204273120073_R05C01","MFA_12","NA_13","S","U",FALSE,0.329449834570317
"GSM5695358_204273120005_R05C01","GSM5695373_204281260043_R07C01","MFA_12","SFA_11","S","S",FALSE,0.0528217632273745
"GSM5695358_204273120005_R05C01","GSM5695374_204281260043_R03C01","MFA_12","SFA_11","S","U",FALSE,0.0503605187167448
"GSM5695358_204273120005_R05C01","GSM5695375_204088100071_R05C01","MFA_12","NA_14","S","S",FALSE,-0.0133432487269425
"GSM5695358_204273120005_R05C01","GSM5695376_204281260063_R03C01","MFA_12","NA_14","S","U",FALSE,-0.0287364532819265
"GSM5695358_204273120005_R05C01","GSM5695377_204273120073_R03C01","MFA_12","NA_15","S","S",FALSE,0.0700297560610243
"GSM5695358_204273120005_R05C01","GSM5695378_204273120068_R01C01","MFA_12","NA_15","S","U",FALSE,0.0718221857460306
"GSM5695358_204273120005_R05C01","GSM5695379_204088100071_R07C01","MFA_12","MFA_13","S","S",FALSE,0.0581503092390399
"GSM5695358_204273120005_R05C01","GSM5695380_204273120068_R03C01","MFA_12","MFA_13","S","U",FALSE,0.0336762163157768
"GSM5695358_204273120005_R05C01","GSM5695381_204273120066_R05C01","MFA_12","NA_16","S","S",FALSE,0.250614270319295
"GSM5695358_204273120005_R05C01","GSM5695382_204088100082_R03C01","MFA_12","NA_16","S","U",FALSE,0.245442807131059
"GSM5695358_204273120005_R05C01","GSM5695383_204281260043_R06C01","MFA_12","MFA_14","S","S",FALSE,-0.0788209148818318
"GSM5695358_204273120005_R05C01","GSM5695384_204281260063_R06C01","MFA_12","MFA_14","S","U",FALSE,-0.0861782682473385
"GSM5695358_204273120005_R05C01","GSM5695385_204281260063_R04C01","MFA_12","SFA_12","S","S",FALSE,0.174844053182877
"GSM5695358_204273120005_R05C01","GSM5695386_204273120074_R04C01","MFA_12","SFA_12","S","U",FALSE,0.191380508152365
"GSM5695358_204273120005_R05C01","GSM5695387_204273120073_R01C01","MFA_12","NA_17","S","S",FALSE,0.0966457399708685
"GSM5695358_204273120005_R05C01","GSM5695388_204281260063_R05C01","MFA_12","NA_17","S","U",FALSE,0.0894202884387349
"GSM5695358_204273120005_R05C01","GSM5695389_204088100082_R06C01","MFA_12","SFA_13","S","S",FALSE,-0.0109721809299563
"GSM5695358_204273120005_R05C01","GSM5695390_204273120066_R01C01","MFA_12","SFA_13","S","U",FALSE,-0.00754082819012396
"GSM5695358_204273120005_R05C01","GSM5695391_204281260043_R02C01","MFA_12","MFA_15","S","S",FALSE,0.114797632261711
"GSM5695358_204273120005_R05C01","GSM5695392_204273120073_R06C01","MFA_12","MFA_15","S","U",FALSE,0.118031614478887
"GSM5695359_204273120074_R01C01","GSM5695360_204273120005_R06C01","MFA_12","SFA_7","U","U",FALSE,0.0685721869306716
"GSM5695359_204273120074_R01C01","GSM5695361_204281260043_R01C01","MFA_12","SFA_8","U","S",FALSE,0.221278734764824
"GSM5695359_204273120074_R01C01","GSM5695362_204088100071_R08C01","MFA_12","SFA_8","U","U",FALSE,0.223524535597057
"GSM5695359_204273120074_R01C01","GSM5695363_204281260060_R03C01","MFA_12","NA_10","U","S",FALSE,0.19167860921069
"GSM5695359_204273120074_R01C01","GSM5695364_204281260043_R08C01","MFA_12","NA_10","U","U",FALSE,0.18636513694143
"GSM5695359_204273120074_R01C01","GSM5695365_204088100053_R04C01","MFA_12","NA_11","U","S",FALSE,0.286654845102988
"GSM5695359_204273120074_R01C01","GSM5695366_204088100071_R06C01","MFA_12","NA_11","U","U",FALSE,0.286202035467249
"GSM5695359_204273120074_R01C01","GSM5695367_204281260061_R06C01","MFA_12","SFA_9","U","S",FALSE,0.484895025990694
"GSM5695359_204273120074_R01C01","GSM5695368_204281260043_R05C01","MFA_12","SFA_9","U","U",FALSE,0.48739193988749
"GSM5695359_204273120074_R01C01","GSM5695369_204273120066_R07C01","MFA_12","SFA_10","U","S",FALSE,0.244041645108986
"GSM5695359_204273120074_R01C01","GSM5695370_204281260063_R07C01","MFA_12","NA_12","U","S",FALSE,0.064383143749283
"GSM5695359_204273120074_R01C01","GSM5695371_204281260061_R03C01","MFA_12","NA_13","U","S",FALSE,0.355347427520572
"GSM5695359_204273120074_R01C01","GSM5695372_204273120073_R05C01","MFA_12","NA_13","U","U",FALSE,0.342862290529583
"GSM5695359_204273120074_R01C01","GSM5695373_204281260043_R07C01","MFA_12","SFA_11","U","S",FALSE,0.0684020287399155
"GSM5695359_204273120074_R01C01","GSM5695374_204281260043_R03C01","MFA_12","SFA_11","U","U",FALSE,0.0659607996674932
"GSM5695359_204273120074_R01C01","GSM5695375_204088100071_R05C01","MFA_12","NA_14","U","S",FALSE,-0.0257221688654605
"GSM5695359_204273120074_R01C01","GSM5695376_204281260063_R03C01","MFA_12","NA_14","U","U",FALSE,-0.0401576936053078
"GSM5695359_204273120074_R01C01","GSM5695377_204273120073_R03C01","MFA_12","NA_15","U","S",FALSE,0.0898083493431955
"GSM5695359_204273120074_R01C01","GSM5695378_204273120068_R01C01","MFA_12","NA_15","U","U",FALSE,0.0921309221352775
"GSM5695359_204273120074_R01C01","GSM5695379_204088100071_R07C01","MFA_12","MFA_13","U","S",FALSE,0.0644340871945192
"GSM5695359_204273120074_R01C01","GSM5695380_204273120068_R03C01","MFA_12","MFA_13","U","U",FALSE,0.0384930093033066
"GSM5695359_204273120074_R01C01","GSM5695381_204273120066_R05C01","MFA_12","NA_16","U","S",FALSE,0.256384120921089
"GSM5695359_204273120074_R01C01","GSM5695382_204088100082_R03C01","MFA_12","NA_16","U","U",FALSE,0.251090749587998
"GSM5695359_204273120074_R01C01","GSM5695383_204281260043_R06C01","MFA_12","MFA_14","U","S",FALSE,-0.0594531346841681
"GSM5695359_204273120074_R01C01","GSM5695384_204281260063_R06C01","MFA_12","MFA_14","U","U",FALSE,-0.0666149004405575
"GSM5695359_204273120074_R01C01","GSM5695385_204281260063_R04C01","MFA_12","SFA_12","U","S",FALSE,0.192021535676557
"GSM5695359_204273120074_R01C01","GSM5695386_204273120074_R04C01","MFA_12","SFA_12","U","U",FALSE,0.208679892984322
"GSM5695359_204273120074_R01C01","GSM5695387_204273120073_R01C01","MFA_12","NA_17","U","S",FALSE,0.103572828743331
"GSM5695359_204273120074_R01C01","GSM5695388_204281260063_R05C01","MFA_12","NA_17","U","U",FALSE,0.0990380015912689
"GSM5695359_204273120074_R01C01","GSM5695389_204088100082_R06C01","MFA_12","SFA_13","U","S",FALSE,-0.00376872672033111
"GSM5695359_204273120074_R01C01","GSM5695390_204273120066_R01C01","MFA_12","SFA_13","U","U",FALSE,-0.000323072128904966
"GSM5695359_204273120074_R01C01","GSM5695391_204281260043_R02C01","MFA_12","MFA_15","U","S",FALSE,0.132696970794673
"GSM5695359_204273120074_R01C01","GSM5695392_204273120073_R06C01","MFA_12","MFA_15","U","U",FALSE,0.138366199616771
"GSM5695360_204273120005_R06C01","GSM5695361_204281260043_R01C01","SFA_7","SFA_8","U","S",FALSE,0.151598219891685
"GSM5695360_204273120005_R06C01","GSM5695362_204088100071_R08C01","SFA_7","SFA_8","U","U",FALSE,0.139669512460386
"GSM5695360_204273120005_R06C01","GSM5695363_204281260060_R03C01","SFA_7","NA_10","U","S",FALSE,0.187982468200216
"GSM5695360_204273120005_R06C01","GSM5695364_204281260043_R08C01","SFA_7","NA_10","U","U",FALSE,0.206949801033815
"GSM5695360_204273120005_R06C01","GSM5695365_204088100053_R04C01","SFA_7","NA_11","U","S",FALSE,-0.172743563573169
"GSM5695360_204273120005_R06C01","GSM5695366_204088100071_R06C01","SFA_7","NA_11","U","U",FALSE,-0.174913256003861
"GSM5695360_204273120005_R06C01","GSM5695367_204281260061_R06C01","SFA_7","SFA_9","U","S",FALSE,0.165969734194601
"GSM5695360_204273120005_R06C01","GSM5695368_204281260043_R05C01","SFA_7","SFA_9","U","U",FALSE,0.180394794802138
"GSM5695360_204273120005_R06C01","GSM5695369_204273120066_R07C01","SFA_7","SFA_10","U","S",FALSE,0.262972023611478
"GSM5695360_204273120005_R06C01","GSM5695370_204281260063_R07C01","SFA_7","NA_12","U","S",FALSE,0.164343916477726
"GSM5695360_204273120005_R06C01","GSM5695371_204281260061_R03C01","SFA_7","NA_13","U","S",FALSE,0.185687077054991
"GSM5695360_204273120005_R06C01","GSM5695372_204273120073_R05C01","SFA_7","NA_13","U","U",FALSE,0.176175349976057
"GSM5695360_204273120005_R06C01","GSM5695373_204281260043_R07C01","SFA_7","SFA_11","U","S",FALSE,0.0950874790834542
"GSM5695360_204273120005_R06C01","GSM5695374_204281260043_R03C01","SFA_7","SFA_11","U","U",FALSE,0.0756874618575425
"GSM5695360_204273120005_R06C01","GSM5695375_204088100071_R05C01","SFA_7","NA_14","U","S",FALSE,-0.0487573968634188
"GSM5695360_204273120005_R06C01","GSM5695376_204281260063_R03C01","SFA_7","NA_14","U","U",FALSE,-0.0357837302758994
"GSM5695360_204273120005_R06C01","GSM5695377_204273120073_R03C01","SFA_7","NA_15","U","S",FALSE,0.128133964679596
"GSM5695360_204273120005_R06C01","GSM5695378_204273120068_R01C01","SFA_7","NA_15","U","U",FALSE,0.121885278118204
"GSM5695360_204273120005_R06C01","GSM5695379_204088100071_R07C01","SFA_7","MFA_13","U","S",FALSE,0.232894506256633
"GSM5695360_204273120005_R06C01","GSM5695380_204273120068_R03C01","SFA_7","MFA_13","U","U",FALSE,0.243087928284257
"GSM5695360_204273120005_R06C01","GSM5695381_204273120066_R05C01","SFA_7","NA_16","U","S",FALSE,-0.0572312148154397
"GSM5695360_204273120005_R06C01","GSM5695382_204088100082_R03C01","SFA_7","NA_16","U","U",FALSE,-0.0744136691425587
"GSM5695360_204273120005_R06C01","GSM5695383_204281260043_R06C01","SFA_7","MFA_14","U","S",FALSE,0.126189537445843
"GSM5695360_204273120005_R06C01","GSM5695384_204281260063_R06C01","SFA_7","MFA_14","U","U",FALSE,0.126204125904825
"GSM5695360_204273120005_R06C01","GSM5695385_204281260063_R04C01","SFA_7","SFA_12","U","S",FALSE,0.274662771928168
"GSM5695360_204273120005_R06C01","GSM5695386_204273120074_R04C01","SFA_7","SFA_12","U","U",FALSE,0.25859924436094
"GSM5695360_204273120005_R06C01","GSM5695387_204273120073_R01C01","SFA_7","NA_17","U","S",FALSE,0.152013171989537
"GSM5695360_204273120005_R06C01","GSM5695388_204281260063_R05C01","SFA_7","NA_17","U","U",FALSE,0.152521093882626
"GSM5695360_204273120005_R06C01","GSM5695389_204088100082_R06C01","SFA_7","SFA_13","U","S",FALSE,0.147327309919168
"GSM5695360_204273120005_R06C01","GSM5695390_204273120066_R01C01","SFA_7","SFA_13","U","U",FALSE,0.159970434348433
"GSM5695360_204273120005_R06C01","GSM5695391_204281260043_R02C01","SFA_7","MFA_15","U","S",FALSE,0.213318537068069
"GSM5695360_204273120005_R06C01","GSM5695392_204273120073_R06C01","SFA_7","MFA_15","U","U",FALSE,0.178949060934457
"GSM5695361_204281260043_R01C01","GSM5695362_204088100071_R08C01","SFA_8","SFA_8","S","U",TRUE,0.994250914051365
"GSM5695361_204281260043_R01C01","GSM5695363_204281260060_R03C01","SFA_8","NA_10","S","S",FALSE,0.323682617681575
"GSM5695361_204281260043_R01C01","GSM5695364_204281260043_R08C01","SFA_8","NA_10","S","U",FALSE,0.284102524405223
"GSM5695361_204281260043_R01C01","GSM5695365_204088100053_R04C01","SFA_8","NA_11","S","S",FALSE,0.143238743818926
"GSM5695361_204281260043_R01C01","GSM5695366_204088100071_R06C01","SFA_8","NA_11","S","U",FALSE,0.135090275619487
"GSM5695361_204281260043_R01C01","GSM5695367_204281260061_R06C01","SFA_8","SFA_9","S","S",FALSE,-0.00696340864528598
"GSM5695361_204281260043_R01C01","GSM5695368_204281260043_R05C01","SFA_8","SFA_9","S","U",FALSE,-0.0103976811791584
"GSM5695361_204281260043_R01C01","GSM5695369_204273120066_R07C01","SFA_8","SFA_10","S","S",FALSE,0.205882246879926
"GSM5695361_204281260043_R01C01","GSM5695370_204281260063_R07C01","SFA_8","NA_12","S","S",FALSE,0.149499256461216
"GSM5695361_204281260043_R01C01","GSM5695371_204281260061_R03C01","SFA_8","NA_13","S","S",FALSE,0.295196506341013
"GSM5695361_204281260043_R01C01","GSM5695372_204273120073_R05C01","SFA_8","NA_13","S","U",FALSE,0.286102118761564
"GSM5695361_204281260043_R01C01","GSM5695373_204281260043_R07C01","SFA_8","SFA_11","S","S",FALSE,0.133786117294041
"GSM5695361_204281260043_R01C01","GSM5695374_204281260043_R03C01","SFA_8","SFA_11","S","U",FALSE,0.134719230163988
"GSM5695361_204281260043_R01C01","GSM5695375_204088100071_R05C01","SFA_8","NA_14","S","S",FALSE,0.207526232142603
"GSM5695361_204281260043_R01C01","GSM5695376_204281260063_R03C01","SFA_8","NA_14","S","U",FALSE,0.183983992948217
"GSM5695361_204281260043_R01C01","GSM5695377_204273120073_R03C01","SFA_8","NA_15","S","S",FALSE,0.142221975950324
"GSM5695361_204281260043_R01C01","GSM5695378_204273120068_R01C01","SFA_8","NA_15","S","U",FALSE,0.155384091944188
"GSM5695361_204281260043_R01C01","GSM5695379_204088100071_R07C01","SFA_8","MFA_13","S","S",FALSE,0.309457434670682
"GSM5695361_204281260043_R01C01","GSM5695380_204273120068_R03C01","SFA_8","MFA_13","S","U",FALSE,0.290918579148871
"GSM5695361_204281260043_R01C01","GSM5695381_204273120066_R05C01","SFA_8","NA_16","S","S",FALSE,0.151682586828661
"GSM5695361_204281260043_R01C01","GSM5695382_204088100082_R03C01","SFA_8","NA_16","S","U",FALSE,0.131547663738259
"GSM5695361_204281260043_R01C01","GSM5695383_204281260043_R06C01","SFA_8","MFA_14","S","S",FALSE,0.399542170238192
"GSM5695361_204281260043_R01C01","GSM5695384_204281260063_R06C01","SFA_8","MFA_14","S","U",FALSE,0.392110745435484
"GSM5695361_204281260043_R01C01","GSM5695385_204281260063_R04C01","SFA_8","SFA_12","S","S",FALSE,0.368301920360861
"GSM5695361_204281260043_R01C01","GSM5695386_204273120074_R04C01","SFA_8","SFA_12","S","U",FALSE,0.390394988565316
"GSM5695361_204281260043_R01C01","GSM5695387_204273120073_R01C01","SFA_8","NA_17","S","S",FALSE,0.132264603777349
"GSM5695361_204281260043_R01C01","GSM5695388_204281260063_R05C01","SFA_8","NA_17","S","U",FALSE,0.138846810382549
"GSM5695361_204281260043_R01C01","GSM5695389_204088100082_R06C01","SFA_8","SFA_13","S","S",FALSE,0.390591145113119
"GSM5695361_204281260043_R01C01","GSM5695390_204273120066_R01C01","SFA_8","SFA_13","S","U",FALSE,0.367997875262747
"GSM5695361_204281260043_R01C01","GSM5695391_204281260043_R02C01","SFA_8","MFA_15","S","S",FALSE,0.424816521246992
"GSM5695361_204281260043_R01C01","GSM5695392_204273120073_R06C01","SFA_8","MFA_15","S","U",FALSE,0.446136238081929
"GSM5695362_204088100071_R08C01","GSM5695363_204281260060_R03C01","SFA_8","NA_10","U","S",FALSE,0.311460147383503
"GSM5695362_204088100071_R08C01","GSM5695364_204281260043_R08C01","SFA_8","NA_10","U","U",FALSE,0.269999081908041
"GSM5695362_204088100071_R08C01","GSM5695365_204088100053_R04C01","SFA_8","NA_11","U","S",FALSE,0.110487302873518
"GSM5695362_204088100071_R08C01","GSM5695366_204088100071_R06C01","SFA_8","NA_11","U","U",FALSE,0.103106663465166
"GSM5695362_204088100071_R08C01","GSM5695367_204281260061_R06C01","SFA_8","SFA_9","U","S",FALSE,-0.0300937876450513
"GSM5695362_204088100071_R08C01","GSM5695368_204281260043_R05C01","SFA_8","SFA_9","U","U",FALSE,-0.0324004931863633
"GSM5695362_204088100071_R08C01","GSM5695369_204273120066_R07C01","SFA_8","SFA_10","U","S",FALSE,0.189158531506579
"GSM5695362_204088100071_R08C01","GSM5695370_204281260063_R07C01","SFA_8","NA_12","U","S",FALSE,0.14368942594228
"GSM5695362_204088100071_R08C01","GSM5695371_204281260061_R03C01","SFA_8","NA_13","U","S",FALSE,0.275090054964531
"GSM5695362_204088100071_R08C01","GSM5695372_204273120073_R05C01","SFA_8","NA_13","U","U",FALSE,0.263924602701974
"GSM5695362_204088100071_R08C01","GSM5695373_204281260043_R07C01","SFA_8","SFA_11","U","S",FALSE,0.143532795488957
"GSM5695362_204088100071_R08C01","GSM5695374_204281260043_R03C01","SFA_8","SFA_11","U","U",FALSE,0.147498693776551
"GSM5695362_204088100071_R08C01","GSM5695375_204088100071_R05C01","SFA_8","NA_14","U","S",FALSE,0.192562268837107
"GSM5695362_204088100071_R08C01","GSM5695376_204281260063_R03C01","SFA_8","NA_14","U","U",FALSE,0.166735549636926
"GSM5695362_204088100071_R08C01","GSM5695377_204273120073_R03C01","SFA_8","NA_15","U","S",FALSE,0.128695347564276
"GSM5695362_204088100071_R08C01","GSM5695378_204273120068_R01C01","SFA_8","NA_15","U","U",FALSE,0.141413596455403
"GSM5695362_204088100071_R08C01","GSM5695379_204088100071_R07C01","SFA_8","MFA_13","U","S",FALSE,0.29906169265223
"GSM5695362_204088100071_R08C01","GSM5695380_204273120068_R03C01","SFA_8","MFA_13","U","U",FALSE,0.281627926389514
"GSM5695362_204088100071_R08C01","GSM5695381_204273120066_R05C01","SFA_8","NA_16","U","S",FALSE,0.157181992510974
"GSM5695362_204088100071_R08C01","GSM5695382_204088100082_R03C01","SFA_8","NA_16","U","U",FALSE,0.138656035790528
"GSM5695362_204088100071_R08C01","GSM5695383_204281260043_R06C01","SFA_8","MFA_14","U","S",FALSE,0.420380134782418
"GSM5695362_204088100071_R08C01","GSM5695384_204281260063_R06C01","SFA_8","MFA_14","U","U",FALSE,0.410002720320441
"GSM5695362_204088100071_R08C01","GSM5695385_204281260063_R04C01","SFA_8","SFA_12","U","S",FALSE,0.355351845653642
"GSM5695362_204088100071_R08C01","GSM5695386_204273120074_R04C01","SFA_8","SFA_12","U","U",FALSE,0.375905576384355
"GSM5695362_204088100071_R08C01","GSM5695387_204273120073_R01C01","SFA_8","NA_17","U","S",FALSE,0.123295903892969
"GSM5695362_204088100071_R08C01","GSM5695388_204281260063_R05C01","SFA_8","NA_17","U","U",FALSE,0.126011526541106
"GSM5695362_204088100071_R08C01","GSM5695389_204088100082_R06C01","SFA_8","SFA_13","U","S",FALSE,0.369417577541936
"GSM5695362_204088100071_R08C01","GSM5695390_204273120066_R01C01","SFA_8","SFA_13","U","U",FALSE,0.348446379845857
"GSM5695362_204088100071_R08C01","GSM5695391_204281260043_R02C01","SFA_8","MFA_15","U","S",FALSE,0.424538972434488
"GSM5695362_204088100071_R08C01","GSM5695392_204273120073_R06C01","SFA_8","MFA_15","U","U",FALSE,0.44482232451848
"GSM5695363_204281260060_R03C01","GSM5695364_204281260043_R08C01","NA_10","NA_10","S","U",TRUE,0.981376345433928
"GSM5695363_204281260060_R03C01","GSM5695365_204088100053_R04C01","NA_10","NA_11","S","S",FALSE,0.206937821799286
"GSM5695363_204281260060_R03C01","GSM5695366_204088100071_R06C01","NA_10","NA_11","S","U",FALSE,0.188765180486829
"GSM5695363_204281260060_R03C01","GSM5695367_204281260061_R06C01","NA_10","SFA_9","S","S",FALSE,0.337846049428111
"GSM5695363_204281260060_R03C01","GSM5695368_204281260043_R05C01","NA_10","SFA_9","S","U",FALSE,0.333057889983294
"GSM5695363_204281260060_R03C01","GSM5695369_204273120066_R07C01","NA_10","SFA_10","S","S",FALSE,0.416767431744386
"GSM5695363_204281260060_R03C01","GSM5695370_204281260063_R07C01","NA_10","NA_12","S","S",FALSE,0.117722813070305
"GSM5695363_204281260060_R03C01","GSM5695371_204281260061_R03C01","NA_10","NA_13","S","S",FALSE,0.200617986642585
"GSM5695363_204281260060_R03C01","GSM5695372_204273120073_R05C01","NA_10","NA_13","S","U",FALSE,0.205254476503729
"GSM5695363_204281260060_R03C01","GSM5695373_204281260043_R07C01","NA_10","SFA_11","S","S",FALSE,0.299332776357303
"GSM5695363_204281260060_R03C01","GSM5695374_204281260043_R03C01","NA_10","SFA_11","S","U",FALSE,0.273707774690518
"GSM5695363_204281260060_R03C01","GSM5695375_204088100071_R05C01","NA_10","NA_14","S","S",FALSE,0.0629867410388113
"GSM5695363_204281260060_R03C01","GSM5695376_204281260063_R03C01","NA_10","NA_14","S","U",FALSE,0.0465845331256328
"GSM5695363_204281260060_R03C01","GSM5695377_204273120073_R03C01","NA_10","NA_15","S","S",FALSE,-0.128050723993495
"GSM5695363_204281260060_R03C01","GSM5695378_204273120068_R01C01","NA_10","NA_15","S","U",FALSE,-0.100128344029765
"GSM5695363_204281260060_R03C01","GSM5695379_204088100071_R07C01","NA_10","MFA_13","S","S",FALSE,0.281691504163494
"GSM5695363_204281260060_R03C01","GSM5695380_204273120068_R03C01","NA_10","MFA_13","S","U",FALSE,0.295442983561909
"GSM5695363_204281260060_R03C01","GSM5695381_204273120066_R05C01","NA_10","NA_16","S","S",FALSE,0.0526401546806414
"GSM5695363_204281260060_R03C01","GSM5695382_204088100082_R03C01","NA_10","NA_16","S","U",FALSE,0.0312531938016449
"GSM5695363_204281260060_R03C01","GSM5695383_204281260043_R06C01","NA_10","MFA_14","S","S",FALSE,0.329380651923164
"GSM5695363_204281260060_R03C01","GSM5695384_204281260063_R06C01","NA_10","MFA_14","S","U",FALSE,0.32773306339474
"GSM5695363_204281260060_R03C01","GSM5695385_204281260063_R04C01","NA_10","SFA_12","S","S",FALSE,0.239898519772432
"GSM5695363_204281260060_R03C01","GSM5695386_204273120074_R04C01","NA_10","SFA_12","S","U",FALSE,0.261227963735089
"GSM5695363_204281260060_R03C01","GSM5695387_204273120073_R01C01","NA_10","NA_17","S","S",FALSE,0.113919984216281
"GSM5695363_204281260060_R03C01","GSM5695388_204281260063_R05C01","NA_10","NA_17","S","U",FALSE,0.10730427827227
"GSM5695363_204281260060_R03C01","GSM5695389_204088100082_R06C01","NA_10","SFA_13","S","S",FALSE,0.17412895499846
"GSM5695363_204281260060_R03C01","GSM5695390_204273120066_R01C01","NA_10","SFA_13","S","U",FALSE,0.195384543485774
"GSM5695363_204281260060_R03C01","GSM5695391_204281260043_R02C01","NA_10","MFA_15","S","S",FALSE,0.255642573691146
"GSM5695363_204281260060_R03C01","GSM5695392_204273120073_R06C01","NA_10","MFA_15","S","U",FALSE,0.262196253986027
"GSM5695364_204281260043_R08C01","GSM5695365_204088100053_R04C01","NA_10","NA_11","U","S",FALSE,0.225080608000259
"GSM5695364_204281260043_R08C01","GSM5695366_204088100071_R06C01","NA_10","NA_11","U","U",FALSE,0.206893698057362
"GSM5695364_204281260043_R08C01","GSM5695367_204281260061_R06C01","NA_10","SFA_9","U","S",FALSE,0.362206351409179
"GSM5695364_204281260043_R08C01","GSM5695368_204281260043_R05C01","NA_10","SFA_9","U","U",FALSE,0.360231756582572
"GSM5695364_204281260043_R08C01","GSM5695369_204273120066_R07C01","NA_10","SFA_10","U","S",FALSE,0.421366522120013
"GSM5695364_204281260043_R08C01","GSM5695370_204281260063_R07C01","NA_10","NA_12","U","S",FALSE,0.162038413449545
"GSM5695364_204281260043_R08C01","GSM5695371_204281260061_R03C01","NA_10","NA_13","U","S",FALSE,0.234366367549052
"GSM5695364_204281260043_R08C01","GSM5695372_204273120073_R05C01","NA_10","NA_13","U","U",FALSE,0.237956502188499
"GSM5695364_204281260043_R08C01","GSM5695373_204281260043_R07C01","NA_10","SFA_11","U","S",FALSE,0.319385319275221
"GSM5695364_204281260043_R08C01","GSM5695374_204281260043_R03C01","NA_10","SFA_11","U","U",FALSE,0.295866392979394
"GSM5695364_204281260043_R08C01","GSM5695375_204088100071_R05C01","NA_10","NA_14","U","S",FALSE,0.0812514637324567
"GSM5695364_204281260043_R08C01","GSM5695376_204281260063_R03C01","NA_10","NA_14","U","U",FALSE,0.0631344240248218
"GSM5695364_204281260043_R08C01","GSM5695377_204273120073_R03C01","NA_10","NA_15","U","S",FALSE,-0.115055079471683
"GSM5695364_204281260043_R08C01","GSM5695378_204273120068_R01C01","NA_10","NA_15","U","U",FALSE,-0.0881328287383737
"GSM5695364_204281260043_R08C01","GSM5695379_204088100071_R07C01","NA_10","MFA_13","U","S",FALSE,0.268760200426755
"GSM5695364_204281260043_R08C01","GSM5695380_204273120068_R03C01","NA_10","MFA_13","U","U",FALSE,0.286664256705672
"GSM5695364_204281260043_R08C01","GSM5695381_204273120066_R05C01","NA_10","NA_16","U","S",FALSE,0.0613771152310351
"GSM5695364_204281260043_R08C01","GSM5695382_204088100082_R03C01","NA_10","NA_16","U","U",FALSE,0.0450854139956383
"GSM5695364_204281260043_R08C01","GSM5695383_204281260043_R06C01","NA_10","MFA_14","U","S",FALSE,0.329103761038404
"GSM5695364_204281260043_R08C01","GSM5695384_204281260063_R06C01","NA_10","MFA_14","U","U",FALSE,0.331679935026158
"GSM5695364_204281260043_R08C01","GSM5695385_204281260063_R04C01","NA_10","SFA_12","U","S",FALSE,0.235666523992436
"GSM5695364_204281260043_R08C01","GSM5695386_204273120074_R04C01","NA_10","SFA_12","U","U",FALSE,0.25476969995951
"GSM5695364_204281260043_R08C01","GSM5695387_204273120073_R01C01","NA_10","NA_17","U","S",FALSE,0.131034988792287
"GSM5695364_204281260043_R08C01","GSM5695388_204281260063_R05C01","NA_10","NA_17","U","U",FALSE,0.122373077433067
"GSM5695364_204281260043_R08C01","GSM5695389_204088100082_R06C01","NA_10","SFA_13","U","S",FALSE,0.180311456684561
"GSM5695364_204281260043_R08C01","GSM5695390_204273120066_R01C01","NA_10","SFA_13","U","U",FALSE,0.209119348913187
"GSM5695364_204281260043_R08C01","GSM5695391_204281260043_R02C01","NA_10","MFA_15","U","S",FALSE,0.246163057172441
"GSM5695364_204281260043_R08C01","GSM5695392_204273120073_R06C01","NA_10","MFA_15","U","U",FALSE,0.236566525211407
"GSM5695365_204088100053_R04C01","GSM5695366_204088100071_R06C01","NA_11","NA_11","S","U",TRUE,0.997930746823257
"GSM5695365_204088100053_R04C01","GSM5695367_204281260061_R06C01","NA_11","SFA_9","S","S",FALSE,0.259167273223122
"GSM5695365_204088100053_R04C01","GSM5695368_204281260043_R05C01","NA_11","SFA_9","S","U",FALSE,0.266339126185678
"GSM5695365_204088100053_R04C01","GSM5695369_204273120066_R07C01","NA_11","SFA_10","S","S",FALSE,0.27385153848938
"GSM5695365_204088100053_R04C01","GSM5695370_204281260063_R07C01","NA_11","NA_12","S","S",FALSE,0.0143290731485463
"GSM5695365_204088100053_R04C01","GSM5695371_204281260061_R03C01","NA_11","NA_13","S","S",FALSE,0.225850883050525
"GSM5695365_204088100053_R04C01","GSM5695372_204273120073_R05C01","NA_11","NA_13","S","U",FALSE,0.230875368874508
"GSM5695365_204088100053_R04C01","GSM5695373_204281260043_R07C01","NA_11","SFA_11","S","S",FALSE,0.0404895914688567
"GSM5695365_204088100053_R04C01","GSM5695374_204281260043_R03C01","NA_11","SFA_11","S","U",FALSE,0.00556045209329806
"GSM5695365_204088100053_R04C01","GSM5695375_204088100071_R05C01","NA_11","NA_14","S","S",FALSE,0.299318072280569
"GSM5695365_204088100053_R04C01","GSM5695376_204281260063_R03C01","NA_11","NA_14","S","U",FALSE,0.292405451195113
"GSM5695365_204088100053_R04C01","GSM5695377_204273120073_R03C01","NA_11","NA_15","S","S",FALSE,0.158340666606253
"GSM5695365_204088100053_R04C01","GSM5695378_204273120068_R01C01","NA_11","NA_15","S","U",FALSE,0.171194974196537
"GSM5695365_204088100053_R04C01","GSM5695379_204088100071_R07C01","NA_11","MFA_13","S","S",FALSE,0.0746539295025536
"GSM5695365_204088100053_R04C01","GSM5695380_204273120068_R03C01","NA_11","MFA_13","S","U",FALSE,0.0721246680422936
"GSM5695365_204088100053_R04C01","GSM5695381_204273120066_R05C01","NA_11","NA_16","S","S",FALSE,0.07245931561961
"GSM5695365_204088100053_R04C01","GSM5695382_204088100082_R03C01","NA_11","NA_16","S","U",FALSE,0.0895096984021631
"GSM5695365_204088100053_R04C01","GSM5695383_204281260043_R06C01","NA_11","MFA_14","S","S",FALSE,0.0188715845931994
"GSM5695365_204088100053_R04C01","GSM5695384_204281260063_R06C01","NA_11","MFA_14","S","U",FALSE,0.0189666971131383
"GSM5695365_204088100053_R04C01","GSM5695385_204281260063_R04C01","NA_11","SFA_12","S","S",FALSE,0.0737259815069772
"GSM5695365_204088100053_R04C01","GSM5695386_204273120074_R04C01","NA_11","SFA_12","S","U",FALSE,0.0936020984872252
"GSM5695365_204088100053_R04C01","GSM5695387_204273120073_R01C01","NA_11","NA_17","S","S",FALSE,0.14623694105815
"GSM5695365_204088100053_R04C01","GSM5695388_204281260063_R05C01","NA_11","NA_17","S","U",FALSE,0.151901004087622
"GSM5695365_204088100053_R04C01","GSM5695389_204088100082_R06C01","NA_11","SFA_13","S","S",FALSE,0.180634044692537
"GSM5695365_204088100053_R04C01","GSM5695390_204273120066_R01C01","NA_11","SFA_13","S","U",FALSE,0.188316774293056
"GSM5695365_204088100053_R04C01","GSM5695391_204281260043_R02C01","NA_11","MFA_15","S","S",FALSE,-0.0814093286943536
"GSM5695365_204088100053_R04C01","GSM5695392_204273120073_R06C01","NA_11","MFA_15","S","U",FALSE,-0.100569794742657
"GSM5695366_204088100071_R06C01","GSM5695367_204281260061_R06C01","NA_11","SFA_9","U","S",FALSE,0.261714687025392
"GSM5695366_204088100071_R06C01","GSM5695368_204281260043_R05C01","NA_11","SFA_9","U","U",FALSE,0.268764609250549
"GSM5695366_204088100071_R06C01","GSM5695369_204273120066_R07C01","NA_11","SFA_10","U","S",FALSE,0.263623904089734
"GSM5695366_204088100071_R06C01","GSM5695370_204281260063_R07C01","NA_11","NA_12","U","S",FALSE,0.00404615689113234
"GSM5695366_204088100071_R06C01","GSM5695371_204281260061_R03C01","NA_11","NA_13","U","S",FALSE,0.23406766314894
"GSM5695366_204088100071_R06C01","GSM5695372_204273120073_R05C01","NA_11","NA_13","U","U",FALSE,0.238743494885052
"GSM5695366_204088100071_R06C01","GSM5695373_204281260043_R07C01","NA_11","SFA_11","U","S",FALSE,0.022748162738514
"GSM5695366_204088100071_R06C01","GSM5695374_204281260043_R03C01","NA_11","SFA_11","U","U",FALSE,-0.0128052997374682
"GSM5695366_204088100071_R06C01","GSM5695375_204088100071_R05C01","NA_11","NA_14","U","S",FALSE,0.295408977703957
"GSM5695366_204088100071_R06C01","GSM5695376_204281260063_R03C01","NA_11","NA_14","U","U",FALSE,0.290763985087195
"GSM5695366_204088100071_R06C01","GSM5695377_204273120073_R03C01","NA_11","NA_15","U","S",FALSE,0.158563857136842
"GSM5695366_204088100071_R06C01","GSM5695378_204273120068_R01C01","NA_11","NA_15","U","U",FALSE,0.17162066553937
"GSM5695366_204088100071_R06C01","GSM5695379_204088100071_R07C01","NA_11","MFA_13","U","S",FALSE,0.0794835530411699
"GSM5695366_204088100071_R06C01","GSM5695380_204273120068_R03C01","NA_11","MFA_13","U","U",FALSE,0.0753441800198255
"GSM5695366_204088100071_R06C01","GSM5695381_204273120066_R05C01","NA_11","NA_16","U","S",FALSE,0.0800171395320936
"GSM5695366_204088100071_R06C01","GSM5695382_204088100082_R03C01","NA_11","NA_16","U","U",FALSE,0.0979064762858277
"GSM5695366_204088100071_R06C01","GSM5695383_204281260043_R06C01","NA_11","MFA_14","U","S",FALSE,0.018100795608072
"GSM5695366_204088100071_R06C01","GSM5695384_204281260063_R06C01","NA_11","MFA_14","U","U",FALSE,0.018094001076898
"GSM5695366_204088100071_R06C01","GSM5695385_204281260063_R04C01","NA_11","SFA_12","U","S",FALSE,0.0776389031070098
"GSM5695366_204088100071_R06C01","GSM5695386_204273120074_R04C01","NA_11","SFA_12","U","U",FALSE,0.0968036177608754
"GSM5695366_204088100071_R06C01","GSM5695387_204273120073_R01C01","NA_11","NA_17","U","S",FALSE,0.131475575196483
"GSM5695366_204088100071_R06C01","GSM5695388_204281260063_R05C01","NA_11","NA_17","U","U",FALSE,0.138892425604755
"GSM5695366_204088100071_R06C01","GSM5695389_204088100082_R06C01","NA_11","SFA_13","U","S",FALSE,0.176608472652016
"GSM5695366_204088100071_R06C01","GSM5695390_204273120066_R01C01","NA_11","SFA_13","U","U",FALSE,0.184209916116905
"GSM5695366_204088100071_R06C01","GSM5695391_204281260043_R02C01","NA_11","MFA_15","U","S",FALSE,-0.0838449664647411
"GSM5695366_204088100071_R06C01","GSM5695392_204273120073_R06C01","NA_11","MFA_15","U","U",FALSE,-0.1056950179463
"GSM5695367_204281260061_R06C01","GSM5695368_204281260043_R05C01","SFA_9","SFA_9","S","U",TRUE,0.996045670804986
"GSM5695367_204281260061_R06C01","GSM5695369_204273120066_R07C01","SFA_9","SFA_10","S","S",FALSE,0.143580548452689
"GSM5695367_204281260061_R06C01","GSM5695370_204281260063_R07C01","SFA_9","NA_12","S","S",FALSE,0.214497537961576
"GSM5695367_204281260061_R06C01","GSM5695371_204281260061_R03C01","SFA_9","NA_13","S","S",FALSE,0.280264043736058
"GSM5695367_204281260061_R06C01","GSM5695372_204273120073_R05C01","SFA_9","NA_13","S","U",FALSE,0.277513662425212
"GSM5695367_204281260061_R06C01","GSM5695373_204281260043_R07C01","SFA_9","SFA_11","S","S",FALSE,0.127364278515299
"GSM5695367_204281260061_R06C01","GSM5695374_204281260043_R03C01","SFA_9","SFA_11","S","U",FALSE,0.10906171833557
"GSM5695367_204281260061_R06C01","GSM5695375_204088100071_R05C01","SFA_9","NA_14","S","S",FALSE,0.0617811654040004
"GSM5695367_204281260061_R06C01","GSM5695376_204281260063_R03C01","SFA_9","NA_14","S","U",FALSE,0.059359601600566
"GSM5695367_204281260061_R06C01","GSM5695377_204273120073_R03C01","SFA_9","NA_15","S","S",FALSE,0.105928797631641
"GSM5695367_204281260061_R06C01","GSM5695378_204273120068_R01C01","SFA_9","NA_15","S","U",FALSE,0.108942988900367
"GSM5695367_204281260061_R06C01","GSM5695379_204088100071_R07C01","SFA_9","MFA_13","S","S",FALSE,0.140697575368138
"GSM5695367_204281260061_R06C01","GSM5695380_204273120068_R03C01","SFA_9","MFA_13","S","U",FALSE,0.119134116931137
"GSM5695367_204281260061_R06C01","GSM5695381_204273120066_R05C01","SFA_9","NA_16","S","S",FALSE,0.145272030472863
"GSM5695367_204281260061_R06C01","GSM5695382_204088100082_R03C01","SFA_9","NA_16","S","U",FALSE,0.142294361338336
"GSM5695367_204281260061_R06C01","GSM5695383_204281260043_R06C01","SFA_9","MFA_14","S","S",FALSE,0.104973531877816
"GSM5695367_204281260061_R06C01","GSM5695384_204281260063_R06C01","SFA_9","MFA_14","S","U",FALSE,0.10268467288961
"GSM5695367_204281260061_R06C01","GSM5695385_204281260063_R04C01","SFA_9","SFA_12","S","S",FALSE,0.13269500000955
"GSM5695367_204281260061_R06C01","GSM5695386_204273120074_R04C01","SFA_9","SFA_12","S","U",FALSE,0.141324271946432
"GSM5695367_204281260061_R06C01","GSM5695387_204273120073_R01C01","SFA_9","NA_17","S","S",FALSE,0.105633566846628
"GSM5695367_204281260061_R06C01","GSM5695388_204281260063_R05C01","SFA_9","NA_17","S","U",FALSE,0.114426816669626
"GSM5695367_204281260061_R06C01","GSM5695389_204088100082_R06C01","SFA_9","SFA_13","S","S",FALSE,0.141610680061001
"GSM5695367_204281260061_R06C01","GSM5695390_204273120066_R01C01","SFA_9","SFA_13","S","U",FALSE,0.138846631774575
"GSM5695367_204281260061_R06C01","GSM5695391_204281260043_R02C01","SFA_9","MFA_15","S","S",FALSE,0.125619333525067
"GSM5695367_204281260061_R06C01","GSM5695392_204273120073_R06C01","SFA_9","MFA_15","S","U",FALSE,0.100947977605978
"GSM5695368_204281260043_R05C01","GSM5695369_204273120066_R07C01","SFA_9","SFA_10","U","S",FALSE,0.158128454839164
"GSM5695368_204281260043_R05C01","GSM5695370_204281260063_R07C01","SFA_9","NA_12","U","S",FALSE,0.203159958773312
"GSM5695368_204281260043_R05C01","GSM5695371_204281260061_R03C01","SFA_9","NA_13","U","S",FALSE,0.26869508797726
"GSM5695368_204281260043_R05C01","GSM5695372_204273120073_R05C01","SFA_9","NA_13","U","U",FALSE,0.26403362909678
"GSM5695368_204281260043_R05C01","GSM5695373_204281260043_R07C01","SFA_9","SFA_11","U","S",FALSE,0.123903101073488
"GSM5695368_204281260043_R05C01","GSM5695374_204281260043_R03C01","SFA_9","SFA_11","U","U",FALSE,0.105799672378665
"GSM5695368_204281260043_R05C01","GSM5695375_204088100071_R05C01","SFA_9","NA_14","U","S",FALSE,0.0648815026411412
"GSM5695368_204281260043_R05C01","GSM5695376_204281260063_R03C01","SFA_9","NA_14","U","U",FALSE,0.0641949185562952
"GSM5695368_204281260043_R05C01","GSM5695377_204273120073_R03C01","SFA_9","NA_15","U","S",FALSE,0.0976106061548291
"GSM5695368_204281260043_R05C01","GSM5695378_204273120068_R01C01","SFA_9","NA_15","U","U",FALSE,0.0986086965186329
"GSM5695368_204281260043_R05C01","GSM5695379_204088100071_R07C01","SFA_9","MFA_13","U","S",FALSE,0.135221660747023
"GSM5695368_204281260043_R05C01","GSM5695380_204273120068_R03C01","SFA_9","MFA_13","U","U",FALSE,0.115475819145159
"GSM5695368_204281260043_R05C01","GSM5695381_204273120066_R05C01","SFA_9","NA_16","U","S",FALSE,0.136354266290231
"GSM5695368_204281260043_R05C01","GSM5695382_204088100082_R03C01","SFA_9","NA_16","U","U",FALSE,0.134658877007972
"GSM5695368_204281260043_R05C01","GSM5695383_204281260043_R06C01","SFA_9","MFA_14","U","S",FALSE,0.0953546956018196
"GSM5695368_204281260043_R05C01","GSM5695384_204281260063_R06C01","SFA_9","MFA_14","U","U",FALSE,0.0929314008951174
"GSM5695368_204281260043_R05C01","GSM5695385_204281260063_R04C01","SFA_9","SFA_12","U","S",FALSE,0.132559827416803
"GSM5695368_204281260043_R05C01","GSM5695386_204273120074_R04C01","SFA_9","SFA_12","U","U",FALSE,0.141231750656587
"GSM5695368_204281260043_R05C01","GSM5695387_204273120073_R01C01","SFA_9","NA_17","U","S",FALSE,0.118152865670848
"GSM5695368_204281260043_R05C01","GSM5695388_204281260063_R05C01","SFA_9","NA_17","U","U",FALSE,0.127242777480939
"GSM5695368_204281260043_R05C01","GSM5695389_204088100082_R06C01","SFA_9","SFA_13","U","S",FALSE,0.152942484878335
"GSM5695368_204281260043_R05C01","GSM5695390_204273120066_R01C01","SFA_9","SFA_13","U","U",FALSE,0.148384416897323
"GSM5695368_204281260043_R05C01","GSM5695391_204281260043_R02C01","SFA_9","MFA_15","U","S",FALSE,0.123062360275673
"GSM5695368_204281260043_R05C01","GSM5695392_204273120073_R06C01","SFA_9","MFA_15","U","U",FALSE,0.0971171211535967
"GSM5695369_204273120066_R07C01","GSM5695370_204281260063_R07C01","SFA_10","NA_12","S","S",FALSE,-0.0183925425378823
"GSM5695369_204273120066_R07C01","GSM5695371_204281260061_R03C01","SFA_10","NA_13","S","S",FALSE,0.232045937744603
"GSM5695369_204273120066_R07C01","GSM5695372_204273120073_R05C01","SFA_10","NA_13","S","U",FALSE,0.232212806468234
"GSM5695369_204273120066_R07C01","GSM5695373_204281260043_R07C01","SFA_10","SFA_11","S","S",FALSE,0.241301650736463
"GSM5695369_204273120066_R07C01","GSM5695374_204281260043_R03C01","SFA_10","SFA_11","S","U",FALSE,0.217278358133541
"GSM5695369_204273120066_R07C01","GSM5695375_204088100071_R05C01","SFA_10","NA_14","S","S",FALSE,0.0528589660277638
"GSM5695369_204273120066_R07C01","GSM5695376_204281260063_R03C01","SFA_10","NA_14","S","U",FALSE,0.0657128982007552
"GSM5695369_204273120066_R07C01","GSM5695377_204273120073_R03C01","SFA_10","NA_15","S","S",FALSE,-0.110806139737236
"GSM5695369_204273120066_R07C01","GSM5695378_204273120068_R01C01","SFA_10","NA_15","S","U",FALSE,-0.104012581291865
"GSM5695369_204273120066_R07C01","GSM5695379_204088100071_R07C01","SFA_10","MFA_13","S","S",FALSE,0.228567276768464
"GSM5695369_204273120066_R07C01","GSM5695380_204273120068_R03C01","SFA_10","MFA_13","S","U",FALSE,0.255203574900976
"GSM5695369_204273120066_R07C01","GSM5695381_204273120066_R05C01","SFA_10","NA_16","S","S",FALSE,0.236718429501569
"GSM5695369_204273120066_R07C01","GSM5695382_204088100082_R03C01","SFA_10","NA_16","S","U",FALSE,0.199248946779338
"GSM5695369_204273120066_R07C01","GSM5695383_204281260043_R06C01","SFA_10","MFA_14","S","S",FALSE,0.079577674478521
"GSM5695369_204273120066_R07C01","GSM5695384_204281260063_R06C01","SFA_10","MFA_14","S","U",FALSE,0.0714743449138776
"GSM5695369_204273120066_R07C01","GSM5695385_204281260063_R04C01","SFA_10","SFA_12","S","S",FALSE,0.0952605495598862
"GSM5695369_204273120066_R07C01","GSM5695386_204273120074_R04C01","SFA_10","SFA_12","S","U",FALSE,0.11141306031292
"GSM5695369_204273120066_R07C01","GSM5695387_204273120073_R01C01","SFA_10","NA_17","S","S",FALSE,0.0175660204931986
"GSM5695369_204273120066_R07C01","GSM5695388_204281260063_R05C01","SFA_10","NA_17","S","U",FALSE,0.020737827283573
"GSM5695369_204273120066_R07C01","GSM5695389_204088100082_R06C01","SFA_10","SFA_13","S","S",FALSE,0.0311698050432313
"GSM5695369_204273120066_R07C01","GSM5695390_204273120066_R01C01","SFA_10","SFA_13","S","U",FALSE,0.0440427082451845
"GSM5695369_204273120066_R07C01","GSM5695391_204281260043_R02C01","SFA_10","MFA_15","S","S",FALSE,0.135742470031072
"GSM5695369_204273120066_R07C01","GSM5695392_204273120073_R06C01","SFA_10","MFA_15","S","U",FALSE,0.165023088412362
"GSM5695370_204281260063_R07C01","GSM5695371_204281260061_R03C01","NA_12","NA_13","S","S",FALSE,0.281128043214093
"GSM5695370_204281260063_R07C01","GSM5695372_204273120073_R05C01","NA_12","NA_13","S","U",FALSE,0.2726715942399
"GSM5695370_204281260063_R07C01","GSM5695373_204281260043_R07C01","NA_12","SFA_11","S","S",FALSE,0.227720396797031
"GSM5695370_204281260063_R07C01","GSM5695374_204281260043_R03C01","NA_12","SFA_11","S","U",FALSE,0.230481877651242
"GSM5695370_204281260063_R07C01","GSM5695375_204088100071_R05C01","NA_12","NA_14","S","S",FALSE,0.100471629041802
"GSM5695370_204281260063_R07C01","GSM5695376_204281260063_R03C01","NA_12","NA_14","S","U",FALSE,0.0700111361533052
"GSM5695370_204281260063_R07C01","GSM5695377_204273120073_R03C01","NA_12","NA_15","S","S",FALSE,0.258087905585473
"GSM5695370_204281260063_R07C01","GSM5695378_204273120068_R01C01","NA_12","NA_15","S","U",FALSE,0.266314692574636
"GSM5695370_204281260063_R07C01","GSM5695379_204088100071_R07C01","NA_12","MFA_13","S","S",FALSE,0.169195018203185
"GSM5695370_204281260063_R07C01","GSM5695380_204273120068_R03C01","NA_12","MFA_13","S","U",FALSE,0.168623448029107
"GSM5695370_204281260063_R07C01","GSM5695381_204273120066_R05C01","NA_12","NA_16","S","S",FALSE,0.0571005330142688
"GSM5695370_204281260063_R07C01","GSM5695382_204088100082_R03C01","NA_12","NA_16","S","U",FALSE,0.0631476756246133
"GSM5695370_204281260063_R07C01","GSM5695383_204281260043_R06C01","NA_12","MFA_14","S","S",FALSE,0.242691914802532
"GSM5695370_204281260063_R07C01","GSM5695384_204281260063_R06C01","NA_12","MFA_14","S","U",FALSE,0.263313569504739
"GSM5695370_204281260063_R07C01","GSM5695385_204281260063_R04C01","NA_12","SFA_12","S","S",FALSE,0.0797842855127781
"GSM5695370_204281260063_R07C01","GSM5695386_204273120074_R04C01","NA_12","SFA_12","S","U",FALSE,0.0921260827074032
"GSM5695370_204281260063_R07C01","GSM5695387_204273120073_R01C01","NA_12","NA_17","S","S",FALSE,0.353282213265191
"GSM5695370_204281260063_R07C01","GSM5695388_204281260063_R05C01","NA_12","NA_17","S","U",FALSE,0.34664768971092
"GSM5695370_204281260063_R07C01","GSM5695389_204088100082_R06C01","NA_12","SFA_13","S","S",FALSE,0.3307966151518
"GSM5695370_204281260063_R07C01","GSM5695390_204273120066_R01C01","NA_12","SFA_13","S","U",FALSE,0.359052182413001
"GSM5695370_204281260063_R07C01","GSM5695391_204281260043_R02C01","NA_12","MFA_15","S","S",FALSE,0.120693671288982
"GSM5695370_204281260063_R07C01","GSM5695392_204273120073_R06C01","NA_12","MFA_15","S","U",FALSE,0.100331441870499
"GSM5695371_204281260061_R03C01","GSM5695372_204273120073_R05C01","NA_13","NA_13","S","U",TRUE,0.997195139017411
"GSM5695371_204281260061_R03C01","GSM5695373_204281260043_R07C01","NA_13","SFA_11","S","S",FALSE,0.100437107041688
"GSM5695371_204281260061_R03C01","GSM5695374_204281260043_R03C01","NA_13","SFA_11","S","U",FALSE,0.056085257923875
"GSM5695371_204281260061_R03C01","GSM5695375_204088100071_R05C01","NA_13","NA_14","S","S",FALSE,-0.0153368869384937
"GSM5695371_204281260061_R03C01","GSM5695376_204281260063_R03C01","NA_13","NA_14","S","U",FALSE,-0.0168108630054161
"GSM5695371_204281260061_R03C01","GSM5695377_204273120073_R03C01","NA_13","NA_15","S","S",FALSE,0.100523436024525
"GSM5695371_204281260061_R03C01","GSM5695378_204273120068_R01C01","NA_13","NA_15","S","U",FALSE,0.108613086433601
"GSM5695371_204281260061_R03C01","GSM5695379_204088100071_R07C01","NA_13","MFA_13","S","S",FALSE,0.050409748939884
"GSM5695371_204281260061_R03C01","GSM5695380_204273120068_R03C01","NA_13","MFA_13","S","U",FALSE,0.0523128000777717
"GSM5695371_204281260061_R03C01","GSM5695381_204273120066_R05C01","NA_13","NA_16","S","S",FALSE,0.306907594550369
"GSM5695371_204281260061_R03C01","GSM5695382_204088100082_R03C01","NA_13","NA_16","S","U",FALSE,0.288699198097145
"GSM5695371_204281260061_R03C01","GSM5695383_204281260043_R06C01","NA_13","MFA_14","S","S",FALSE,0.305615053519045
"GSM5695371_204281260061_R03C01","GSM5695384_204281260063_R06C01","NA_13","MFA_14","S","U",FALSE,0.324789087835712
"GSM5695371_204281260061_R03C01","GSM5695385_204281260063_R04C01","NA_13","SFA_12","S","S",FALSE,0.240693830955088
"GSM5695371_204281260061_R03C01","GSM5695386_204273120074_R04C01","NA_13","SFA_12","S","U",FALSE,0.221734917923686
"GSM5695371_204281260061_R03C01","GSM5695387_204273120073_R01C01","NA_13","NA_17","S","S",FALSE,0.0658397242105876
"GSM5695371_204281260061_R03C01","GSM5695388_204281260063_R05C01","NA_13","NA_17","S","U",FALSE,0.097904636703408
"GSM5695371_204281260061_R03C01","GSM5695389_204088100082_R06C01","NA_13","SFA_13","S","S",FALSE,0.130797753594635
"GSM5695371_204281260061_R03C01","GSM5695390_204273120066_R01C01","NA_13","SFA_13","S","U",FALSE,0.135092016900136
"GSM5695371_204281260061_R03C01","GSM5695391_204281260043_R02C01","NA_13","MFA_15","S","S",FALSE,0.107364156988307
"GSM5695371_204281260061_R03C01","GSM5695392_204273120073_R06C01","NA_13","MFA_15","S","U",FALSE,0.0879715341723327
"GSM5695372_204273120073_R05C01","GSM5695373_204281260043_R07C01","NA_13","SFA_11","U","S",FALSE,0.107131878435454
"GSM5695372_204273120073_R05C01","GSM5695374_204281260043_R03C01","NA_13","SFA_11","U","U",FALSE,0.0610082719600052
"GSM5695372_204273120073_R05C01","GSM5695375_204088100071_R05C01","NA_13","NA_14","U","S",FALSE,-0.0176398436684682
"GSM5695372_204273120073_R05C01","GSM5695376_204281260063_R03C01","NA_13","NA_14","U","U",FALSE,-0.0183762186552402
"GSM5695372_204273120073_R05C01","GSM5695377_204273120073_R03C01","NA_13","NA_15","U","S",FALSE,0.0969712919457383
"GSM5695372_204273120073_R05C01","GSM5695378_204273120068_R01C01","NA_13","NA_15","U","U",FALSE,0.105936160155412
"GSM5695372_204273120073_R05C01","GSM5695379_204088100071_R07C01","NA_13","MFA_13","U","S",FALSE,0.0556842985430146
"GSM5695372_204273120073_R05C01","GSM5695380_204273120068_R03C01","NA_13","MFA_13","U","U",FALSE,0.0576600550917455
"GSM5695372_204273120073_R05C01","GSM5695381_204273120066_R05C01","NA_13","NA_16","U","S",FALSE,0.305661823466908
"GSM5695372_204273120073_R05C01","GSM5695382_204088100082_R03C01","NA_13","NA_16","U","U",FALSE,0.287321440262118
"GSM5695372_204273120073_R05C01","GSM5695383_204281260043_R06C01","NA_13","MFA_14","U","S",FALSE,0.286253900695279
"GSM5695372_204273120073_R05C01","GSM5695384_204281260063_R06C01","NA_13","MFA_14","U","U",FALSE,0.305789643580236
"GSM5695372_204273120073_R05C01","GSM5695385_204281260063_R04C01","NA_13","SFA_12","U","S",FALSE,0.234326680406651
"GSM5695372_204273120073_R05C01","GSM5695386_204273120074_R04C01","NA_13","SFA_12","U","U",FALSE,0.214554085174542
"GSM5695372_204273120073_R05C01","GSM5695387_204273120073_R01C01","NA_13","NA_17","U","S",FALSE,0.0549851257763497
"GSM5695372_204273120073_R05C01","GSM5695388_204281260063_R05C01","NA_13","NA_17","U","U",FALSE,0.0889969657973057
"GSM5695372_204273120073_R05C01","GSM5695389_204088100082_R06C01","NA_13","SFA_13","U","S",FALSE,0.132560352023043
"GSM5695372_204273120073_R05C01","GSM5695390_204273120066_R01C01","NA_13","SFA_13","U","U",FALSE,0.135828002379919
"GSM5695372_204273120073_R05C01","GSM5695391_204281260043_R02C01","NA_13","MFA_15","U","S",FALSE,0.104870443459914
"GSM5695372_204273120073_R05C01","GSM5695392_204273120073_R06C01","NA_13","MFA_15","U","U",FALSE,0.0873954586205849
"GSM5695373_204281260043_R07C01","GSM5695374_204281260043_R03C01","SFA_11","SFA_11","S","U",TRUE,0.992706597006192
"GSM5695373_204281260043_R07C01","GSM5695375_204088100071_R05C01","SFA_11","NA_14","S","S",FALSE,0.224557049206431
"GSM5695373_204281260043_R07C01","GSM5695376_204281260063_R03C01","SFA_11","NA_14","S","U",FALSE,0.189921459142346
"GSM5695373_204281260043_R07C01","GSM5695377_204273120073_R03C01","SFA_11","NA_15","S","S",FALSE,0.144834617448549
"GSM5695373_204281260043_R07C01","GSM5695378_204273120068_R01C01","SFA_11","NA_15","S","U",FALSE,0.157654259525556
"GSM5695373_204281260043_R07C01","GSM5695379_204088100071_R07C01","SFA_11","MFA_13","S","S",FALSE,0.377799997276313
"GSM5695373_204281260043_R07C01","GSM5695380_204273120068_R03C01","SFA_11","MFA_13","S","U",FALSE,0.398124731205736
"GSM5695373_204281260043_R07C01","GSM5695381_204273120066_R05C01","SFA_11","NA_16","S","S",FALSE,0.0442830302680368
"GSM5695373_204281260043_R07C01","GSM5695382_204088100082_R03C01","SFA_11","NA_16","S","U",FALSE,0.0482712130307139
"GSM5695373_204281260043_R07C01","GSM5695383_204281260043_R06C01","SFA_11","MFA_14","S","S",FALSE,0.402290681542569
"GSM5695373_204281260043_R07C01","GSM5695384_204281260063_R06C01","SFA_11","MFA_14","S","U",FALSE,0.398744107441282
"GSM5695373_204281260043_R07C01","GSM5695385_204281260063_R04C01","SFA_11","SFA_12","S","S",FALSE,0.112217173097891
"GSM5695373_204281260043_R07C01","GSM5695386_204273120074_R04C01","SFA_11","SFA_12","S","U",FALSE,0.12953008973668
"GSM5695373_204281260043_R07C01","GSM5695387_204273120073_R01C01","SFA_11","NA_17","S","S",FALSE,0.0761777084511035
"GSM5695373_204281260043_R07C01","GSM5695388_204281260063_R05C01","SFA_11","NA_17","S","U",FALSE,0.0734237109097589
"GSM5695373_204281260043_R07C01","GSM5695389_204088100082_R06C01","SFA_11","SFA_13","S","S",FALSE,0.174186481398342
"GSM5695373_204281260043_R07C01","GSM5695390_204273120066_R01C01","SFA_11","SFA_13","S","U",FALSE,0.184375248253016
"GSM5695373_204281260043_R07C01","GSM5695391_204281260043_R02C01","SFA_11","MFA_15","S","S",FALSE,0.346457779090221
"GSM5695373_204281260043_R07C01","GSM5695392_204273120073_R06C01","SFA_11","MFA_15","S","U",FALSE,0.349996657930796
"GSM5695374_204281260043_R03C01","GSM5695375_204088100071_R05C01","SFA_11","NA_14","U","S",FALSE,0.222359901950351
"GSM5695374_204281260043_R03C01","GSM5695376_204281260063_R03C01","SFA_11","NA_14","U","U",FALSE,0.186070424538946
"GSM5695374_204281260043_R03C01","GSM5695377_204273120073_R03C01","SFA_11","NA_15","U","S",FALSE,0.139446528689833
"GSM5695374_204281260043_R03C01","GSM5695378_204273120068_R01C01","SFA_11","NA_15","U","U",FALSE,0.150403353338134
"GSM5695374_204281260043_R03C01","GSM5695379_204088100071_R07C01","SFA_11","MFA_13","U","S",FALSE,0.374398128079811
"GSM5695374_204281260043_R03C01","GSM5695380_204273120068_R03C01","SFA_11","MFA_13","U","U",FALSE,0.394906743015864
"GSM5695374_204281260043_R03C01","GSM5695381_204273120066_R05C01","SFA_11","NA_16","U","S",FALSE,0.0335336620728422
"GSM5695374_204281260043_R03C01","GSM5695382_204088100082_R03C01","SFA_11","NA_16","U","U",FALSE,0.0377963402807809
"GSM5695374_204281260043_R03C01","GSM5695383_204281260043_R06C01","SFA_11","MFA_14","U","S",FALSE,0.392753645128262
"GSM5695374_204281260043_R03C01","GSM5695384_204281260063_R06C01","SFA_11","MFA_14","U","U",FALSE,0.386848842210847
"GSM5695374_204281260043_R03C01","GSM5695385_204281260063_R04C01","SFA_11","SFA_12","U","S",FALSE,0.101142834636804
"GSM5695374_204281260043_R03C01","GSM5695386_204273120074_R04C01","SFA_11","SFA_12","U","U",FALSE,0.121140879188095
"GSM5695374_204281260043_R03C01","GSM5695387_204273120073_R01C01","SFA_11","NA_17","U","S",FALSE,0.0763027273165706
"GSM5695374_204281260043_R03C01","GSM5695388_204281260063_R05C01","SFA_11","NA_17","U","U",FALSE,0.0714887534668816
"GSM5695374_204281260043_R03C01","GSM5695389_204088100082_R06C01","SFA_11","SFA_13","U","S",FALSE,0.178178898783437
"GSM5695374_204281260043_R03C01","GSM5695390_204273120066_R01C01","SFA_11","SFA_13","U","U",FALSE,0.189099781169183
"GSM5695374_204281260043_R03C01","GSM5695391_204281260043_R02C01","SFA_11","MFA_15","U","S",FALSE,0.345805701680415
"GSM5695374_204281260043_R03C01","GSM5695392_204273120073_R06C01","SFA_11","MFA_15","U","U",FALSE,0.35112186540652
"GSM5695375_204088100071_R05C01","GSM5695376_204281260063_R03C01","NA_14","NA_14","S","U",TRUE,0.991039194302806
"GSM5695375_204088100071_R05C01","GSM5695377_204273120073_R03C01","NA_14","NA_15","S","S",FALSE,0.252177891072646
"GSM5695375_204088100071_R05C01","GSM5695378_204273120068_R01C01","NA_14","NA_15","S","U",FALSE,0.256057098961267
"GSM5695375_204088100071_R05C01","GSM5695379_204088100071_R07C01","NA_14","MFA_13","S","S",FALSE,0.121885122069214
"GSM5695375_204088100071_R05C01","GSM5695380_204273120068_R03C01","NA_14","MFA_13","S","U",FALSE,0.103824245059132
"GSM5695375_204088100071_R05C01","GSM5695381_204273120066_R05C01","NA_14","NA_16","S","S",FALSE,-0.186622616034628
"GSM5695375_204088100071_R05C01","GSM5695382_204088100082_R03C01","NA_14","NA_16","S","U",FALSE,-0.188565159597761
"GSM5695375_204088100071_R05C01","GSM5695383_204281260043_R06C01","NA_14","MFA_14","S","S",FALSE,0.116166640620233
"GSM5695375_204088100071_R05C01","GSM5695384_204281260063_R06C01","NA_14","MFA_14","S","U",FALSE,0.100227888440218
"GSM5695375_204088100071_R05C01","GSM5695385_204281260063_R04C01","NA_14","SFA_12","S","S",FALSE,0.0169366479630169
"GSM5695375_204088100071_R05C01","GSM5695386_204273120074_R04C01","NA_14","SFA_12","S","U",FALSE,0.038918271990721
"GSM5695375_204088100071_R05C01","GSM5695387_204273120073_R01C01","NA_14","NA_17","S","S",FALSE,0.304115824525257
"GSM5695375_204088100071_R05C01","GSM5695388_204281260063_R05C01","NA_14","NA_17","S","U",FALSE,0.295377464218824
"GSM5695375_204088100071_R05C01","GSM5695389_204088100082_R06C01","NA_14","SFA_13","S","S",FALSE,0.306702586533093
"GSM5695375_204088100071_R05C01","GSM5695390_204273120066_R01C01","NA_14","SFA_13","S","U",FALSE,0.302075805054955
"GSM5695375_204088100071_R05C01","GSM5695391_204281260043_R02C01","NA_14","MFA_15","S","S",FALSE,0.317611147666129
"GSM5695375_204088100071_R05C01","GSM5695392_204273120073_R06C01","NA_14","MFA_15","S","U",FALSE,0.323532063796288
"GSM5695376_204281260063_R03C01","GSM5695377_204273120073_R03C01","NA_14","NA_15","U","S",FALSE,0.24569597518755
"GSM5695376_204281260063_R03C01","GSM5695378_204273120068_R01C01","NA_14","NA_15","U","U",FALSE,0.248891405209137
"GSM5695376_204281260063_R03C01","GSM5695379_204088100071_R07C01","NA_14","MFA_13","U","S",FALSE,0.126490308106487
"GSM5695376_204281260063_R03C01","GSM5695380_204273120068_R03C01","NA_14","MFA_13","U","U",FALSE,0.109695086112083
"GSM5695376_204281260063_R03C01","GSM5695381_204273120066_R05C01","NA_14","NA_16","U","S",FALSE,-0.192296673754259
"GSM5695376_204281260063_R03C01","GSM5695382_204088100082_R03C01","NA_14","NA_16","U","U",FALSE,-0.197895050757352
"GSM5695376_204281260063_R03C01","GSM5695383_204281260043_R06C01","NA_14","MFA_14","U","S",FALSE,0.0966963603676049
"GSM5695376_204281260063_R03C01","GSM5695384_204281260063_R06C01","NA_14","MFA_14","U","U",FALSE,0.0811839962030758
"GSM5695376_204281260063_R03C01","GSM5695385_204281260063_R04C01","NA_14","SFA_12","U","S",FALSE,0.024020034950113
"GSM5695376_204281260063_R03C01","GSM5695386_204273120074_R04C01","NA_14","SFA_12","U","U",FALSE,0.0429228110256186
"GSM5695376_204281260063_R03C01","GSM5695387_204273120073_R01C01","NA_14","NA_17","U","S",FALSE,0.252711216440743
"GSM5695376_204281260063_R03C01","GSM5695388_204281260063_R05C01","NA_14","NA_17","U","U",FALSE,0.247703127612575
"GSM5695376_204281260063_R03C01","GSM5695389_204088100082_R06C01","NA_14","SFA_13","U","S",FALSE,0.296684603656953
"GSM5695376_204281260063_R03C01","GSM5695390_204273120066_R01C01","NA_14","SFA_13","U","U",FALSE,0.292314927952168
"GSM5695376_204281260063_R03C01","GSM5695391_204281260043_R02C01","NA_14","MFA_15","U","S",FALSE,0.298674386034297
"GSM5695376_204281260063_R03C01","GSM5695392_204273120073_R06C01","NA_14","MFA_15","U","U",FALSE,0.306458619935874
"GSM5695377_204273120073_R03C01","GSM5695378_204273120068_R01C01","NA_15","NA_15","S","U",TRUE,0.996615157774148
"GSM5695377_204273120073_R03C01","GSM5695379_204088100071_R07C01","NA_15","MFA_13","S","S",FALSE,0.150504292886829
"GSM5695377_204273120073_R03C01","GSM5695380_204273120068_R03C01","NA_15","MFA_13","S","U",FALSE,0.120063602387855
"GSM5695377_204273120073_R03C01","GSM5695381_204273120066_R05C01","NA_15","NA_16","S","S",FALSE,0.00266036880365995
"GSM5695377_204273120073_R03C01","GSM5695382_204088100082_R03C01","NA_15","NA_16","S","U",FALSE,0.00657318995865807
"GSM5695377_204273120073_R03C01","GSM5695383_204281260043_R06C01","NA_15","MFA_14","S","S",FALSE,0.00844785796771414
"GSM5695377_204273120073_R03C01","GSM5695384_204281260063_R06C01","NA_15","MFA_14","S","U",FALSE,-0.00189022488481306
"GSM5695377_204273120073_R03C01","GSM5695385_204281260063_R04C01","NA_15","SFA_12","S","S",FALSE,-0.0644936806431047
"GSM5695377_204273120073_R03C01","GSM5695386_204273120074_R04C01","NA_15","SFA_12","S","U",FALSE,-0.0573418422342334
"GSM5695377_204273120073_R03C01","GSM5695387_204273120073_R01C01","NA_15","NA_17","S","S",FALSE,0.233310791295606
"GSM5695377_204273120073_R03C01","GSM5695388_204281260063_R05C01","NA_15","NA_17","S","U",FALSE,0.229553336891524
"GSM5695377_204273120073_R03C01","GSM5695389_204088100082_R06C01","NA_15","SFA_13","S","S",FALSE,0.256855791821086
"GSM5695377_204273120073_R03C01","GSM5695390_204273120066_R01C01","NA_15","SFA_13","S","U",FALSE,0.267517279982604
"GSM5695377_204273120073_R03C01","GSM5695391_204281260043_R02C01","NA_15","MFA_15","S","S",FALSE,0.261656207843828
"GSM5695377_204273120073_R03C01","GSM5695392_204273120073_R06C01","NA_15","MFA_15","S","U",FALSE,0.2617604133316
"GSM5695378_204273120068_R01C01","GSM5695379_204088100071_R07C01","NA_15","MFA_13","U","S",FALSE,0.157727994526168
"GSM5695378_204273120068_R01C01","GSM5695380_204273120068_R03C01","NA_15","MFA_13","U","U",FALSE,0.127118570463155
"GSM5695378_204273120068_R01C01","GSM5695381_204273120066_R05C01","NA_15","NA_16","U","S",FALSE,0.00156072386648878
"GSM5695378_204273120068_R01C01","GSM5695382_204088100082_R03C01","NA_15","NA_16","U","U",FALSE,0.00708840683925623
"GSM5695378_204273120068_R01C01","GSM5695383_204281260043_R06C01","NA_15","MFA_14","U","S",FALSE,0.0159281083561392
"GSM5695378_204273120068_R01C01","GSM5695384_204281260063_R06C01","NA_15","MFA_14","U","U",FALSE,0.00720966531838943
"GSM5695378_204273120068_R01C01","GSM5695385_204281260063_R04C01","NA_15","SFA_12","U","S",FALSE,-0.0589362102624384
"GSM5695378_204273120068_R01C01","GSM5695386_204273120074_R04C01","NA_15","SFA_12","U","U",FALSE,-0.0498047511531824
"GSM5695378_204273120068_R01C01","GSM5695387_204273120073_R01C01","NA_15","NA_17","U","S",FALSE,0.238714679007584
"GSM5695378_204273120068_R01C01","GSM5695388_204281260063_R05C01","NA_15","NA_17","U","U",FALSE,0.233538933420529
"GSM5695378_204273120068_R01C01","GSM5695389_204088100082_R06C01","NA_15","SFA_13","U","S",FALSE,0.267757104233776
"GSM5695378_204273120068_R01C01","GSM5695390_204273120066_R01C01","NA_15","SFA_13","U","U",FALSE,0.280639047948521
"GSM5695378_204273120068_R01C01","GSM5695391_204281260043_R02C01","NA_15","MFA_15","U","S",FALSE,0.262393593342619
"GSM5695378_204273120068_R01C01","GSM5695392_204273120073_R06C01","NA_15","MFA_15","U","U",FALSE,0.264146216539223
"GSM5695379_204088100071_R07C01","GSM5695380_204273120068_R03C01","MFA_13","MFA_13","S","U",TRUE,0.995258060031073
"GSM5695379_204088100071_R07C01","GSM5695381_204273120066_R05C01","MFA_13","NA_16","S","S",FALSE,0.188346074026958
"GSM5695379_204088100071_R07C01","GSM5695382_204088100082_R03C01","MFA_13","NA_16","S","U",FALSE,0.157987524205275
"GSM5695379_204088100071_R07C01","GSM5695383_204281260043_R06C01","MFA_13","MFA_14","S","S",FALSE,0.218229175677416
"GSM5695379_204088100071_R07C01","GSM5695384_204281260063_R06C01","MFA_13","MFA_14","S","U",FALSE,0.200148974764042
"GSM5695379_204088100071_R07C01","GSM5695385_204281260063_R04C01","MFA_13","SFA_12","S","S",FALSE,0.0764604617823634
"GSM5695379_204088100071_R07C01","GSM5695386_204273120074_R04C01","MFA_13","SFA_12","S","U",FALSE,0.0795736303714384
"GSM5695379_204088100071_R07C01","GSM5695387_204273120073_R01C01","MFA_13","NA_17","S","S",FALSE,0.102487643791136
"GSM5695379_204088100071_R07C01","GSM5695388_204281260063_R05C01","MFA_13","NA_17","S","U",FALSE,0.109324597805029
"GSM5695379_204088100071_R07C01","GSM5695389_204088100082_R06C01","MFA_13","SFA_13","S","S",FALSE,0.346423490724779
"GSM5695379_204088100071_R07C01","GSM5695390_204273120066_R01C01","MFA_13","SFA_13","S","U",FALSE,0.355853303517115
"GSM5695379_204088100071_R07C01","GSM5695391_204281260043_R02C01","MFA_13","MFA_15","S","S",FALSE,0.402268577874893
"GSM5695379_204088100071_R07C01","GSM5695392_204273120073_R06C01","MFA_13","MFA_15","S","U",FALSE,0.397454595431652
"GSM5695380_204273120068_R03C01","GSM5695381_204273120066_R05C01","MFA_13","NA_16","U","S",FALSE,0.194569311387236
"GSM5695380_204273120068_R03C01","GSM5695382_204088100082_R03C01","MFA_13","NA_16","U","U",FALSE,0.162669186029942
"GSM5695380_204273120068_R03C01","GSM5695383_204281260043_R06C01","MFA_13","MFA_14","U","S",FALSE,0.219553417072662
"GSM5695380_204273120068_R03C01","GSM5695384_204281260063_R06C01","MFA_13","MFA_14","U","U",FALSE,0.202310197578367
"GSM5695380_204273120068_R03C01","GSM5695385_204281260063_R04C01","MFA_13","SFA_12","U","S",FALSE,0.0660644912924977
"GSM5695380_204273120068_R03C01","GSM5695386_204273120074_R04C01","MFA_13","SFA_12","U","U",FALSE,0.0693757276837135
"GSM5695380_204273120068_R03C01","GSM5695387_204273120073_R01C01","MFA_13","NA_17","U","S",FALSE,0.0897552815986156
"GSM5695380_204273120068_R03C01","GSM5695388_204281260063_R05C01","MFA_13","NA_17","U","U",FALSE,0.0947790319251306
"GSM5695380_204273120068_R03C01","GSM5695389_204088100082_R06C01","MFA_13","SFA_13","U","S",FALSE,0.338073617289483
"GSM5695380_204273120068_R03C01","GSM5695390_204273120066_R01C01","MFA_13","SFA_13","U","U",FALSE,0.349785431293685
"GSM5695380_204273120068_R03C01","GSM5695391_204281260043_R02C01","MFA_13","MFA_15","U","S",FALSE,0.391208838821245
"GSM5695380_204273120068_R03C01","GSM5695392_204273120073_R06C01","MFA_13","MFA_15","U","U",FALSE,0.385422681299522
"GSM5695381_204273120066_R05C01","GSM5695382_204088100082_R03C01","NA_16","NA_16","S","U",TRUE,0.993296141504029
"GSM5695381_204273120066_R05C01","GSM5695383_204281260043_R06C01","NA_16","MFA_14","S","S",FALSE,0.0400291659685398
"GSM5695381_204273120066_R05C01","GSM5695384_204281260063_R06C01","NA_16","MFA_14","S","U",FALSE,0.0361746367112274
"GSM5695381_204273120066_R05C01","GSM5695385_204281260063_R04C01","NA_16","SFA_12","S","S",FALSE,-0.0604415111934702
"GSM5695381_204273120066_R05C01","GSM5695386_204273120074_R04C01","NA_16","SFA_12","S","U",FALSE,-0.0437970965318353
"GSM5695381_204273120066_R05C01","GSM5695387_204273120073_R01C01","NA_16","NA_17","S","S",FALSE,0.125593154646553
"GSM5695381_204273120066_R05C01","GSM5695388_204281260063_R05C01","NA_16","NA_17","S","U",FALSE,0.124506015494985
"GSM5695381_204273120066_R05C01","GSM5695389_204088100082_R06C01","NA_16","SFA_13","S","S",FALSE,-0.0180452221816527
"GSM5695381_204273120066_R05C01","GSM5695390_204273120066_R01C01","NA_16","SFA_13","S","U",FALSE,-0.0161502458252491
"GSM5695381_204273120066_R05C01","GSM5695391_204281260043_R02C01","NA_16","MFA_15","S","S",FALSE,-0.0187741942807323
"GSM5695381_204273120066_R05C01","GSM5695392_204273120073_R06C01","NA_16","MFA_15","S","U",FALSE,-0.00989382971612059
"GSM5695382_204088100082_R03C01","GSM5695383_204281260043_R06C01","NA_16","MFA_14","U","S",FALSE,0.0445287946902712
"GSM5695382_204088100082_R03C01","GSM5695384_204281260063_R06C01","NA_16","MFA_14","U","U",FALSE,0.0417454973767
"GSM5695382_204088100082_R03C01","GSM5695385_204281260063_R04C01","NA_16","SFA_12","U","S",FALSE,-0.0605581284129085
"GSM5695382_204088100082_R03C01","GSM5695386_204273120074_R04C01","NA_16","SFA_12","U","U",FALSE,-0.0434042633726391
"GSM5695382_204088100082_R03C01","GSM5695387_204273120073_R01C01","NA_16","NA_17","U","S",FALSE,0.143985991065011
"GSM5695382_204088100082_R03C01","GSM5695388_204281260063_R05C01","NA_16","NA_17","U","U",FALSE,0.142285826744496
"GSM5695382_204088100082_R03C01","GSM5695389_204088100082_R06C01","NA_16","SFA_13","U","S",FALSE,-0.0351469080596499
"GSM5695382_204088100082_R03C01","GSM5695390_204273120066_R01C01","NA_16","SFA_13","U","U",FALSE,-0.0329215900156073
"GSM5695382_204088100082_R03C01","GSM5695391_204281260043_R02C01","NA_16","MFA_15","U","S",FALSE,-0.0505228805985029
"GSM5695382_204088100082_R03C01","GSM5695392_204273120073_R06C01","NA_16","MFA_15","U","U",FALSE,-0.0445387386550533
"GSM5695383_204281260043_R06C01","GSM5695384_204281260063_R06C01","MFA_14","MFA_14","S","U",TRUE,0.995333940808777
"GSM5695383_204281260043_R06C01","GSM5695385_204281260063_R04C01","MFA_14","SFA_12","S","S",FALSE,0.331384483225577
"GSM5695383_204281260043_R06C01","GSM5695386_204273120074_R04C01","MFA_14","SFA_12","S","U",FALSE,0.313066425418377
"GSM5695383_204281260043_R06C01","GSM5695387_204273120073_R01C01","MFA_14","NA_17","S","S",FALSE,-0.0161581169127505
"GSM5695383_204281260043_R06C01","GSM5695388_204281260063_R05C01","MFA_14","NA_17","S","U",FALSE,-0.0148673746017717
"GSM5695383_204281260043_R06C01","GSM5695389_204088100082_R06C01","MFA_14","SFA_13","S","S",FALSE,0.168105696818988
"GSM5695383_204281260043_R06C01","GSM5695390_204273120066_R01C01","MFA_14","SFA_13","S","U",FALSE,0.165949350958922
"GSM5695383_204281260043_R06C01","GSM5695391_204281260043_R02C01","MFA_14","MFA_15","S","S",FALSE,0.274207093682437
"GSM5695383_204281260043_R06C01","GSM5695392_204273120073_R06C01","MFA_14","MFA_15","S","U",FALSE,0.253264156085183
"GSM5695384_204281260063_R06C01","GSM5695385_204281260063_R04C01","MFA_14","SFA_12","U","S",FALSE,0.357816838004672
"GSM5695384_204281260063_R06C01","GSM5695386_204273120074_R04C01","MFA_14","SFA_12","U","U",FALSE,0.339861203734275
"GSM5695384_204281260063_R06C01","GSM5695387_204273120073_R01C01","MFA_14","NA_17","U","S",FALSE,-0.0252091749934423
"GSM5695384_204281260063_R06C01","GSM5695388_204281260063_R05C01","MFA_14","NA_17","U","U",FALSE,-0.0241228813636357
"GSM5695384_204281260063_R06C01","GSM5695389_204088100082_R06C01","MFA_14","SFA_13","U","S",FALSE,0.171086647590317
"GSM5695384_204281260063_R06C01","GSM5695390_204273120066_R01C01","MFA_14","SFA_13","U","U",FALSE,0.171169175955098
"GSM5695384_204281260063_R06C01","GSM5695391_204281260043_R02C01","MFA_14","MFA_15","U","S",FALSE,0.263832660034846
"GSM5695384_204281260063_R06C01","GSM5695392_204273120073_R06C01","MFA_14","MFA_15","U","U",FALSE,0.24080924449583
"GSM5695385_204281260063_R04C01","GSM5695386_204273120074_R04C01","SFA_12","SFA_12","S","U",TRUE,0.994438448382672
"GSM5695385_204281260063_R04C01","GSM5695387_204273120073_R01C01","SFA_12","NA_17","S","S",FALSE,-0.0207969509287373
"GSM5695385_204281260063_R04C01","GSM5695388_204281260063_R05C01","SFA_12","NA_17","S","U",FALSE,-0.0163970702003054
"GSM5695385_204281260063_R04C01","GSM5695389_204088100082_R06C01","SFA_12","SFA_13","S","S",FALSE,0.265109250015683
"GSM5695385_204281260063_R04C01","GSM5695390_204273120066_R01C01","SFA_12","SFA_13","S","U",FALSE,0.258405058117386
"GSM5695385_204281260063_R04C01","GSM5695391_204281260043_R02C01","SFA_12","MFA_15","S","S",FALSE,0.296246175364884
"GSM5695385_204281260063_R04C01","GSM5695392_204273120073_R06C01","SFA_12","MFA_15","S","U",FALSE,0.274433930123725
"GSM5695386_204273120074_R04C01","GSM5695387_204273120073_R01C01","SFA_12","NA_17","U","S",FALSE,0.00379308532374967
"GSM5695386_204273120074_R04C01","GSM5695388_204281260063_R05C01","SFA_12","NA_17","U","U",FALSE,0.00563508659255667
"GSM5695386_204273120074_R04C01","GSM5695389_204088100082_R06C01","SFA_12","SFA_13","U","S",FALSE,0.268013309601571
"GSM5695386_204273120074_R04C01","GSM5695390_204273120066_R01C01","SFA_12","SFA_13","U","U",FALSE,0.261172344859721
"GSM5695386_204273120074_R04C01","GSM5695391_204281260043_R02C01","SFA_12","MFA_15","U","S",FALSE,0.304512129050591
"GSM5695386_204273120074_R04C01","GSM5695392_204273120073_R06C01","SFA_12","MFA_15","U","U",FALSE,0.286343839005689
"GSM5695387_204273120073_R01C01","GSM5695388_204281260063_R05C01","NA_17","NA_17","S","U",TRUE,0.99366512138568
"GSM5695387_204273120073_R01C01","GSM5695389_204088100082_R06C01","NA_17","SFA_13","S","S",FALSE,0.379483436872281
"GSM5695387_204273120073_R01C01","GSM5695390_204273120066_R01C01","NA_17","SFA_13","S","U",FALSE,0.391091458556681
"GSM5695387_204273120073_R01C01","GSM5695391_204281260043_R02C01","NA_17","MFA_15","S","S",FALSE,0.136548675851477
"GSM5695387_204273120073_R01C01","GSM5695392_204273120073_R06C01","NA_17","MFA_15","S","U",FALSE,0.116724027544836
"GSM5695388_204281260063_R05C01","GSM5695389_204088100082_R06C01","NA_17","SFA_13","U","S",FALSE,0.382668897301244
"GSM5695388_204281260063_R05C01","GSM5695390_204273120066_R01C01","NA_17","SFA_13","U","U",FALSE,0.390152963114069
"GSM5695388_204281260063_R05C01","GSM5695391_204281260043_R02C01","NA_17","MFA_15","U","S",FALSE,0.148186929534473
"GSM5695388_204281260063_R05C01","GSM5695392_204273120073_R06C01","NA_17","MFA_15","U","U",FALSE,0.12710640211426
"GSM5695389_204088100082_R06C01","GSM5695390_204273120066_R01C01","SFA_13","SFA_13","S","U",TRUE,0.99391384779618
"GSM5695389_204088100082_R06C01","GSM5695391_204281260043_R02C01","SFA_13","MFA_15","S","S",FALSE,0.351242853801099
"GSM5695389_204088100082_R06C01","GSM5695392_204273120073_R06C01","SFA_13","MFA_15","S","U",FALSE,0.330061477864008
"GSM5695390_204273120066_R01C01","GSM5695391_204281260043_R02C01","SFA_13","MFA_15","U","S",FALSE,0.335975119774357
"GSM5695390_204273120066_R01C01","GSM5695392_204273120073_R06C01","SFA_13","MFA_15","U","U",FALSE,0.31144471299555
"GSM5695391_204281260043_R02C01","GSM5695392_204273120073_R06C01","MFA_15","MFA_15","S","U",TRUE,0.989144859010491
